id,category,audience,series,caption,characters,images,alt_text,source_reply
G001,C01,public,Ask this,"Blood can collect slowly between the brain and the skull after a fall. The first signs often appear weeks later, when everyone has stopped thinking about the fall.

The name is chronic subdural haematoma. It is much more common in later life. In Switzerland in 2013, about 64 in every 100,000 people in their 80s were treated for it. Across all ages, the figure was about 8 in 100,000, so the rate in their 80s was about 8 times as high. Those figures count only people who had surgery.

The bleed can grow slowly, so problems come on over days to weeks. In a Swiss study of people treated for it, about 6 in 10 were unsteady or had falls, and about 5 in 10 had headache. Weakness or other one-sided signs, and slower or muddled thinking, each affected about 4 in 10. Some people became drowsy. In older people it can look like a stroke, or like dementia getting quickly worse. These were people treated in specialist units, so milder cases are under-represented.

About 6 in 10 people with this bleed have a recent knock to the head on record. The rest have none recorded, often because the knock seemed too small to mention or was forgotten.

Blood thinners (anticoagulants and aspirin-type medicines) make this bleed more likely. In a UK study, over 4 in 10 people treated for it were taking one. Please don't stop a blood thinner on your own: that decision weighs bleeding against clots, and is one to make with your doctor.

A brain scan shows it. When it causes symptoms, it is often treatable, usually by draining it through small holes in the skull. A newer procedure blocks the artery feeding the membrane around the bleed. It is usually added to drainage. In two of three large trials published in 2024, adding it meant the bleed was less likely to come back, or to need more treatment. The third did not show a clear difference. Longer-term safety is still being studied. Not everyone needs an operation, and outcomes are poorer in the oldest patients.

If new unsteadiness, headache, drowsiness, weakness or slower thinking appears in the weeks after a fall, tell the doctor about the fall. Mention it even if it seemed too minor. Ask whether a brain scan is needed. Sudden or severe symptoms need emergency help, not a routine appointment.",2252,G001.png,"Illustrative timeline. An older woman sits on her kitchen floor after a fall, hand to her forehead. Weeks later she is tired rising from her armchair: new unsteadiness, headache, one-sided weakness, muddled thinking or drowsiness. At the GP with her son: mention the fall, ask about a scan. A head diagram shows a slow bleed between brain and skull. Often treatable; sudden or severe: emergency help.",Sources: https://doi.org/10.1007/s13670-016-0166-9 (review) https://doi.org/10.3389/fneur.2023.1206996 (Swiss cohort) https://pubmed.ncbi.nlm.nih.gov/28306417/ (UK cohort) https://doi.org/10.1093/ageing/afad240 (Age and Ageing review) https://doi.org/10.1056/NEJMoa2313472 https://doi.org/10.1056/NEJMoa2409845 https://doi.org/10.1056/NEJMoa2401201 (2024 embolisation trials)
G002,C01,both,Weighing it up,"Look down at a kerb through bifocals or varifocals and you are looking through the lower, reading part of the lens. That part blurs things at walking distance. In laboratory tests, older people who wore these glasses judged depth and saw edges less well through that part of the lens.

A separate pair of distance glasses for walking outside sounds like an easy way to prevent falls. The VISIBLE trial in Australia tested it in 606 people with an average age of 80. All wore multifocals outdoors and were at raised risk of falling. Half were given single-lens distance glasses and advice; half had usual care.

Overall, the trial did not show a clear difference. Over 13 months there were about 1.5 falls per person with distance glasses and 1.7 with usual care. That gap could have been chance.

Before the trial, the researchers had planned to compare people by how much they went out.

1. People who went out a lot had fewer falls with distance glasses: about 1.3 per person over 13 months, against 2.2 with usual care. Outdoor falls and falls causing injury were also lower.
2. People who rarely went out had more falls outside the home with distance glasses: about 0.9 per person, against 0.6.

These are subgroups of one trial, not a settled answer. Only about half of those given distance glasses used them as advised for 7 months or more. More of them had injuries other than falls (26 in 100, against 17 in 100), mostly minor.

For active older people, the 2022 World Falls Guidelines list avoiding multifocals outdoors as one way to help prevent falls. They also say a falls assessment should check how multifocals are used.

If you wear varifocals and are often out and about, ask your optometrist about separate distance glasses for walking. If you rarely go out, the trial's authors suggest staying with one pair. This is a change for some people, and the trial gives no reason to make it for everyone.",1915,G002_1.png | G002_2.png,"Two views of a street through glasses. Through varifocals, the far road is sharp in the upper distance part, but the kerb at your feet is blurred in the lower reading part. Through single-lens distance glasses the kerb is sharp. Below, an older Black man in a green jacket, carrying a bag, pauses at the kerb and looks down. || Bar chart, VISIBLE trial, 606 people, average age 80, 13 months. Everyone: 1.5 falls per person with distance glasses, 1.7 with usual care, no clear difference. Planned subgroup often out: 1.3 against 2.2, fewer falls. Rarely out: outdoor falls 0.9 against 0.6, more. Subgroups of one trial; about half used the glasses as advised; non-fall injuries 26 against 17 in 100.","Sources: https://doi.org/10.1136/bmj.c2265 (VISIBLE trial, BMJ 2010) https://doi.org/10.1093/ageing/afac205 (World Falls Guidelines 2022)"
G003,C01,practitioners,Reading the evidence,"About 195 fewer falls, and about 72 fewer people falling at least once, for every 1000 older people followed for a year: 23% fewer falls (rate ratio 0.77), 15% fewer fallers (risk ratio 0.85). Both results come from the 2019 Cochrane review of exercise for older people living at home, and both are high-certainty evidence from dozens of trials.

So exercise cut falls by about a quarter, but the number of people falling by about a sixth. The two figures count different things. For 1000 people like those in the trials, followed for one year:

1. Falls: about 850 without exercise, and about 195 fewer with it.
2. People who fall at least once: about 480 without exercise, and about 72 fewer with it, so about 408.

Falls repeat. A person who falls three times counts three times in the number of falls and once in the number of people who fell. So a programme can prevent some repeat falls without changing whether a person falls at all.

The gap can be wider. The 2026 Cochrane review of multifactorial programmes (an individual falls assessment followed by treatments matched to each person's risks) compared them with usual care or attention control. The programmes may lower the rate of falls by about a quarter (rate ratio 0.76) but may make little or no difference to the number of people who fall (risk ratio 0.95). That evidence is low certainty. A 2024 review for the US Preventive Services Task Force found the same pattern.

In the exercise review, the two outcomes come from overlapping but not identical sets of trials (59 and 63). The per-1000 figures are averages built from the control groups, not a forecast for one person. The fallers figure is closer to the question a patient asks, which is whether they will fall this year.

Cochrane falls reviews report the rate of falls and the number of people who fall as two separate main outcomes. When we quote a falls result to patients, colleagues or commissioners, we should say which one we mean and give the absolute numbers.

#FallsPrevention",2013,G003_1.png | G003_2.png,"Bar chart, illustration based on Cochrane 2019: 1000 older people living at home followed for a year. Falls: 850 without exercise, about 655 with exercise, 195 fewer. People with at least one fall: 480 without exercise, about 408 with exercise, 72 fewer. 23% fewer falls, 15% fewer people falling. Averages, not a forecast for one person. || Card: the gap can be wider. Cochrane 2026, multifactorial programmes against usual care or attention control, low-certainty evidence. Rate of falls, shown by a line stepping down: may be about a quarter lower (rate ratio 0.76). People who fall at least once, shown by a level line: little or no difference (risk ratio 0.95). Say which count you mean and give numbers per 1000.","Sources: https://doi.org/10.1002/14651858.CD012424.pub2 (Cochrane 2019, exercise) https://doi.org/10.1002/14651858.CD012221.pub3 (Cochrane 2026, multifactorial) https://doi.org/10.1001/jama.2024.4166 (USPSTF review 2024)"
G004,C01,public,Care that works,"Before you join an exercise class to prevent falls, ask whether it includes balance exercises done standing up.

The 2019 Cochrane review combined results from many exercise trials in older people living at home. Programmes built mainly on balance and everyday movements, such as standing up from a chair and stepping, cut falls by about a quarter. Programmes that mix balance with strength work probably help too. For classes that are mainly walking, dancing or strength training, the effect on falls is uncertain. That gap in the evidence does not mean these classes fail to help.

In the trials, the most challenging balance exercises were done standing. People stood with feet closer together or on one leg, used their hands less for support, and practised controlled shifts of body weight.

Ask the person running the class:

1. Will I do balance exercises standing up?
2. Will it get harder as I improve?
3. Does it run three or more times a week? The World Falls Guidelines advise 3 or more sessions a week, and the World Health Organization 3 or more days.
4. Will it last at least 12 weeks, and can I keep going afterwards? The benefits are lost when people stop.

Across trials, programmes that challenged balance and added up to 3 hours or more a week had the biggest effects. That comes from comparing different trials, so treat 3 hours as a guide rather than a rule.

Seated classes have real benefits: a 2021 review of 25 studies found they improved arm and leg strength. They did not clearly improve balance or walking, and the review did not report on falls. A seated class can be a good start if you can't yet stand for long.

If you are frail or have fallen before, the guidelines recommend more supervision or smaller groups. If there is no suitable class near you, ask about a home programme. In a review of 7 trials, the Otago home programme cut the rate of falls by about a third. Of those still in the studies after a year, only about 37 in 100 were still exercising three times a week, so ask what support is offered to help you keep going.

#FallsPrevention",2082,G004.png,"Drawing of a balance class: an older woman stands with a hand just above a chair back, an older man in glasses practises stepping, a physiotherapist demonstrates. Four questions before joining: balance exercises standing up? Harder as I improve? 3 or more times a week? At least 12 weeks, and can I keep going? Seated classes have not been shown to prevent falls; ask about a home programme.",Sources: https://doi.org/10.1002/14651858.CD012424.pub2 (Cochrane 2019) https://doi.org/10.1093/ageing/afac205 (World Falls Guidelines 2022) https://doi.org/10.3390/ijerph18041902 (seated exercise review) https://doi.org/10.1093/ageing/afq102 (Otago review)
G005,C01,both,What gets counted,"In about 1 in 3 older people in a Sydney study, worry about falling did not match their measured physical risk.

The study followed 500 people aged 70 to 90 living at home. It measured how worried each person was about falling. It also measured physical risk, from tests of vision, feeling in the legs, leg strength, reaction time and balance. Most people's worry matched their risk.

1. Very worried, low physical risk: 11 in 100. They were more likely to have low mood, a more anxious temperament and slower thinking on a planning test. They were no less active than people with low risk and low worry. Almost 4 in 10 had an injurious fall or repeated falls over the next year.
2. Unworried, high physical risk: 20 in 100. They tended to be younger, stronger, more active and more positive. About 1 in 3 had an injurious fall or repeated falls. That share was lower than in people who were both worried and at high risk. It was higher than in people who were unworried and at low risk. Of the 34 who fell, only 6 became more concerned afterwards.

In this study, worry and physical risk were each linked with injurious or repeated falls, even after allowing for the other. Across other studies, worry predicts falls less consistently.

The researchers suggested matching help to the mismatch. For the very worried at low risk: a talking therapy (cognitive behavioural therapy) to rebuild confidence. For the unworried at high risk: challenging balance exercise. For people who are worried and at high risk: both. That matching is their proposal, not a tested strategy. Guidelines do recommend exercise, cognitive behavioural therapy or occupational therapy to reduce worry about falling.

This was one study, published in 2010, of a fairly healthy group of Australian volunteers. People with dementia or Parkinson's disease were not included. The researchers said their dividing lines were estimates that need checking in other groups.

The World Falls Guidelines advise checking worry about falling alongside a test of balance or walking, so the worry can be read in context. An assessment that measures only one of the two will misread some people. We should measure both.",2176,G005.png,"Grid of worry about falling against measured physical risk, Sydney study of 500 people aged 70 to 90 followed for a year. Matched: low risk, low worry 29 in 100; high risk, high worry 40 in 100. Mismatches: low risk, high worry 11 in 100, almost 4 in 10 had injurious or repeated falls; high risk, low worry 20 in 100, about 1 in 3. Suggested help is the researchers' untested proposal.","Sources: https://doi.org/10.1136/bmj.c4165 (Delbaere et al., BMJ 2010) https://doi.org/10.1093/ageing/afac205 (World Falls Guidelines 2022)"
G006,C01,practitioners,Reading the evidence,"The line 'half of people who lie on the floor for more than an hour die within six months' comes from a 1981 BMJ study. It rests on 20 people, and it describes a link, not a cause.

The researchers followed 125 people aged 65 and over who had fallen at home, found through six general practices. Twenty lay on the floor for more than an hour, and half of those 20 died within six months.

The same study found that a quarter of all the fallers died within a year, five times as many as in a comparison group of the same age and sex. The authors' own conclusion was that falls at home are often a sign of severe ill health. People who can't get up after a fall are, on average, older, with weaker balance and walking, and more often have low mood or memory problems. So the deaths can't all be put down to the time on the floor.

A larger 1993 US study followed 1103 people aged 72 and over. Among those who fell without serious injury, almost half (148 of 313) could not get up without help at least once. They were more likely to lose everyday abilities for good (35 in 100, against 26 in 100 of those who could get up). They were also more likely to die, but that difference could have been chance.

A 2008 Cambridge study followed people over 90 for a year. Of the 66 who fell, 20 lay on the floor for an hour or more at least once, and 12 of those 20 were admitted to hospital after a fall. Long lies were linked with serious injury. That study did not report deaths by time on the floor, so it does not update the six-month figure. Injury can also cause a long lie.

There is no agreed definition of a long lie: studies have used anything from 5 minutes to an hour or more, so their figures are not directly comparable.

The case for preventing long lies does not depend on the 1981 figure. The 2022 World Falls Guidelines count an hour or more on the floor as a sign of high risk of further falls, and say it should lead to a full falls assessment.

When we teach the six-month line, we should give its source, its size and its design: half of 20 people, in an observational series from 1981.",2098,G006_1.png | G006_2.png,"Card: the line 'half of people who lie on the floor for more than an hour die within six months' comes from a 1981 study of 125 fallers aged 65 and over. 20 lay over an hour, shown as 20 person icons, 10 filled: half of those 20 died within 6 months. A quarter of all fallers died within a year. Small observational series: a link, not a cause. || Timeline. 1993, US, 1103 people aged 72 and over: fallers without serious injury who couldn't get up had a lasting loss of everyday abilities more often, 35 against 26 in 100; death difference could be chance. 2008, Cambridge, people over 90: long lies linked with serious injury, 12 of 20 admitted; deaths not reported. 2022 guidelines: an hour on the floor marks high risk.",Sources: https://doi.org/10.1136/bmj.282.6260.266 (Wild 1981) https://pubmed.ncbi.nlm.nih.gov/8416408/ (Tinetti 1993) https://doi.org/10.1136/bmj.a2227 (Fleming 2008) https://doi.org/10.1093/ageing/afac205 (World Falls Guidelines 2022)
G007,C01,both,Ask this,"Is there anything you have stopped doing because you are worried about falling?

Ask yourself, or ask your mother or father. The answer might be a regular walk, the bus into town, a bath or visiting a friend. None of these shows up in a count of falls.

International falls guidelines include this question in the history after any fall, and suggest it in routine check-ups where time allows. Families can ask it whenever falls come up. The older people who advised the guideline panel preferred the word 'concern' to 'fear'.

Worry about falling is common in later life, including in people who have never fallen. An Italian study followed 673 people aged 65 and over who said they were afraid of falling. Three in 4 had cut back or avoided at least one activity because of it. Those who had cut back or avoided three or more activities lost everyday abilities and leg function faster over the next 3 years. This held even after allowing for other health differences. That is a link, and it does not show that the cutting back caused the decline.

If the answer is yes, tell the GP or physiotherapist what has stopped. Guidelines recommend strength and balance exercise, a talking therapy called cognitive behavioural therapy, or help from an occupational therapist with the activity itself. Exercise reduces worry a little, at least by the end of the programme. The talking therapy has shown benefit lasting up to a year. The exercise trials did not measure whether people took up the activities they had dropped.

A 'no' is not an all-clear. A Sydney study assessed 500 people aged 70 to 90. One in 5 had a high physical risk of falling but little worry about it. Some caution after a fall is sensible, and some is more than the risk warrants. Either way, if worry about falling is high, tell the GP: falls specialists treat it as a sign that something needs looking at.",1873,G007.png,"Question card: anything you've stopped doing because you worry about falling? Four drawn examples: a man with a stick walking in a park, a woman stepping onto a bus holding the pole, a bath with grab rails and a towel, a woman with a cake tin at a friend's door. If yes, tell the GP or physiotherapist; ask about strength and balance exercise, a talking therapy (CBT) or an occupational therapist.","Sources: https://doi.org/10.1093/ageing/afac205 (World Falls Guidelines 2022) https://doi.org/10.1111/j.1532-5415.2007.01639.x (Deshpande 2008, InCHIANTI) https://doi.org/10.1093/ageing/afy010 (CBT review)"
G008,C01,public,"Small detail, real effect","Falls are easily forgotten, even by the person who fell.

In a US study, researchers checked on 304 people over 60 every week for a year and visited to confirm each fall. At the end, they asked people about falls in the past 3, 6 or 12 months. Depending on the period, between 13 and 32 in 100 of those with a confirmed fall did not recall falling in that period. People with poorer memory test scores forgot more often.

In a review of six studies, people were asked about falls in the past year. Of those who had fallen, 80 to 89 in 100 remembered it. So asking about the year misses 1 or 2 in 10 people who fell. Falls that caused an injury were remembered better.

A German study followed 110 people with dementia for a year. About half of those who had recorded a fall did not remember falling when asked at the end. Their GPs knew about only 14 in 100 of the falls. Information from carers made the record more accurate.

Falls researchers don't rely on memory. They ask people to mark each fall on a calendar or diary as it happens and send it in every week or month.

You can do the same at home. Write each fall down on the day:

1. The date and time.
2. Where you were.
3. What you were doing.
4. How you felt just before: dizzy, blacked out, or fine.
5. Whether you could get up, and how long you were on the floor.

These are the details falls guidelines ask doctors to find out. An hour or more on the floor is a sign of high risk. The guidelines also note that fewer than a third of older people, particularly men, mention a fall unless asked.

A note like this has not been tested as a way to prevent falls. It gives the doctor details that memory loses. If you help a parent, your note counts too.",1713,G008.png,"Printable falls note: write each fall down on the day. In a US study, 13 to 32 in 100 people with a confirmed fall did not recall falling in the months they were asked about. Blank table, five columns: date and time; where; what you were doing; how you felt just before; could you get up, how long on the floor. Take it to every appointment; an hour or more on the floor is a sign of high risk.","Sources: https://doi.org/10.1111/j.1532-5415.1988.tb06155.x (Cummings 1988) https://doi.org/10.1017/S1041610211002122 (Zieschang 2012, dementia) https://doi.org/10.1093/ageing/afac205 (World Falls Guidelines 2022)"
G009,C01,practitioners,Reading the evidence,"Researchers filmed 227 falls by 130 residents of two care homes in British Columbia, Canada, between 2007 and 2010. A research team watched each video and judged what caused the loss of balance and what the person was doing.

The commonest cause, in about 4 in 10 falls (93 of 227), was shifting body weight the wrong way during an ordinary movement. About 1 in 5 (48) came from a trip or stumble, and 6 from a slip. Hitting or bumping into something, losing support from an object, and collapsing each caused about 1 in 10.

The commonest moments were walking forward (54 falls), standing still (29) and sitting down (28). About 1 in 5 falls happened while moving to or from a chair.

Two limits apply. The cameras were in lounges, dining rooms and corridors only; falls in bedrooms and bathrooms were not filmed. And these are counts of falls, not the risk per minute of each activity, so they partly reflect how often residents do each thing.

The authors suggested strength exercise and better support when people move to and from chairs. They also noted that a quarter of the trips were over chair or table legs, so trip hazards still deserve attention.

This is a judgement drawn from the findings, not a tested intervention: we should give sitting down, standing up and transfers the same attention in care homes as clearing trip hazards. That includes support from staff at those moments, and furniture arranged so that legs don't stick out into walking routes.",1469,G009_1.png | G009_2.png,"Bar chart of causes of 227 falls filmed in two Canadian care homes, 2007 to 2010: shifting body weight the wrong way 93 (41%), trip or stumble 48 (21%), hit or bump 25, loss of support 25, collapse 24 (11% each), slip 6 (3%). Cameras in shared areas only, not bedrooms or bathrooms; causes judged from video. || Illustrative care home lounge, five numbered moments: a man by a window, a woman walking with a wheeled frame, a woman lowering into an armchair, a care worker beside a man rising from a wheelchair, a chair pulled into the walkway. Counts: walking forward 54 falls, standing still 29, sitting down 28, moving to or from a chair about 1 in 5, a quarter of 48 trips over chair or table legs.","Source: https://doi.org/10.1016/S0140-6736(12)61263-X (Robinovitch et al., Lancet 2013)"
G010,C01,practitioners,Teaching round,"Repeated falls from poor balance in the first 3 years of a Parkinson-like illness are a reason to question the diagnosis.

A walking problem in later life usually has a cause that can be named. 'Old age' is not a diagnosis. Watch for three patterns.

1. Repeated falls without a clear cause in the first 3 years: think progressive supranuclear palsy (PSP). In the Movement Disorder Society criteria for PSP, repeated unprovoked falls within 3 years of the first symptoms are a core feature; with slowed or restricted up-and-down eye movements, they support probable PSP. In the Parkinson's disease criteria, the same early falls are a warning sign that the illness may be something else. In small autopsy-confirmed series, past case notes recorded early falls in about 4 in 100 people with Parkinson's disease and about 1 in 3 with PSP. It is a warning sign, not an exclusion: make sure dopamine treatment is adequate before relying on it. Remember too that in this small series (28 PSP cases, from past notes), about two thirds had no early falls recorded.
2. Short, wide-based steps, feet barely lifted, more unsteady on turning: think normal pressure hydrocephalus (NPH). Almost everyone with NPH has the walking problem. Bladder urgency and slowed thinking are common, but many people don't have all three, so don't wait for the full set. In reported series, roughly 6 to 8 in 10 people selected for a shunt were better a year later, and walking improved most.
3. Much more unsteady standing with eyes closed than open: the person is relying on vision to balance. Think loss of position sense in the feet and legs, for example from neuropathy, or loss of inner-ear balance function. One treatable cause of neuropathy to check is vitamin B12 deficiency, which can damage nerves and the spinal cord even when the blood count is normal. Read the test with the rest of the examination.

Gait problems in older people often have several causes at once, so one named condition may not explain everything. It may still be the part that can be treated.

Watch every person who falls walk, turn and stand with eyes closed before putting it down to age.",2147,G010_1.png | G010_2.png | G010_3.png | G010_4.png,"Illustrative drawing: a clinician raises her hand in front of a seated older man's eyes, arrows showing up-and-down movement. Text: repeated falls in the first 3 years, think PSP; check up-and-down eye movements; question a Parkinson's diagnosis. Early falls were recorded in about 4 in 100 of 124 autopsy-confirmed Parkinson's cases and about 1 in 3 of 28 PSP cases. || Illustrative drawing: an older South Asian woman walks a hospital corridor with short steps, a physiotherapist a pace behind with a hand ready. An inset shows footprints from above, short steps set wide apart. Text: think normal pressure hydrocephalus; more unsteady on turning; bladder urgency and slowed thinking are common but often not all three; selected people often improve after a shunt. || Illustrative drawing: an older man in socks stands with feet together, shoes beside him, while a clinician stands behind with both hands ready near his back, not touching. Text: much worse with eyes closed, think loss of position sense, for example neuropathy (check B12), or inner-ear balance loss; read the test with the rest of the examination. || Card: watch every person who falls walk, turn and stand with eyes closed. 'Old age' is not a diagnosis.",Sources: https://doi.org/10.1002/mds.26987 (PSP criteria) https://doi.org/10.1038/s41531-025-01206-6 (PD criteria and autopsy data) https://doi.org/10.2176/nmc.st.2020-0292 (NPH guideline) https://doi.org/10.7861/clinmedicine.15-2-145 (B12 review)
G011,C01,practitioners,Teaching round,"Some older people stop walking when you start talking to them. A small 1997 study in Umeå, Sweden, linked this with falls.

The researchers studied 58 older people in sheltered housing, many with dementia, depression or stroke. Twelve stopped walking when someone started a conversation. Ten of those 12 fell in the next 6 months, compared with 11 of the 46 who kept walking.

Read those numbers both ways. Of the 37 people who did not fall, only 2 had stopped walking, so the sign was rarely a false alarm. But of the 21 who fell, 11 had kept walking. Most fallers would have passed the test.

The sign rests on 12 people in one setting, and later studies found it weaker. In 63 people with stroke living at home, it gave more false alarms (10 of the 26 who stopped did not fall) and, as in 1997, missed about half of those who fell. A 2000 report, cited by the stroke study's authors, could not repeat the 1997 result in people with Parkinson's disease. Among over 4000 healthy older volunteers, fewer than 3 in 100 stopped walking, and stopping was not linked with past falls.

It may work best in frail older people like those in the original study, many of whom had dementia, depression or stroke.

A positive sign means look harder: do a full falls assessment. A negative sign does not reassure.",1301,G011.png,"Illustrative comic. A physiotherapist asks an older man with a stick a question while walking; he stops to answer; they sit and she takes notes. Panel 4: 1997 Swedish study of 58 people in sheltered housing; stopped walking, 10 of 12 fell within 6 months; kept walking, 11 of 46 fell (filled squares); later studies weaker. Present: look harder with a full falls assessment. Absent: no reassurance.",Sources: https://doi.org/10.1016/S0140-6736(97)24009-2 (Lundin-Olsson 1997) https://doi.org/10.1136/jnnp.2003.016014 (stroke study 2004) https://doi.org/10.1186/s11556-026-00423-z (healthy volunteers 2026)
G012,C02,practitioners,Teaching round,"A grip dynamometer and an ordinary chair are enough to find probable sarcopenia (loss of muscle strength and mass).

Since 2019, the main European definition (EWGSOP2) has put strength first:

1. Low strength means sarcopenia is ""probable"": grip below about 27 kg in men or 16 kg in women, or more than 15 seconds to stand up five times from a chair without using the arms.
2. A measure of muscle quantity confirms it.
3. A usual walking speed of 0.8 metres per second or slower marks it as severe.

In everyday practice, the European group says weak grip or slow chair rises are enough to start looking for causes and to start treatment. A scan to measure muscle can come later, if the result will change what you do.

""Look for causes"" is part of the instruction. Low strength can have other causes, such as depression, stroke, balance disorders or peripheral vascular disease.

On treatment, the international sarcopenia guideline (ICFSR, 2018) strongly recommends resistance exercise and gives a weaker recommendation for extra protein. It makes no recommendation for vitamin D or hormones. A 2022 expert review notes there is no licensed medicine for sarcopenia.

One proposed starting programme from that review: strength exercises for arms and legs twice a week, one to three sets of 6 to 12 repetitions, hard enough that the last few feel like real effort. Adapt it for pain, heart disease and frailty, with a physiotherapist where needs are complex.

The cut-offs are European and grip needs a calibrated dynamometer used in a standard way. Other regions use their own thresholds.

In the patient who falls, feels weak or walks slowly, test grip today rather than waiting for a scan.

More Teaching round posts take one clinical distinction at a time.",1760,G012.png,"Flow diagram of the European sarcopenia definition, 2019. Step 1: weak grip (below about 27 kg in men, 16 kg in women) or five chair rises over 15 seconds means probable sarcopenia; look for causes and start strength exercise. Step 2: low muscle quantity confirms it. Step 3: walking 0.8 m/s or slower marks it severe. A scan can come later if it will change the plan.",Sources: EWGSOP2 https://doi.org/10.1093/ageing/afy169 ; ICFSR guideline https://doi.org/10.1007/s12603-018-1139-9 ; Sayer and Cruz-Jentoft 2022 https://doi.org/10.1093/ageing/afac220
G013,C02,practitioners,Teaching round,"Forgetting yesterday's physiotherapy and learning from it can happen in the same person.

A 2007 review of 23 laboratory studies found that people with Alzheimer's disease still got better at movement tasks with repeated practice. They stayed slower than people without dementia, and the learning carried over little to other skills. This kind of learning is often relatively preserved, not normal.

A rehabilitation trial points the same way. In a German trial, 122 people with mild to moderate dementia had 3 months of supervised strength and balance training designed for them, or gentle placebo exercise. The training group became stronger and quicker at standing from a chair. How much memory and thinking were affected did not predict who improved, and those who started weakest gained most. Gains were only partly kept 3 months after training stopped.

The review authors recommend consistent practice because it relies less on remembering the session:

1. The same movement, done the same way each time.
2. In the place, and with the chair, frame or bed, the person will actually use.
3. One task at a time, with glasses on.

Showing rather than telling, and using few words, are practical suggestions that were not tested in these studies.

Limits: most of this research used laboratory tasks in Alzheimer's disease, some studies find weaker learning, and other dementias are less clear.

In my reading (a judgement, not a finding), ""doesn't remember the session"" should prompt a change of teaching method, not a discharge from the caseload.",1550,G013.png,"Illustrative four-panel drawing, not a real patient. A physiotherapist and an older woman with a walking frame practise standing from a bedside chair. Day 1 she stands with effort; day 3 she asks if they have met before yet stands more smoothly; then same chair, frame and order, one task at a time; poor recall is a reason to change the method.",Sources: van Halteren-van Tilborg 2007 https://doi.org/10.1007/s11065-007-9030-1 ; Hauer 2012 https://doi.org/10.1111/j.1532-5415.2011.03778.x ; Palma 2023 https://doi.org/10.1177/00315125231182732
G014,C02,public,"Small detail, real effect","Stand up straight with your arms hanging loosely, and look at where your walking stick reaches.

The top of the stick should be level with the crease on the inside of your wrist. That is the professional advice in a clinical review of walking aids.

Three checks you can do at home:

1. Height: wrist crease, standing upright, arms relaxed.
2. Hand: hold the stick on the opposite side to the painful or weak leg, and move it forward at the same time as that leg. This rule is for problems on one side.
3. Tip: turn the stick over. If the tread is worn smooth, replace the tip.

These basics are often wrong. One English hospital arthritis clinic surveyed 50 stick users. Of every 100 sticks, 44 were the wrong length and 54 were in poor condition, most often a worn tip. Separately, about 4 in 10 people used the stick wrongly, usually in the wrong hand. The clinic patients were not all older people, and the survey was small.

A US study of 93 stick users over 65 found the same kinds of problems. Many had never had professional advice when choosing their stick.

A stick is the wrong aid for some people. If both legs are weak or balance is poor, a walking frame may be safer.

If your stick came from a relative's cupboard or a shop shelf, ask a physiotherapist or your GP to check it fits you.",1300,G014.png,"Drawing of an older man standing upright in a hallway with a walking stick, numbered 1 to 3. Check 1: stick top level with the wrist crease (dotted line). Check 2: stick in the hand opposite the painful or weak leg. Check 3: replace a worn rubber tip. In one English clinic survey of 50 users, 44 in 100 sticks were the wrong length.",Sources: Bradley and Hernandez 2011 https://pubmed.ncbi.nlm.nih.gov/21842786/ ; Sheehan and Millicheap 2008 https://doi.org/10.1002/msc.122 ; Liu 2011 https://doi.org/10.1016/j.archger.2010.04.003
G015,C02,both,Care that works,"In care homes studied by Berlin researchers, who published in the early 1990s, residents who needed help got attention. Residents who managed alone mostly went unnoticed.

A 1992 study of 22 older people living at home found the same pattern: when they did something for themselves, family or nurses were about twice as likely to step in and help as to encourage them.

A 1994 study then trained staff in 3 care institutions in communication, ageing and simple behaviour principles. Afterwards staff did less for residents and encouraged them more, and residents did more of their own self-care. These were small studies, and how long the change lasted is not known.

Modern trials show that this can be taught, with mixed results for residents:

1. In 12 US nursing homes, training care assistants to encourage residents to do what they could improved walking, balance, bathing and stair climbing over a year.
2. In 28 Dutch nursing home wards, training changed what nurses did, but residents' independence did not change clearly over 6 months, though it declined a little less on trained wards.

The Dutch nurses named time pressure and staff shortages among the reasons they still took over tasks residents could do.

No study here shows that doing tasks for people causes loss of ability. The reasoning is simpler: if staff always do it, residents get less practice.

My position, as a judgement: care homes and commissioners should build time and training for supported self-care into staffing and rotas. Goodwill from stretched staff is not enough on its own.",1565,G015.png,"Illustrative drawing of a care home bedroom: an older woman with a walking frame beside her bed, a care assistant next to her with hands open, not reaching in, and a second care worker at the door. Text: training staff to encourage self-care changes what staff do; resident gains were seen in some trials (12 US homes) and not others (28 Dutch wards).",Sources: Baltes 1994 https://pubmed.ncbi.nlm.nih.gov/8054165/ ; Baltes and Wahl 1992 https://pubmed.ncbi.nlm.nih.gov/1388862/ ; Resnick 2009 https://doi.org/10.1111/j.1532-5415.2009.02327.x ; Vluggen 2024 https://doi.org/10.1016/j.ijnurstu.2024.104914 ; Bleijlevens 2026 https://doi.org/10.1016/j.ijnsa.2026.100525
G016,C02,practitioners,Reading the evidence,"Should a frail older person be told that exercise before surgery will cut their complications?

Prehabilitation means exercise, nutrition and psychological support in the weeks before an operation.

The trial designed for frail older people (Carli, JAMA Surgery 2020) randomised 110 frail patients aged 65 and over, average age 78, having bowel cancer surgery. One group did a 4-week programme before the operation: a supervised session once a week plus daily walking and home strength work. The comparison group was offered the same programme after surgery.

Complications in the 30 days after surgery did not differ clearly. Walking 4 weeks after the operation, time in hospital and readmissions were similar. Only about 1 in 7 kept to the after-surgery programme, so in practice the comparison was close to no programme. The surgery took place within a well-run enhanced recovery pathway, and 110 is a small trial.

A Canadian trial of home exercise before cancer surgery in 182 older people with frailty found no clear difference in walking distance afterwards.

Pooled evidence disagrees. One 2026 meta-analysis of 9 trials in people 60 and over having bowel or stomach cancer surgery found about a third fewer complications in relative terms, but the result for frail patients alone was uncertain. Another, of 5 trials in frail older people, found no clear gain in walking or length of stay. A 2022 umbrella review rated evidence on complications as low or very low certainty, with moderate certainty for better physical recovery after cancer surgery in adults generally.

Counselling wording I would suggest: prehabilitation may help your fitness and recovery; it has not been shown reliably to prevent complications in frail older people.",1746,G016.png,"Two-column card on prehabilitation in frail older people. Can say: may help fitness and recovery (moderate certainty, adults with cancer). Should not promise: fewer complications (low or very low certainty; frail trials unclear). Carli 2020: 110 frail patients, no clear difference in 30-day complications; about 1 in 7 kept to the after-surgery programme.",Sources: Carli 2020 https://doi.org/10.1001/jamasurg.2019.5474 ; McIsaac 2022 (PREHAB) https://doi.org/10.1016/j.bja.2022.04.006 ; McIsaac umbrella review https://doi.org/10.1016/j.bja.2021.11.014 ; Liu 2026 https://doi.org/10.3389/fonc.2026.1777929 ; López-González 2025 https://doi.org/10.3390/ijerph22091381
G017,C02,both,Who gets left out,"UK researchers reported in 2012 and 2017 that pedestrian crossing times in the UK are based on an assumed walking speed of 1.2 metres per second (about 2.7 miles per hour). They cited Department for Transport guidance from 2005. Whether current guidance still uses that figure was not checked for this post.

How fast do older people walk? In a 2005 national survey in England of 3,145 adults aged 65 and over, average walking speed was 0.9 metres per second for men and 0.8 for women.

More than 8 in 10 women (85%) and about 3 in 4 men (76%) walked slower than 1.2 metres per second. Counting those who could not safely do the walk, it was over 9 in 10 women (93%) and more than 8 in 10 men (84%).

A caveat: speed was timed over a short 8-foot (2.4 metre) walk at normal pace in private households, which may not match speed on a real crossing.

A second, larger English study (2002 to 2014) found only 1 in 10 walking-speed measurements in people over 60 was fast enough. Women, the oldest, the poorest and people in worse health were least likely to walk fast enough. These are associations; they do not show that poverty causes slow walking.

Some newer UK crossings, called Puffin crossings, can hold traffic for longer when someone is still crossing. How many do so, and whether the extra time is enough, is not known from this evidence.

Both research teams concluded that crossing times should be reconsidered to allow for older people's slower walking.

Whether an older person gets to the shop or the surgery depends on streets as well as legs.",1556,G017.png,"Bar chart, Health Survey for England 2005, 3,145 adults aged 65 and over. Walked slower than 1.2 m/s: women 85%, men 76%. Slower or unable to do the 8-foot walk: women 93%, men 84%. 1.2 m/s is the crossing speed UK researchers reported as assumed.",Sources: Asher 2012 https://doi.org/10.1093/ageing/afs076 ; Webb 2017 https://doi.org/10.1016/j.jth.2017.02.009 ; Hassan 2016 https://doi.org/10.7307/ptt.v29i5.2225
G018,C02,public,Ask this,"The key in the door. The front step. The toilet. The armchair. The kettle. The bed.

That is the first hour home after a hospital stay.

A 2020 analysis pooled 15 studies of 7,375 people aged 65 and over admitted to an acute hospital (one that treats sudden illness). About 3 in 10 came out less able than before. They found it harder to wash, dress, use the toilet, eat, or get in and out of a bed or chair.

In the studies that asked about abilities 2 weeks before admission, it was about 1 in 3. Both figures describe the same kind of loss; the second looks further back.

The studies varied widely, and most were from the US. Some of the loss starts with the illness before admission. The figure does not show that the hospital stay caused it.

Those studies counted the toilet, the chair and the bed. The key, the step and the kettle are everyday tasks I suggest adding. This checklist is practical advice, not a tested tool.

Before discharge, you can ask the ward physiotherapist or occupational therapist (a specialist in everyday tasks):

1. Have you seen them do each of these six things?
2. If one has not been tried, can it be practised before they leave?
3. Is any equipment needed?
4. Should an occupational therapist look at the home?

A home visit is not needed or offered for everyone. Asking still tells you which of the six have been seen and which have not.",1377,G018.png,"Checklist card: the first hour home. Has each been seen? Key in the door, front step, toilet, armchair, kettle, bed, each with an empty tick box. About 3 in 10 older people leave acute hospital less able to do basic self-care than before admission. A practical checklist, not a tested tool.",Sources: Loyd 2020 https://doi.org/10.1016/j.jamda.2019.09.015 ; Lockwood 2015 https://doi.org/10.2340/16501977-1942
G019,C02,public,Who gets left out,"Average age 87. Oldest 98.

In a 1994 US trial, 100 frail care home residents were randomly given 10 weeks of high-intensity (hard) strength training or not. They were well enough to consent and take part.

Those who trained more than doubled their muscle strength on average: up 113% from where they started, against 3% in those who did not train. Their walking speed rose about 12%, while it fell slightly in the others. A supplement drink on its own made no difference.

These are changes from a low starting point, so they are large in relative terms.

The wider picture is more modest. A Cochrane review (a pooled summary of trials) covered 67 trials in care homes. It found that exercise and rehabilitation probably help a little with everyday activities and with strength and balance, without increasing deaths. The effects were small and may not apply to every resident. Weaknesses in the trials may have overstated them.

A 2022 review of more recent care home trials found that strength training improved simple tests, such as standing up from a chair and getting up and walking, compared with usual care.

Experts note that agreement on the value of strength exercise has not yet turned into consistent provision.

My position, as a judgement: residents of care homes, including the very old, should be offered strength exercise suited to them. Being 87 or 98 is not a reason to leave someone out.",1408,G019.png,"Bar chart of average percentage change from each person's own starting level in a 1994 trial of 100 care home residents over 10 weeks. Strength: trained +113%, not trained +3%. Walking speed: trained +12%, not trained -1%. Pooled care home trials show smaller gains in everyday activities, strength and balance.",Sources: Fiatarone 1994 https://doi.org/10.1056/NEJM199406233302501 ; Crocker 2013 Cochrane https://doi.org/10.1002/14651858.CD004294.pub3 ; Pinheiro 2022 https://doi.org/10.1016/j.jamda.2022.06.009
G020,C02,both,What gets counted,"In the last 4 weeks, how far from your front door did you get, and how often?

That is the central question of a life-space assessment. It asks whether you have been to other rooms of your home, outside your door (garden, porch or landing), around your neighbourhood, elsewhere in your town, and beyond it. It also asks how often, and whether you needed a stick, a frame or another person. Scores run from 0 to 120.

Usual daily-living scores ask whether you can wash, dress, eat, use the toilet, get in and out of bed or a chair, and walk across a room. They do not ask whether you get to the shop, the bus stop or a friend's house.

Two findings suggest the difference counts:

1. In a US study that followed older people at home, those admitted for a medical (non-surgical) reason lost about 10 points of life-space on average and, as a group, had not recovered up to two years later. People admitted for surgery lost more at first but recovered within about a year. This is observational; averages hide individual variation.
2. In a small trial of 100 older US veterans, a hospital walking programme showed no difference on daily-living scores, which barely changed in either group. On life-space, the usual care group lost about 10 points by a month after discharge while the walking group stayed close to where they started. Life-space was not the trial's registered primary outcome, and it needs replication.

My position, as a judgement: rehabilitation services and trials should also count how far people get beyond the front door.",1540,G020.png,"Diagram of five concentric rings around a house: 1 other rooms, 2 outside your door, 3 neighbourhood, 4 your town, 5 beyond your town. A dashed line at the house wall is labelled daily-living scores stop here. After a medical admission about 10 points of 120 were lost and not regained on average up to 2 years later.",Sources: Brown 2009 https://doi.org/10.7326/0003-4819-150-6-200903170-00005 ; Baker 2003 https://doi.org/10.1046/j.1532-5415.2003.51512.x ; Brown 2016 https://doi.org/10.1001/jamainternmed.2016.1870
G021,C02,practitioners,Care that works,"When a Spanish hospital gave medical patients averaging 87 two 20-minute exercise sessions a day, they went home slightly more able instead of less.

The trial (Martínez-Velilla, JAMA Internal Medicine 2019) randomised 370 patients aged 75 and over who could walk, with or without help. The most dependent and those expected to stay under 6 days were not included.

Mornings: supervised sit-to-stand, leg press, knee extension and chest press at moderate load, plus balance and walking practice. Evenings: light ankle-weight exercises and a corridor walk. Weekends included, for a median of 5 days. A physiotherapist and an exercise specialist shared the work seven days a week.

By discharge, usual care patients had lost 5 points on the Barthel index (a 0 to 100 scale of everyday activities); exercisers had gained about 2. The between-group difference was about 7 Barthel points and 2 points on the 12-point SPPB. That is modest against the 11-point yardstick used by Cochrane. No harms from exercise were recorded, and length of stay, falls, readmissions and deaths over 3 months did not differ.

The replication was less convincing. In three hospitals with only 3 exercise days, the SPPB gain was under 1 point and there was no clear Barthel difference. The authors attribute this to the shorter programme and sicker patients; that is their interpretation, not tested.

The 2022 Cochrane review (24 trials) found no clear, meaningful gain in independence at discharge (low certainty), and no increase in falls.

My reading: structured exercise appears safe for relatively able very old inpatients, and bed rest is not the safer default. How much it helps may depend on dose and delivery, though this has not been tested directly.",1735,G021_1.png | G021_2.png | G021_3.png,"Bar chart of change in Barthel index (0 to 100) from admission to discharge in 370 medical inpatients, average age 87: usual care -5 points, exercise twice a day +2 points. Patients could walk and take part. || Card: two 20-minute sessions a day. Morning supervised strength, balance and walking; evening light ankle weights and a corridor walk; weekends included, median 5 days. || Card: when the dose was smaller. 3 hospitals with 3 exercise days: smaller benefit, no clear difference in everyday activities. 24 trials pooled: no clear gain in independence at discharge; falls not increased.",Sources: Martínez-Velilla 2019 https://doi.org/10.1001/jamainternmed.2018.4869 ; Martínez-Velilla 2022 https://doi.org/10.1001/jamainternmed.2021.7654 ; Hartley 2022 Cochrane https://doi.org/10.1002/14651858.CD005955.pub3
G022,C03,public,Weighing it up,"Recovery from a broken hip goes on for months. In one large US study of people who had lived at home before the fracture, leg function took close to a year on average to reach its best. Mood, arm function and thinking reached their best at about 4 months. The study ran in 1990 and 1991.

A later review of many studies found that most of the recovery in walking and daily activities came in the first 6 months. After that the gains were smaller. Roughly 4 to 6 in 10 people got back to the mobility they had before the fracture. Fewer people who came from care homes did so.

These are averages for groups of people. Some people never regain their earlier function.

Specialist rehabilitation may help. In trials, rehabilitation in hospital led by a specialist team probably meant fewer people died or needed a move to a care home over the next 6 to 12 months. The figure was about 31 in 100, compared with about 35 in 100 with usual care. Deaths and moves to a higher level of care are counted together.

A 2017 paper said that policy in England and Scotland has been to avoid, where possible, moving a person into a care home straight from a hospital ward.

Sources: Magaziner et al, J Gerontol 2000; Dyer et al, BMC Geriatr 2016; Handoll et al, Cochrane 2021; Harrison et al, Age Ageing 2017.

Our judgement: recovery goes on for months, so in the first weeks after a hip fracture a person is usually still early in recovery. Where it is safe, a permanent care home decision should wait until the person has had time and rehabilitation to recover. Sometimes a care home is the right choice. The person should take part in that decision either way.

Questions you or your family can ask:
1. What rehabilitation is planned, and for how long?
2. When will we look at this decision again?
3. What would need to change for going home to be possible?",1848,G022.png,"Timeline of recovery after a broken hip: first weeks in hospital, about 4 months for mood, arm function and thinking at their best, up to 6 months for most walking gains, close to 1 year for leg function at its best, all averages. A dotted rising line is illustrative only. Decide after rehabilitation where safe.",Sources: https://doi.org/10.1093/gerona/55.9.m498 https://doi.org/10.1186/s12877-016-0332-0 https://doi.org/10.1002/14651858.CD007125.pub3 https://doi.org/10.1093/ageing/afw188
G023,C03,both,"Small detail, real effect","Moving is what hurts most after a broken hip. Pain is often mild while the person lies still and severe when they are moved. Scotland's national hip fracture standards make this point, and name a nerve block (a fascia iliaca block) as the first choice for pain relief in the emergency department.

A nerve block is an injection of local anaesthetic near the nerves that supply the hip.

What the evidence shows:
1. A Cochrane review, which pools the results of trials, found that a block reduced pain on movement within half an hour by about 2.5 points on a 0 to 10 scale, compared with no block. This result comes from 11 trials with 503 people, and everyone could have other pain relief too.
2. Blocks probably mean fewer chest infections, and people getting out of bed about 11 hours sooner than with no block. These results come from only a few small trials, and whether blocks affect survival is uncertain.
3. People with dementia were often left out of these trials.

Timing is the practical detail. A single injection gives several hours of relief, not relief until the operation. The trials measured the benefit for up to 4 hours; one review put it at about 8 hours with a long-acting local anaesthetic. Given early in the emergency department, it can cover the X-ray and the move to the ward. It can also cover the first hours of nursing care, for as long as it lasts. The Association of Anaesthetists (the UK body for anaesthetists) also advises another block at the time of surgery.

NICE (health guidance for England and Wales) asks for pain relief good enough to allow moving for X-rays, nursing care and rehabilitation. It says to consider a block when paracetamol and morphine-type drugs are not enough.

Staff can time the block before the moves rather than after them. Families can ask whether one has been offered.",1832,G023.png,"Flow of five steps after a broken hip: nerve block in the emergency department, X-ray, move to the ward, nursing care, surgery with another block advised. A fading bar shows one injection gives several hours of relief. Pain on movement was about 2.5 points lower out of 10 within half an hour.",Sources: https://doi.org/10.1002/14651858.CD001159.pub3 https://doi.org/10.1111/anae.15291 https://www.nice.org.uk/guidance/cg124 https://publichealthscotland.scot/resources-and-tools/health-strategy-and-outcomes/scottish-national-audit-programme-snap/scottish-hip-fracture-audit-shfa/overview-of-shfa/
G024,C03,practitioners,Reading the evidence,"Operating within hours did not clearly reduce deaths in HIP ATTACK, a trial of 2,970 people with hip fracture in 69 hospitals across 17 countries. People were randomised to accelerated surgery or usual care. Median time from diagnosis to surgery was 6 hours in the accelerated group and 24 hours in the usual-care group.

At 90 days, about 9 in 100 had died in the accelerated group and 10 in 100 in the usual-care group. Death or a major complication (a combined measure) affected about 22 in 100 in both. Accelerated surgery did not clearly reduce either outcome. The uncertainty range runs from about 1 more to 3 fewer deaths per 100, so a small benefit is possible.

Secondary outcomes favoured speed: the accelerated group got up and about sooner and left hospital sooner, with no sign of harm (as summarised in the Association of Anaesthetists 2020 guideline).

Half of the usual-care group had surgery within about 24 hours of diagnosis, and three quarters within about 42 hours. So the trial tested very fast against fairly fast.

A large observational study in Ontario looked at a different question. In more than 40,000 people, those who waited more than 24 hours from arrival were slightly more likely to die within 30 days: about 6.5 in 100 compared with 5.8 in 100 in matched people operated on sooner. That is a link, and it does not show that the wait caused the deaths; people who wait may be sicker.

UK guidance asks for surgery on the day of admission or the day after (NICE), and within 36 hours (Association of Anaesthetists, counted from the fracture; Scottish standard, counted from admission).

Our reading: the target is to remove avoidable delay, not to operate as fast as is physically possible. The trial did not show that very fast surgery saves lives. The fast group did get up and leave hospital sooner. The Ontario data link waits of more than a day with slightly more deaths, so avoidable delay of a day or more is hard to defend.",1963,G024.png,"Bar chart from the HIP ATTACK trial of 2,970 people. Died by 90 days: 9 in 100 with surgery at a median 6 hours, 10 in 100 at a median 24 hours. Death or major complication: 22 in 100 in both groups. No clear difference. Observational and guideline timings are noted below.",Sources: https://doi.org/10.1016/S0140-6736(20)30058-1 https://doi.org/10.1001/jama.2017.17606 https://doi.org/10.1111/anae.15291 https://www.nice.org.uk/guidance/cg124 https://publichealthscotland.scot/resources-and-tools/health-strategy-and-outcomes/scottish-national-audit-programme-snap/scottish-hip-fracture-audit-shfa/overview-of-shfa/
G025,C03,public,Weighing it up,"NICE's guideline group describes surgery as the best form of pain relief for a broken hip. Even when a hip fracture comes with a terminal illness, it says the team should still consider surgery as part of palliative care. Palliative care eases pain and respects the person's wishes.

A Dutch study, FRAIL-HIP, looked at a very different group from most people with a broken hip. It followed 172 very frail care home residents, typical (median) age 88, whose life expectancy was already short. After talking it through, 88 chose care without an operation and 84 chose an operation. The groups were formed by people's own choices, not by random allocation.

What it found:
1. Relatives and care staff rated quality of life in the following weeks. By the study's own test, quality of life was not lower without an operation by more than a difference the researchers had set in advance as acceptable. These were other people's ratings, and comparisons after about a month are unreliable because most of the non-operative group had died.
2. About 8 in 10 of those who chose no operation died within a month, compared with 1 in 4 of those who had surgery. The frailest people chose no operation, so this gap does not show what the operation itself did.
3. About 50 relatives answered about a death without an operation. 26 rated the dying as good to almost perfect and 2 rated it as poor or terrible. These are relatives' judgements.
4. The researchers judged that pain was undertreated without an operation, and 2 people changed to surgery because their pain grew worse.

Scotland's hip fracture standards expect a written care or palliative care plan if a decision not to operate is agreed, and a fresh look at the decision if the person gets better.

Our judgement: care without an operation is active care. It needs regular, strong pain relief, careful nursing and support for the family. For a very small group it deserves an open conversation. It should never be offered as a default because someone is old, frail or has dementia.",2030,G025.png,"Two columns comparing paths after a broken hip for a very small group with short life expectancy. Operation: surgery, then pain relief, getting up and rehabilitation. Care without an operation should include strong pain relief, careful nursing, family support and a written palliative care plan.",Sources: https://doi.org/10.1001/jamasurg.2022.0089 https://www.nice.org.uk/guidance/cg124 https://publichealthscotland.scot/resources-and-tools/health-strategy-and-outcomes/scottish-national-audit-programme-snap/scottish-hip-fracture-audit-shfa/overview-of-shfa/
G026,C03,practitioners,Teaching round,"Sixteen older people (aged 75 and over) walked on pressure-sensing insoles after hip fracture surgery, each told to put only part of their weight through the operated leg.

None kept to the limit throughout the walk; one managed it briefly. 11 of the 16 put more than twice the permitted weight through the leg. By contrast, 14 of 18 young adults with ankle fractures kept to almost the entire restriction. (Kammerlander et al, J Bone Joint Surg Am 2018; one walking session, one centre.)

A second small German study, from the same research group, compared older people told to limit weight with those allowed full weight. The restricted group walked more slowly and had lower mobility scores on day 5, but pressed just as hard through the leg. It was a before-and-after comparison, not a randomised trial.

In these two small studies, older people told to restrict weight walked more slowly but did not load the leg any less.

NICE guidance says surgeons should operate with the aim of letting the person bear full weight, without restriction, straight after surgery. That is an aim. Clinicians still restrict weight-bearing for some fractures and fixations.

A question for the physiotherapist or the ward round: what is the reason for this restriction, and how will this person move safely in the meantime?",1310,G026.png,"Icon array of 16 older people after hip fracture surgery. 11 icons marked with double chevrons put more than twice the permitted weight through the leg; the other 5, marked with a bar, did not keep to it throughout. None of 16 kept to partial weight-bearing. Young adults with ankle fractures mostly did (14 of 18).",Sources: https://doi.org/10.2106/JBJS.17.01222 https://doi.org/10.1007/s00402-019-03193-9 https://www.nice.org.uk/guidance/cg124
G027,C03,practitioners,Teaching round,"NICE lists nine problems to find and treat straight away, so that they do not delay hip fracture surgery:
1. Anaemia
2. Anticoagulation
3. Volume depletion (dehydration)
4. Electrolyte imbalance
5. Uncontrolled diabetes
6. Uncontrolled heart failure
7. Correctable cardiac arrhythmia or ischaemia
8. Acute chest infection
9. Exacerbation of a chronic chest condition

NICE frames these as problems to correct immediately, in the first hours. They are not a list of reasons to postpone surgery.

Three things that should not hold up the operation:

Routine tests that will not change the operation or the anaesthetic. NICE's guideline developers wrote that people should not be kept waiting for them.

A heart scan (echocardiogram). The Association of Anaesthetists says not to delay surgery for one. The result rarely changes how the anaesthetic is given. A valve problem is very unlikely to be treated before the hip. It still expects careful, monitored anaesthesia.

Aspirin or clopidogrel. Association of Anaesthetists guidance has advised since 2011, restated in its 2020 update, that surgery should not be delayed for these. Observational studies of people on clopidogrel having early surgery found slightly more transfusions but no rise in deaths. Warfarin is an anticoagulant, needs reversal, and belongs on the NICE list.

The 2020 guidance says 36 hours (or less) is enough time to correct medical obstacles to surgery, if the work starts at once on arrival. It says the team should say what needs to happen and document any decisions. The Scottish standards add that surgery should not be delayed unless the benefits of more medical treatment outweigh the risks of waiting. They also say 36 hours is enough if the work starts at once.

Our view: when a delay is given a medical reason, the record should name the problem being corrected and the time by which it will be corrected.",1890,G027.png,"Checklist for the first hours of a hip fracture. Treat straight away: anaemia, anticoagulation, dehydration, electrolyte imbalance, uncontrolled diabetes, uncontrolled heart failure, correctable arrhythmia or ischaemia, acute chest infection, flare of chronic chest condition. Not a reason to wait: echocardiogram, aspirin or clopidogrel, routine tests.",Sources: https://www.nice.org.uk/guidance/cg124 https://doi.org/10.1111/anae.15291 https://doi.org/10.1016/j.injury.2015.03.024 https://publichealthscotland.scot/resources-and-tools/health-strategy-and-outcomes/scottish-national-audit-programme-snap/scottish-hip-fracture-audit-shfa/overview-of-shfa/
G028,C03,public,Ask this,"The NICE guideline estimates that X-rays pick up 90 to 98 in every 100 broken hips. A normal X-ray is usually right, but a few fractures do not show on it. A person who still can't take weight on the leg the next day needs a second look.

Being unable to take weight on the leg is a typical sign of a broken hip. The NICE guideline says that if someone still can't take weight on the leg the day after the injury, despite good pain relief, doctors should look again. They should strongly suspect a hip fracture. Being able to stand does not rule out a fracture. Not being able to stand can have other causes, such as bruising, so it raises suspicion but does not confirm a fracture.

If a broken hip is still suspected after normal hip X-rays, NICE says to offer an MRI scan. If MRI isn't available within 24 hours, or can't be done, it says to consider a CT scan. (NICE guidance applies formally to England and Wales.)

A review of 35 studies looked at older people, average age 77. Their doctors suspected a hip fracture that the X-ray did not show. Of those people, MRI found a hip fracture needing surgery in about 4 in 10. That figure applies to this selected group, not to everyone with hip pain after a fall.

If you are a relative or a care worker, the words to use are: ""They still can't take weight on that leg. Could there be a hip fracture the X-ray didn't show? Is an MRI needed?""",1393,G028.png,Illustrative three-panel comic. An older woman after a fall is seen with a doctor after a normal hip X-ray. The next morning a care worker beside her bed sees she still can't take weight on the leg. The care worker asks whether an MRI could show a fracture the X-ray missed.,Sources: https://www.nice.org.uk/guidance/cg124/chapter/recommendations https://doi.org/10.1148/radiol.2020192167
G029,C03,public,Ask this,"Being next of kin does not give you the legal right to consent to an operation for your mother. That is the law in England and Wales. Hip fracture surgery is usually needed quickly, and some people can't decide for themselves at that moment.

Under the Mental Capacity Act 2005, if she can't decide, the decision is made by:
1. Someone she appointed in a legal document called a lasting power of attorney for health and welfare. It must be registered to be used, or
2. A deputy appointed by a court with power over her health decisions, or
3. If there is no one like that, usually the doctor responsible, in her best interests.

If she made a valid written refusal of that treatment earlier (an advance decision), that overrides all three.

The decision must take account of what she would want: her wishes, values and beliefs. Family or close friends should be consulted if there is time. In an emergency that conversation may be brief.

In Scotland the law is different. Treatment can go ahead once a doctor completes a certificate of incapacity (a form saying she can't decide for herself). If she has appointed a welfare attorney with power over medical decisions, the doctor must ask that person for consent where it is reasonable and practicable. Her past and present wishes and feelings must be taken into account. Certain people, including any welfare attorney or guardian, must be consulted where that is reasonable and practicable.

Capacity is about one decision at one time. A person may be able to make some decisions but not others, and it can change during the day. You can ask whether she could decide with help, or later in the day, though a hip operation can't wait long.

Our view: you should be told clearly who is making the decision and on what legal basis, and asked what she would want.

Questions you can ask:
Who is making this decision?
Could she decide for herself, with help or at another time?
How will what she would want be taken into account?",1975,G029_1.png | G029_2.png,"Card 1: in England and Wales, next of kin can't consent to surgery for an adult who can't decide; an attorney or deputy decides, or the responsible doctor. In Scotland, a doctor completes a certificate of incapacity. The person's wishes must be taken into account. || Card 2: three questions to ask: who is making the decision and on what basis; could they decide with help or at another time; how will what they would want be taken into account.",Sources: https://doi.org/10.1177/0269215519852987 https://doi.org/10.1016/j.bjae.2018.01.006 https://doi.org/10.1016/j.bjae.2018.04.001 https://doi.org/10.7759/cureus.20322
G030,C03,both,"Small detail, real effect","Trouble swallowing is common after a hip operation, and many older people don't notice it themselves. The first drink is a time to look for it.

In one Australian hospital unit, about 1 in 3 older people (61 of 181) had trouble swallowing after hip fracture surgery. Across studies the average is roughly a third, with wide variation; one Spanish study that tested everyone at the bedside found more than half.

Trouble swallowing was more common in people who were older, came from a care home, or already had a brain or nerve condition, or a lung condition.

In a New Zealand hospital, people with hip fracture and a recorded swallowing problem more often had aspiration pneumonia. This is a chest infection from food or drink going the wrong way. It affected about 1 in 10 of them, compared with fewer than 1 in 100 of the others. They were also more likely to die within 30 days: 18 in 100, compared with 4 in 100. They were older on average, and this link does not show that the swallowing problem caused the deaths. We did not find a study showing that watching the first drink prevents pneumonia.

Signs to watch for at a drink or meal, from a European consensus paper:
1. Coughing or choking
2. A hoarse or changed voice after swallowing
3. Lots of throat clearing
4. Swallowing several times for one mouthful
5. Food left in the mouth

Many older people don't notice these problems themselves. Sitting fully upright to eat and drink, and staying upright for at least half an hour after a meal, is standard advice. After hip surgery, sitting upright may need help and good pain relief.

Families may be present at the first drink as well as staff. If you see these signs, ask for a swallowing assessment.",1712,G030.png,"Annotated scene: an older man sits upright in a high-backed chair holding a cup, with a nurse standing nearby. Four numbered pins mark signs to watch: coughing or choking, hoarse voice, several swallows per mouthful, food left in the mouth. About 1 in 3 older people had swallowing trouble in one Australian unit.",Sources: https://doi.org/10.1093/ageing/aft037 https://doi.org/10.1016/j.archger.2023.105312 https://doi.org/10.1093/ageing/afab032 https://doi.org/10.1002/lary.28194 https://doi.org/10.2147/CIA.S107750
G031,C04,public,Ask this,"Denosumab (brand name Prolia) is a bone injection given once every 6 months. The date of the next one needs someone who owns it.

When denosumab stops, its effect wears off fast. Bone breakdown starts rising about 3 months after a missed dose. By about 6 months it is above the level before treatment. By about a year, the bone density gained (how solid the bone is on a scan) is back where it started.

The fracture figures come from a follow-up of the large FREEDOM trial in women with osteoporosis. On denosumab, women had about 1 spinal fracture per 100 women per year. After stopping, this rose to about 7 per 100 per year. Women who had only ever had a dummy injection had about 8 per 100, so stopping took the rate close to that. About 3 in 100 women who stopped had more than one spinal fracture. Fractures elsewhere in the skeleton did not rise. This was a later analysis, not a randomised trial of stopping.

A UK study of GP records found more spinal fractures in people whose next injection was more than 16 weeks late than in people who had it on time. It was observational, so it shows a link rather than proof.

Nobody has to decide to stop the injection for the date to pass. In my view the safeguard is simple enough for any family to use:

1. Know the date the next injection is due.
2. Know who is booking it: the GP surgery, a clinic or a care home.
3. If it is going to stop, ask for the switch plan. UK and European guidance is to change to another bone medicine, usually a bisphosphonate (a type of bone medicine), about 6 months after the last injection.

If the date has already passed, ring the surgery or clinic now. Ask whether the injection can be given, or what the plan is to switch.",1714,G031.png,"Illustrative timeline of one year on a 6-monthly bone injection: injection at the GP surgery at month 0, hospital stay at month 3, move to a care home with a new GP at month 5, next injection due at month 6 with the question who books it. Two questions: when is it due, who is booking it. If stopping, plan a switch; if overdue, ring the surgery now.",Sources: Cummings 2018 https://pubmed.ncbi.nlm.nih.gov/29105841/ ; NOGG 2022 https://pubmed.ncbi.nlm.nih.gov/35378630/ ; Tsourdi 2021 https://pubmed.ncbi.nlm.nih.gov/33103722/ ; Lyu 2020 https://pubmed.ncbi.nlm.nih.gov/32716706/
G032,C04,both,Reading the evidence,"Injecting cement into a broken spinal bone is called vertebroplasty. It is offered to people with painful osteoporotic spinal fractures, and many feel better afterwards.

Feeling better afterwards is the problem for anyone reading the evidence. Pain from a spinal fracture often eases over weeks. People who have a procedure also expect to improve. A sham procedure, made to look like the real one but without the cement, separates the two.

A 2018 Cochrane review found five trials that did this, with 541 people. At one month, pain averaged 4.3 out of 10 after cement and 5 out of 10 after the sham. That gap is smaller than the difference patients notice. Disability and quality of life were much the same. In the sham trials, pain eased in both groups.

Trials where people knew they had had the procedure, compared with usual care, looked better. The review authors judged those open trials likely to have overestimated the benefit.

The result that went the other way deserves the same attention. One sham trial had 120 people with severe pain (7 out of 10 or more) from fractures under 6 weeks old. At two weeks, 44 in 100 had low pain after cement, against 21 in 100 after the sham. That keeps the question open for a narrow group.

Serious complications, including bone infection and pressure on the spinal cord, have been reported. They are uncommon, and the trials were too small to say whether overall risk is higher.

Balloon kyphoplasty, a similar procedure that first inflates a balloon in the bone, has not been tested against a sham. The UK osteoporosis guideline and a US specialist task force say the evidence does not support routine use of either procedure.

What helps meanwhile: pain relief used safely so you can keep moving, physiotherapy-guided exercise, and starting bone treatment, because a recent spinal fracture raises the risk of another one soon.",1879,G032.png,"Bar chart of average pain at one month out of 10 in five sham-controlled trials of vertebroplasty, 541 people: 4.3 with cement, 5 with sham. The gap is smaller than patients notice. One trial in fractures under 6 weeks old found benefit: low pain at two weeks in 44 in 100 after cement, 21 in 100 after sham.",Sources: Cochrane 2018 https://pubmed.ncbi.nlm.nih.gov/30399208/ ; Clark 2016 (VAPOUR) https://pubmed.ncbi.nlm.nih.gov/27544377/ ; NOGG 2022 https://pubmed.ncbi.nlm.nih.gov/35378630/
G033,C04,both,Weighing it up,"'Alendronic acid, weekly' is one line on a medicine list. For the person taking it, the line means nothing to eat or drink first thing, the tablet swallowed with a glass of plain water, then sitting or standing for 30 minutes before breakfast, drinks or other medicines. People who are unable to stay upright for that long should not take it.

The benefit takes time to arrive. A meta-analysis (one pooled analysis of many trials) of bisphosphonate trials looked at medicines of this type, including alendronic acid. It took about a year of treatment before 1 in every 100 women treated was spared a fracture outside the spine. It took about 20 months before 1 in every 200 was spared a hip fracture. The women in those trials were aged on average 63 to 74 and were not frail or near the end of life. People at very high risk may benefit sooner, so the year is a guide, not a rule.

In the frailest people the trial evidence is thin. A small 2-year trial in 181 frail women in care homes, average age 85, gave one bone infusion or a dummy. Bone density improved, but fractures were not fewer: 20 in 100 with treatment and 16 in 100 with the dummy. The trial was too small to settle the question.

STOPPFrail is a list agreed by experts to help review medicines in frail older people near the end of life. It includes calcium tablets and osteoporosis medicines among those to consider stopping, because their benefit is unlikely to arrive within a year. It is a prompt for a shared decision, not an instruction.

One exception: denosumab injections should not just lapse, because bone loss after stopping starts within months. If the person may live longer than that, ask for a plan.

In my judgement, stopping a bone tablet near the end of life should never mean less pain relief, less falls care or less comfort. We should say that out loud when we suggest it.",1861,G033.png,"Drawing of an older woman sitting in an armchair beside a bedside table with a jug and glass of water, with a numbered list of the weekly tablet routine: nothing to eat or drink first, tablet with plain water, sit or stand 30 minutes, then breakfast. About 1 year of treatment spared 1 in 100 women a fracture outside the spine. Near the end of life consider stopping; denosumab needs a plan.",Sources: Deardorff 2022 https://pubmed.ncbi.nlm.nih.gov/34807231/ ; STOPPFrail 2017 https://pubmed.ncbi.nlm.nih.gov/28119312/ ; Greenspan 2015 https://pubmed.ncbi.nlm.nih.gov/25867538/ ; NOGG 2022 https://pubmed.ncbi.nlm.nih.gov/35378630/
G034,C04,both,Reading the evidence,"Two very large trials found vitamin D tablets did not prevent broken bones. The people in them were mostly healthy, and in VITAL most were not short of vitamin D. Both facts belong in the headline.

VITAL enrolled nearly 26,000 generally healthy Americans aged 50 and over. They took 2000 units of vitamin D a day or a dummy pill for about 5 years. About 6 in 100 in each group broke a bone (769 of 12,927 with vitamin D against 782 of 12,944 with the dummy). Hip fractures were no different.

D-Health gave over 20,000 Australians aged 60 to 84 a monthly dose or a dummy for about 5 years. 5.6 in 100 broke a bone with vitamin D and 5.9 in 100 with the dummy, not a clear difference.

Most VITAL volunteers had normal vitamin D levels. Only about 2 in 100 were very low. The trial was not designed to test people who are short of vitamin D, and in that small very-low group there was no sign of benefit either. The authors say the results may not apply to people with osteoporosis or to older people in care homes. So the evidence for people short of vitamin D is thin, not absent.

Reviews that combined many trials agree that vitamin D on its own does not prevent fractures. Vitamin D given with calcium cut hip fractures slightly. The estimate is 1 fewer hip fracture per 1000 older people a year at home, and 9 fewer per 1000 a year in care homes, where hip fractures are far more common. Those per-1000 figures are estimates from applying the combined result to typical risks.

A fair reading: extra vitamin D alone does not prevent fractures in people like those studied. That is a narrower statement than 'vitamin D is useless'.

UK guidance still says people on bone medicines should have enough vitamin D. It also says calcium with vitamin D should go to those at risk whose diet is short of calcium.",1810,G034_1.png | G034_2.png | G034_3.png,"Two 10 by 10 grids, 6 filled in each. In the VITAL trial about 6 in 100 broke a bone over about 5 years, with vitamin D (769 of 12,927) and with a dummy pill (782 of 12,944). Vitamin D alone did not mean fewer broken bones. || Big number: 2 in 100 had very low vitamin D. The trial was mostly healthy adults aged 50 and over, not designed to test people short of vitamin D; authors say results may not apply to people with osteoporosis or in care homes. || Bars labelled as estimates: with calcium, about 1 fewer hip fracture per 1000 people a year at home and about 9 fewer per 1000 in care homes. On a bone medicine you still need enough vitamin D.",Sources: LeBoff 2022 (VITAL) https://pubmed.ncbi.nlm.nih.gov/35939577/ ; Waterhouse 2023 (D-Health) https://pubmed.ncbi.nlm.nih.gov/37011645/ ; Avenell 2014 Cochrane https://pubmed.ncbi.nlm.nih.gov/24729336/ ; NOGG 2022 https://pubmed.ncbi.nlm.nih.gov/35378630/
G035,C04,practitioners,What gets counted,"In 1990, a trial of sodium fluoride raised spine bone density by 35% more than placebo over four years, in 202 women with osteoporosis and spinal fractures.

Spinal fractures were not reduced: 163 new spinal fractures with fluoride and 136 with placebo, not a clear difference. Fractures away from the spine numbered 72 with fluoride against 24 with placebo. These are counts of fractures, not numbers of women, and only 66 and 69 women completed the trial. A review of 11 fluoride trials found the same pattern with high doses.

Fluoride is not a current treatment. The lesson is about what we count. A density number is easy to measure and compare. Fractures, pain, height and independence are what people experience.

For the drugs in current use, density is a reasonable guide across whole trials: in 23 trials with over 90,000 people, drugs that raised hip density more cut fractures more. That is why density is used to judge new drugs.

It also explains only part of the benefit: with alendronate, the spine density gain accounted for about 16% of the fall in spinal fractures. In one person it is a weaker guide still. In alendronate trial data, the scan's own variation from one measurement to the next was larger than the differences between people, and the authors concluded that routine repeat scans in the first three years are unnecessary and can mislead.

What UK guidance asks instead, if someone breaks a bone on treatment:

1. Check whether the medicine has been taken correctly (less than 80% of doses taken correctly counts as poor adherence).
2. Look for other causes of bone loss.
3. Use density, with a risk calculator, when deciding after 3 to 5 years whether to continue.

A small change on one repeat scan does not mean the drug is failing.",1766,G035.png,"Bar chart of fracture counts in a 4-year sodium fluoride trial of 202 women. Spine density was 35% higher with fluoride. Spinal fractures: 163 with fluoride, 136 with placebo, no clear difference. Other fractures: 72 with fluoride, 24 with placebo. Counts of fractures, not women.",Sources: Riggs 1990 https://pubmed.ncbi.nlm.nih.gov/2407957/ ; Black 2020 https://pubmed.ncbi.nlm.nih.gov/32707115/ ; Cummings 2002 https://pubmed.ncbi.nlm.nih.gov/11893367/ ; Bell 2009 https://pubmed.ncbi.nlm.nih.gov/19549996/ ; NOGG 2022 https://pubmed.ncbi.nlm.nih.gov/35378630/
G036,C04,practitioners,Reading the evidence,"Low kidney function often rules out a bisphosphonate. Zoledronate and risedronate should not be used, and alendronate and ibandronate need caution. Denosumab, which the kidneys do not clear, is often the alternative. That is right, and it needs a qualification.

In a US study of women aged 65 and over on dialysis, about 41 in 100 who started denosumab had a severe drop in blood calcium within 12 weeks, against 2 in 100 who started a bisphosphonate tablet. About 11 in 100 on denosumab had a very severe drop. The study was observational, and much of the low calcium was found on routine monthly dialysis blood tests.

A larger US study looked only at low calcium needing hospital or emergency care. The risk rose as kidney function fell: about 3 in 100 people on dialysis and about 6 in 1,000 with stage 4 or 5 kidney disease not on dialysis, against almost none on bisphosphonate tablets. The two studies used different definitions, so their figures should not be merged.

UK product information, as reported by NOGG 2022:

1. Find and correct low calcium, including from low vitamin D, before the first dose.
2. Check calcium before each injection.
3. With creatinine clearance below 35 ml/min, check calcium again within 2 weeks of the first injection.
4. Tell patients to report symptoms of low calcium.

In people on dialysis, weak bones are often part of a kidney-related bone disorder. Expert commentary advises that the kidney team is part of the decision and the calcium plan.

Low kidney function is a reason to plan bone treatment carefully, with calcium checks written into the plan from the first dose.",1619,G036.png,"Checklist for denosumab with low kidney function. In women 65 and over on dialysis, severe low calcium within 12 weeks: 41 in 100 on denosumab against 2 in 100 on a bisphosphonate (observational). Correct calcium and vitamin D first, check calcium before each injection, recheck within 2 weeks if CrCl is below 35, report symptoms, involve the kidney team.",Sources: Bird 2024 JAMA https://pubmed.ncbi.nlm.nih.gov/38241060/ ; Bird 2024 Ann Intern Med https://pubmed.ncbi.nlm.nih.gov/39556837/ ; NOGG 2022 https://pubmed.ncbi.nlm.nih.gov/35378630/
G037,C04,practitioners,Teaching round,"What should a new thigh ache mean in someone on a bisphosphonate for years?

Usually something else. Thigh pain is common and has many causes. The reason to ask is to find the few people with an early stress fracture.

Atypical thigh-bone fractures are rare stress fractures of the upper shaft of the femur. On bisphosphonates they occur in about 3 to 50 people per 100,000 per year, perhaps nearer 100 per 100,000 after many years of use. They have also been reported with denosumab, and they occur in people on neither drug. The risk rises with years of bisphosphonate treatment and falls soon after stopping.

They often give warning. In the early case series reviewed by an ASBMR task force, about 7 in 10 people had an ache in the thigh, groin or hip for days, weeks or months beforehand, and about 1 in 4 had fractures or X-ray changes in both femurs. Another series found warning pain in about a third, so the proportions vary.

What UK guidance (NOGG 2022) asks:

1. Ask people on these medicines to report unexplained thigh, groin or hip pain, and ask at reviews.
2. If it is present, image the whole length of the femur: X-ray, isotope scan or MRI.
3. If an atypical fracture is found, image the other femur too.

If the X-ray does not explain continuing pain, MRI can show a stress fracture the X-ray misses.

Keep the balance in view. For every 10,000 White women treated for 3 years, researchers estimated about 149 hip fractures prevented and 2 atypical fractures. For Asian women the balance was less favourable, 91 prevented and 8 caused, though still positive. These are modelled estimates, not observed counts.",1628,G037.png,"Line drawing of two thigh bones, the upper shaft of one shaded and marked 1, a numbered mark 2 at the hip for warning ache, the other bone dotted to show both sides can be affected. Ask about thigh, groin or hip pain at reviews; image the whole femur; if found, image the other side. Modelled: 149 hip fractures prevented against 2 atypical per 10,000 White women over 3 years.",Sources: Shane 2014 ASBMR task force https://pubmed.ncbi.nlm.nih.gov/23712442/ ; Black 2020 NEJM https://pubmed.ncbi.nlm.nih.gov/32813950/ ; NOGG 2022 https://pubmed.ncbi.nlm.nih.gov/35378630/
G038,C04,public,"Small detail, real effect","Take the weekly bone tablet first thing, with a full glass of plain water (about 200 mL), sitting or standing. Then wait at least 30 minutes before any food, any drink other than water, or any other tablets, including calcium. Do not lie down during those 30 minutes.

The leaflet's rules can look fussy. Each one has a reason.

Only a tiny fraction of each alendronic acid tablet is absorbed: less than 1 part in 100, even when it is taken with water on an empty stomach. That figure comes from absorption studies in volunteers.

In those studies, taking the tablet with black coffee or orange juice instead of water cut the amount absorbed by about 60 per cent. Taking it with breakfast, or within 2 hours after breakfast, cut it by more than 85 per cent. These are measures of absorption, not of fractures, but they show how easily a small amount becomes smaller.

Thirty minutes is the minimum, set as a practical compromise. Guidance says at least 30 minutes.

The full glass of water and staying upright help the tablet pass quickly into the stomach. Reports of gullet irritation from alendronic acid were mostly linked with taking it with little water or lying down afterwards. If swallowing becomes painful or you get new heartburn, stop taking it and ask your doctor or pharmacist.

If you are not sure you have the routine right, a community pharmacist can go through it with you.",1390,G038.png,"Four-panel illustrative comic. An older man takes the weekly bone tablet with a full glass of plain water before breakfast, then stands. His partner, with a walking stick, waits by the kettle: no coffee, juice, food or other tablets for 30 minutes. In volunteers coffee or juice cut absorption by about 60%. After 30 minutes they sit to breakfast.",Sources: Gertz 1995 https://pubmed.ncbi.nlm.nih.gov/7554702/ ; de Groen 1996 https://pubmed.ncbi.nlm.nih.gov/8793925/ ; NOGG 2022 https://pubmed.ncbi.nlm.nih.gov/35378630/
G039,C04,practitioners,Teaching round,"Five years of bisphosphonate tablets, or three years of yearly zoledronate infusions, is a review date. UK guidance (NOGG 2022) is clear that a drug holiday is not automatic: each person's fracture risk is looked at again and the decision is individual.

Continue, usually for up to 10 years of tablets or 6 years of infusions, if the person:

1. is 70 or over
2. has had a hip or spinal fracture
3. takes steroid tablets at 7.5 mg of prednisolone a day or more
4. has broken a bone during treatment
5. still has a high fracture risk when it is recalculated

For people at lower risk, a planned break of 18 months to 3 years can be offered. Reassess after about 2 years for alendronate, 3 years for zoledronate and 18 months for risedronate or ibandronate. Restart at once if a new fracture happens.

The trials show what continuing buys. In FLEX, women who carried on alendronate for 5 more years had fewer spinal fractures that caused symptoms (about 2 in 100 against 5 in 100), but the same rate of other fractures (19 in 100 in both groups). In the zoledronate extension, 3 more infusions meant fewer spinal fractures seen on X-ray (14 women against 30, of about 616 in each group), with no clear difference in other fractures.

Bisphosphonates stay in bone, so their effect fades slowly after stopping, faster for alendronate than for zoledronate. The rare atypical thigh-bone fracture becomes more likely with more years of treatment and less likely soon after stopping.

None of this applies to denosumab, which needs a switch plan before it stops (see the earlier post).

In practice: make the holiday a named decision, write the reassessment date in the record, and tell the person what would bring treatment back sooner.",1730,G039.png,"Flow diagram. After 5 years of tablets or 3 of zoledronate, reassess fracture risk; a holiday is not automatic. Higher risk (70 or over, hip or spinal fracture, prednisolone 7.5 mg a day or more, fracture on treatment, still high risk): continue. Lower risk: planned break of 18 months to 3 years, then reassess. Denosumab has no holiday.",Sources: NOGG 2022 https://pubmed.ncbi.nlm.nih.gov/35378630/ ; Adler 2016 ASBMR https://pubmed.ncbi.nlm.nih.gov/26350171/ ; Black 2006 FLEX https://pubmed.ncbi.nlm.nih.gov/17190893/ ; Black 2012 https://pubmed.ncbi.nlm.nih.gov/22161728/
G040,C04,public,Ask this,"If you are a man starting long-term hormone treatment for prostate cancer, ask about your bones at the start.

Treatment that lowers testosterone thins bone fastest in the first 6 to 12 months. That is why the first appointments are the time to ask.

In US records of men with prostate cancer, among men who lived at least 5 years after diagnosis, about 19 in 100 who had hormone treatment had broken a bone, compared with about 13 in 100 who did not. The study was observational, so it shows a link, and men who had more doses had more fractures. Across 16 studies of more than half a million men, the link was consistent.

Women have the same question to ask. Aromatase inhibitors for breast cancer (anastrozole, letrozole, exemestane) work by removing almost all oestrogen, and they speed up bone loss. Women taking them lose on average 1 to 3 per cent of bone density a year and have more fractures than women not taking them. Tamoxifen has not been found to thin bone after the menopause.

What UK guidance says:

1. Every woman starting an aromatase inhibitor should have her fracture risk checked, with a bone density scan where practical.
2. Every man starting long-term hormone treatment for prostate cancer should have his fracture risk worked out, with a scan where possible.

UK specialists writing in 2020 said bone health was often not well managed in men on this treatment.

If the check shows a high risk, bone medicines can stop the thinning. In women on aromatase inhibitors, some have been shown to prevent fractures. In men the fracture evidence is thinner, but the bone loss can be prevented.

If you are starting one of these treatments and nobody has mentioned your bones, ask for a fracture risk check.",1726,G040.png,"Question card. Hormone treatment for prostate cancer and aromatase inhibitors for breast cancer both speed bone loss. Suggested question: can my fracture risk be checked now, at the start? In men with prostate cancer who lived 5 or more years, 19 in 100 on hormone treatment had broken a bone against 13 in 100 without, a link not proof.",Sources: Shahinian 2005 https://pubmed.ncbi.nlm.nih.gov/15647578/ ; Brown 2020 https://pubmed.ncbi.nlm.nih.gov/32995252/ ; NOGG 2022 https://pubmed.ncbi.nlm.nih.gov/35378630/ ; Hadji 2017 https://pubmed.ncbi.nlm.nih.gov/28413771/
G041,C05,practitioners,What gets counted,"A ward note saying ""improving since admission"" can be true while the person goes home less able than before they became ill.

A note that measures from the day of admission leaves out loss that happened before the person arrived.

A US study followed 2,293 people aged 70 and over admitted to medical wards (Covinsky 2003). 35 in 100 went home less able in basic daily activities than they had been two weeks before admission. The activities were washing, dressing, eating, getting in and out of bed and using the toilet.

Most of that loss came before the ward. 23 in 100 had declined before arrival and had not recovered by discharge. 12 in 100 declined during the stay. That makes the 35 in 100 (23 plus 12). A further 20 in 100 had declined before admission but had recovered by discharge, so they are not in the 35.

The older the person, the more often they went home less able than before the illness. The share was 23 in 100 at 70 to 74 and 63 in 100 at 90 and over (not adjusted for other differences).

A 2020 review (Loyd, J Am Med Dir Assoc) pooled studies of 7,375 adults aged 65 and over. About 3 in 10 lost independence in basic daily activities after an acute hospital stay, a similar share to the 35 in 100 above. The share changed little by the year the study began. Results varied widely between studies.

Limits: function was reported by patients or relatives, the five activities do not include walking, and the Covinsky data are more than 20 years old.

In a 2001 study of 525 medical patients aged 70 and over at one US centre, most paper hospital records did not say whether the person could manage individual daily tasks before admission. Walking was the exception. Electronic records may differ.

No trial has tested whether recording the level before the illness improves outcomes. Even so, we should record what the person could do two weeks before the illness, and write at discharge how far they are from that level. A line such as ""Two weeks before: X. Now: Y."" gives the next team a reference point.",2031,G041_1.png | G041_2.png,"Illustrative line diagram, no numbers. Function starts high two weeks before, drops to its lowest at admission, then rises by discharge but stays below the starting level. A solid teal bracket marks the gain since admission; a dashed orange bracket marks the gap still left. || Bar divided into 100 parts for 2,293 people aged 70+ on US medical wards: 23 lost function before admission and did not regain it, 12 lost it during the stay, 20 lost it before admission but regained it, 45 everyone else. 35 in 100 went home less able. Data over 20 years old.",Sources: https://doi.org/10.1046/j.1532-5415.2003.51152.x | https://doi.org/10.1016/j.jamda.2019.09.015 | https://doi.org/10.1111/j.1525-1497.2001.00625.x
G042,C05,practitioners,Teaching round,"""Any difficulty with stairs?"" ""No.""

That answer can miss the person who now takes the stairs one at a time, holding the rail with both hands. Researchers call this stage preclinical disability: the task still gets done, but the method or frequency has changed.

In a Baltimore study of 436 women aged 70 to 80 (Fried 2001), women who had changed how or how often they walked half a mile or climbed 10 steps, but reported no difficulty, were measured as slower, weaker and less steady than women with no change. They were not as affected as women who reported difficulty.

Some women reported no difficulty at the start. Those who had changed how they walked or climbed stairs had about 3 to 4 times the odds of developing difficulty over the next 18 months. This held after allowing for walking speed (Fried 2000).

A later analysis of the same women pointed the same way. Women who newly reported such changes were more likely to report new walking difficulty a year and a half later, though the uncertainty was wide (Weiss 2012).

A smaller Finnish study of people aged 75 to 81 found a similar pattern in men and women over 2 years (Mänty 2007).

Limits: the main studies were of women in their 70s in Baltimore, the more able two thirds of their age group, recruited in 1994 and 1995. The researchers proposed this stage as a point to offer help; these studies did not test whether acting then prevents disability.

The question used in the research: ""Have you changed the way you walk half a mile, or how often you do this, because of a health or physical condition?""

We should add this question to the functional history, next to the difficulty question.",1662,G042.png,Three-panel comic. A clinician asks a woman in her late 70s about difficulty with stairs and she says no. At home she climbs one step at a time holding the rail with both hands. The clinician then asks whether she has changed how or how often she climbs. Illustrative; linked to later difficulty in Baltimore studies.,Sources: https://doi.org/10.1016/s0895-4356(01)00357-2 | https://doi.org/10.1093/gerona/55.1.m43 | https://doi.org/10.1016/j.archger.2011.08.018 | https://doi.org/10.1016/j.apmr.2007.06.016
G043,C05,public,Care that works,"Being told you are frail describes where you are now. It can change, in both directions.

A 2019 review pooled 16 studies of 42,775 older people living at home, followed for about 4 years on average (Kojima 2019). Of those reassessed:

1. About 14 in 100 became less frail.
2. About 29 in 100 became more frail.
3. About 57 in 100 stayed the same.

So worsening was about twice as common as improvement. Improvement was real, though. People who were prefrail (the early stage of frailty) were much more likely to lose all frailty signs than people who were frail. About 23 in 100 prefrail people later showed none of the signs. About 18 in 100 became frail.

Among people who were frail, improvement was mostly to the early stage. About 40 in 100 moved to prefrail, about 55 in 100 stayed frail, and only about 3 in 100 later showed none of the signs. A US study of 754 people found the same: going straight from frail to not frail at all was very rare, under 1 in 100 in each 18-month period. That fits the 3 in 100 above, which covers about 4 years on average.

These figures come from people living at home, and all the studies used one checklist of five physical signs of frailty.

International frailty guidelines recommend, as the first step, an exercise programme that includes strength training. They recommend protein or calorie supplements for people who are losing weight or undernourished. They also recommend a fuller assessment for anyone found to be frail (Dent 2019).

If you have been told you are frail, you can ask two things: what exercise to build strength is available to you, and when your frailty will be looked at again.",1645,G043.png,"Ten by ten array of 100 person icons: 14 teal with up arrows are less frail, 57 grey are the same, 29 orange with down arrows are more frail, about 4 years later on average. Pooled from 16 studies of 42,775 people living at home. Improvement among frail people was mostly to prefrail.",Sources: https://doi.org/10.1016/j.arr.2019.01.010 | https://doi.org/10.1001/archinte.166.4.418 | https://doi.org/10.1007/s12603-019-1273-z
G044,C05,practitioners,Teaching round,"Two people can both score 6 on the Clinical Frailty Scale (CFS) for different reasons.

The scale describes how much help a person needs, whatever the cause. Level 7, for example, means complete dependence for personal care, whether the cause is physical or cognitive.

Level 6 describes someone who needs help with all activities outside the home and with housework. They often have trouble with stairs, need help to bathe, and may need prompting or someone standing by while dressing.

The developers point out that this pattern fits two quite different people. One has moderate dementia and can wash and dress only with prompting. The other thinks clearly but needs a person standing by because of a physical disability (Rockwood and Theou 2020).

The guidance adds that in dementia the frailty level generally follows the stage of dementia: mild dementia with level 5, moderate with 6, severe with 7. ""Generally"" marks this as a guide to scoring, with exceptions.

The developers describe the score as a clinical judgement that summarises function, cognition and mobility. They say a care plan is still needed, and that predicting outcome also needs the severity of the current illness.

No study was found comparing outcomes for people who reach the same score by different routes, and no published guidance recommends recording the route. The suggestion below follows from how the scale is built.

Two example entries, not real patients: ""CFS 6 (moderate dementia; walks independently)"" and ""CFS 6 (severe arthritis; needs standby help)"". Each tells the next reader what kind of help to plan for.

We should write the reason next to the number.",1650,G044.png,"Two drawn scenes, both scoring CFS 6. On the left an older man with moderate dementia walks on his own while a carer helps with dressing. On the right a woman with intact thinking sits on a shower stool, a walking frame beside her, with a support worker standing by. Write the reason next to the number.","Source: Rockwood and Theou, Can Geriatr J 2020 https://doi.org/10.5770/cgj.23.463"
G045,C05,public,Ask this,"""CFS 6"" in a hospital letter with no explanation means the Clinical Frailty Scale.

The scale has 9 levels, from 1 (very fit) to 9 (terminally ill). In plain words:

1. Levels 1 to 3: very fit, fit, or managing well.
2. Level 4, very mild frailty: symptoms slow you down, but you do not need help from others day to day.
3. Level 5, mild frailty: help with things like money, transport and heavy housework.
4. Level 6, moderate frailty: help with everything outside the home, with housework and with bathing.
5. Level 7, severe frailty: needing others for all personal care.
6. Level 8, very severe frailty: the same, and approaching the end of life.
7. Level 9: expected to live less than about 6 months, but not otherwise severely frail. Many are still active.

So levels 5 to 8 describe increasing need for help. Older letters may use earlier names, such as ""vulnerable"" for level 4.

The score is meant to describe how you usually are, not how you seem while ill. The developers give the example of how someone was two weeks before coming into hospital. Level 9 is the one exception, based on the current illness.

Doctors use the score to help judge how someone may cope with illness and treatment and to plan care. It is one input and depends on a clinician's judgement. It was designed for older people. It is not well tested in younger people or in people with a long-standing single disability (Rockwood and Theou 2020). The score is one input. It should not be the only thing that decides treatment.

You can ask: what was my score based on, does it describe me before this illness, and what is it being used for?",1623,G045_1.png | G045_2.png,"Ladder of Clinical Frailty Scale levels in plain words: 1 to 3 fit or managing well; 4 slowed down; 5 help with money, transport, heavy housework; 6 help outside the home and bathing; 7 all personal care; 8 as 7, near end of life; 9 under about 6 months. Ask what the score was based on. || Three questions to ask about a frailty score: what was it based on, does it describe me before this illness, and what is it being used for. A drawn older Black woman and her adult son sit at a kitchen table with a paper between them.","Source: Rockwood and Theou, Can Geriatr J 2020 https://doi.org/10.5770/cgj.23.463"
G046,C05,public,Care that works,"Difficulty with everyday tasks can come from two places: what your body can do, and how your home is set up.

A US trial called CAPABLE worked on both (Szanton 2019). 300 older people on low incomes in Baltimore, who had difficulty with everyday tasks, took part. About half were offered up to 10 home visits over 5 months: up to 6 from an occupational therapist, up to 4 from a nurse, and repairs or equipment from a handyperson. The visits worked on goals each person chose. The comparison group had 10 friendly social visits.

After 5 months, people who had the programme reported less difficulty with basic tasks such as washing, dressing, using the toilet and getting in and out of bed. On a scale of difficulty with daily tasks, from 0 to 16, their average score was about 30% lower than the comparison group's.

About 8 in 10 said it made their life easier a great deal, against about 4 in 10 with social visits.

Limits:

1. Household tasks such as shopping and cooking did not clearly improve.
2. At 12 months, seven months after the visits stopped, the difference between the groups was no longer clear.
3. A 2025 trial tested the same programme in 268 people about 60 days after leaving hospital. All had already had home health care. Basic daily tasks did not clearly improve compared with no further care. A measure of walking and stairs improved more.
4. Most participants were Black women with low incomes in one US city.

Judgement: an assessment of difficulty at home should look at the person and the house together. If daily tasks are getting harder for you, ask whether an occupational therapist can look at how you do things and at your home.",1663,G046.png,"Drawn living room and staircase. An older Black woman with a walking stick talks with an occupational therapist; a nurse sits at a table; a handyperson kneels at the stair rail. Numbered pins match a key: therapist up to 6 visits, nurse up to 4, handyperson repairs, the person's own goal. US trial of 300 people: less daily difficulty at 5 months, not clear at 12.",Sources: https://doi.org/10.1001/jamainternmed.2018.6026 | https://doi.org/10.1111/jgs.70116
G047,C05,practitioners,Reading the evidence,"Comprehensive geriatric assessment (CGA) has good evidence of modest benefit in hospital. For frail people living at home, the trials found little or no difference in deaths or care home moves. They found a possible reduction in unplanned admissions, on low-certainty evidence. The name covers both settings, so it helps to know which is which.

In the Cochrane reviews, CGA means a team assessing a frail older person's medical, mental and functional problems, then making and following up a coordinated plan of treatment. A form or a one-off assessment on its own is not what was tested.

Hospital (Ellis 2017; 29 trials, 13,766 people; each result below comes from 14 to 21 of these trials):

1. Alive and living at home 3 to 12 months later: about 60 in 100 with CGA, 56 in 100 without (high certainty).
2. Moved into a care home: about 15 in 100 against 19 in 100.
3. Deaths: 23 in 100 in both groups.
4. Help needed with daily tasks: little or no difference.

The effects are modest, and trials were mostly in high-income countries over several decades. An earlier analysis suggested dedicated wards did better than visiting teams; the 2017 update said the data were too few to tell.

Frail people at home (Briggs 2022; 21 studies): probably little or no difference in deaths, and little or no difference in care home moves over about a year. It may reduce unplanned hospital admissions, but that evidence is low certainty.

My judgement: a service that uses the name should be able to show the plan and the follow-up, not only the assessment. Claims for community services should match the more modest evidence, without dismissing them.",1643,G047_1.png | G047_2.png,"Paired bars per 100 people from a Cochrane review of hospital specialist assessment, with versus without. Alive and at home: about 60 versus about 56. Moved into a care home: about 15 versus about 19. Died: 23 versus 23. Teal solid bars are with, hatched grey are without. || Statement card on Cochrane evidence from 21 studies of frail older people at home: little or no difference in deaths or care home moves; may reduce unplanned admissions, low certainty. What was tested: team assessment, a coordinated plan, and follow-up.",Sources: https://doi.org/10.1002/14651858.CD006211.pub3 | https://doi.org/10.1002/14651858.CD012705.pub2 | https://doi.org/10.1136/bmj.d6553
G048,C05,practitioners,Reading the evidence,"Before applying any study ""in frail older people"" to the person in front of you, check which tool and cut-off identified them as frail.

Aguayo and colleagues (2017) applied 35 published frailty scores to the same 5,377 people aged 60 and over in the English Longitudinal Study of Ageing. Because the people were the same, differences came from the tools alone.

Among the 29 tools that had a published cut-off, the share classed as frail ranged from about 1 in 100 to about 7 in 10 (up to 65 in 100 men and 72 in 100 women), depending on which tool was used.

The tools also disagreed about which individuals were frail. Almost 9 in 10 pairs of tools agreed only moderately at best. The authors gave an example. If 20 in 100 people were truly frail, the worst pairs of tools would label about 3 in 10 people differently.

One caveat: the scores were built from the study's own variables, so some approximate the original tools.

Between studies the spread is also wide. Community studies have reported frailty in anywhere from 4 in 100 to 59 in 100 older people. That is partly because of definitions and partly because of who was studied. Pooling many studies of people aged 50 and over, tools based on physical measures labelled about 1 in 8 as frail. Tools counting many health problems labelled about 1 in 4.

The authors concluded that most scores can't be treated as interchangeable. We should treat a trial result, a guideline threshold or a service criterion based on one tool as applying most directly to people identified the same way.",1546,G048.png,"Question card. In the same 5,377 people aged 60+ in England, the share called frail across 29 frailty tools with a published cut-off ranged from about 1 in 100 to about 7 in 10. Most tool pairs agreed only weakly to moderately. Three questions: which tool, which cut-off, and were the people studied identified like the person in front of you.",Sources: https://doi.org/10.1093/aje/kwx061 | https://doi.org/10.1111/j.1532-5415.2012.04054.x | https://doi.org/10.1093/ageing/afaa219
G049,C06,practitioners,Teaching round,"Ankle swelling that starts after amlodipine can be a side effect of amlodipine. The first step is to review that drug, before adding another.

A prescribing cascade is when a side effect of one medicine is mistaken for a new illness, and a second medicine is started to treat it.

In Ontario, among people aged 66 or over with high blood pressure, about 14 in every 1,000 started on a calcium channel blocker were given a loop diuretic such as furosemide within 3 months. The figure was about 7 in 1,000 after a different blood pressure tablet, and 5 in 1,000 after an unrelated medicine. The pattern was still present a year after starting, and held when the analysis was limited to amlodipine.

These are dispensing data. They show who was given a diuretic, not whether swelling was the reason. The extra 7 or so per 1,000 is small for one person and large across a population.

The swelling itself is common. In trials, about 11 in 100 people on a calcium channel blocker had ankle oedema, against about 3 in 100 on placebo or other treatment, and it was more common at higher doses (16 in 100 against 6 in 100). Those trial participants averaged 56 years.

The options when it appears:
1. A lower dose.
2. A different blood pressure medicine.
3. Asking whether the drug is still needed.

A UK narrative review (Drugs & Aging, 2020) concluded that switching is the best approach and that a loop diuretic is justified only when other options fail; that is expert opinion. In trials, adding an ACE inhibitor or ARB cut the rate of swelling by about 4 in 10 in relative terms, though that adds a drug too.

The diuretic brings its own problems. In a US record review of 120 older veterans, mostly men, who were started on a loop diuretic after starting gabapentin or pregabalin, about 1 in 4 had an event within 2 months. It may have been due to the diuretic. The events were worse kidney function, a drop in blood pressure on standing, abnormal salts or a fall. Small study, no comparison group, and not a study of calcium channel blockers.

Before treating a new symptom, check the start dates on the drug chart.",2114,G049.png,"Diagram of a prescribing cascade. A calcium channel blocker such as amlodipine is started, ankle swelling follows as a known side effect, and a loop diuretic is added. A dashed box shows an illustrative further drug. Advice: review the first drug. In Ontario, people 66+ given a diuretic within 3 months: 14 per 1,000 after a calcium channel blocker, 7 per 1,000 after an ACE inhibitor or ARB.",Sources: Savage 2020 https://doi.org/10.1001/jamainternmed.2019.7087 ; Makani (J Hypertens) 2011 https://doi.org/10.1097/HJH.0b013e3283472643 ; Makani (Am J Med) 2011 https://doi.org/10.1016/j.amjmed.2010.08.007 ; Woodford 2020 https://doi.org/10.1007/s40266-019-00730-4 ; Growdon 2025 https://doi.org/10.1001/jamanetworkopen.2025.45274
G050,C06,both,Reading the evidence,"In a medicine leaflet, 'common' means between 1 in 100 and 1 in 10 people. At most 10 in 100, and often fewer.

The words have fixed meanings:
1. Very common: 1 in 10 or more.
2. Common: 1 in 100 up to 1 in 10.
3. Uncommon: 1 in 1,000 up to 1 in 100.
4. Rare: 1 in 10,000 up to 1 in 1,000.
5. Very rare: fewer than 1 in 10,000.

Readers often take these words to mean much higher figures. In a study in Leeds, 120 people taking a statin were each given a written statement about one side effect. Those told that constipation was 'common' guessed on average that 34 in 100 people would get it. The figure used in the study was 2.5 in 100. Those told the number guessed about 8 in 100: still too high, but far closer.

For a 'rare' side effect (4 in 10,000), the word alone led to an average guess of 18 in 100.

Across 10 trials, people given the words overestimated the chance of a side effect every time. People given numbers overestimated too, but by less. The word groups also rated the medicine more negatively, and in related studies said they were less likely to take it.

The limits are these. The Leeds study was small. The people running it knew in advance which statement each person would get. People answered straight after reading one statement. Many of the trials used healthy volunteers and made-up leaflets, and none measured whether anyone stopped a medicine. Many leaflets now print a number beside the word; these studies show what the word conveys on its own.

When you explain a side effect, say the number as well as the word.",1548,G050.png,"Bar chart on a scale of people in 100. Told a side effect was 'common', statin users guessed 34 in 100 on average. Told the number, they guessed 8 in 100. The figure used in the study was 2.5 in 100. Below, the five leaflet frequency words with their ranges, from very common to very rare. Source: Knapp 2004, 120 statin users in Leeds.",Sources: Knapp 2004 https://doi.org/10.1136/qhc.13.3.176 ; Büchter 2014 https://doi.org/10.1186/1472-6947-14-76 ; Berry 2003 https://doi.org/10.2165/00002018-200326010-00001
G051,C06,public,What gets counted,"A medication review can happen without you in the room.

In 2017, researchers interviewed 23 GPs and pharmacists in England and Scotland about how reviews of long-term medicines worked in practice. They said most were done from the notes, without the patient, often when a repeat prescription was due. The reason they gave was workload. Several called it a 'tick box' exercise, meaning it was done to be recorded as done. They also said people who are frail and take many medicines should be prioritised for a review with the patient, but time pressure got in the way.

The same professionals said it was easier to carry on a medicine than to stop it. Stopping needs a conversation with the person, and a conversation takes time.

This was a small interview study of what professionals said. It did not count how often reviews leave the person out, and patients were not asked. The interviews were done before a change. Since 2020, practices in England have offered a 'structured medication review' to some people. These include care home residents and people on many medicines. In a survey of pharmacists who carry these out and chose to reply, most were by phone, and only about 1 in 4 said they sent people information beforehand.

National guidance in England says a medication review should involve the person taking the medicines, with the aim of agreeing what to do.

That is a question of respect as much as efficiency: in our view, decisions about your medicines should be made with you. The GPs and pharmacists interviewed described a good review as starting with three things:
1. What you actually take, including what you have stopped.
2. What worries you about any of it.
3. The pros and cons of carrying on or stopping each medicine.

If you have not had that conversation, you can ask your practice for a review that includes one.",1845,G051.png,"Three-panel illustrative comic. A GP at her desk beside a stack of repeat prescription requests, then an older man at his kitchen table with a pill organiser and phone wondering if his review included him, then the two talking over his medicine boxes. Study note: in 2017, 23 GPs and pharmacists said most reviews were done without the patient. Small study.",Sources: Duncan 2019 https://doi.org/10.3399/bjgp19X701321 ; Agwunobi 2025 https://doi.org/10.1136/bmjopen-2024-097012
G052,C06,both,"Small detail, real effect","A used fentanyl patch (a strong painkiller) still holds a substantial amount of medicine after it has been worn for its full time. Enough to seriously harm a child or a pet.

Patches look like the easy option compared with tablets. They have three hazards of their own, and each has a simple habit that prevents it.

1. Old patch off before the new one goes on. In one Swedish region's incident reports (mostly patches applied by health staff), 7 of the 13 reports of too high a dose involved an old patch left in place. Incident reports can't show how often this happens overall. The habit: check for the old patch, remove it, and write down where and when the new one went on.

2. No heat on the patch. Heat makes the skin absorb the medicine faster. In a small volunteer study (10 people), heat over a new fentanyl patch for its first 4 hours gave blood levels almost 3 times higher over those hours. Heat applied later also caused a rapid rise. Heat over buprenorphine patches also raised blood levels in volunteers. Keep hot water bottles, heat pads and electric blankets off the patch.

3. Fold used patches in half, sticky sides together, and dispose of them as the leaflet or pharmacist advises, out of reach of children and pets.

Know the warning signs of too much: unusual sleepiness, or slow, shallow breathing. If you see these, or if a child has touched or chewed a patch, get urgent medical help. If a pet has, call a vet straight away.

If you care for someone who uses a strong painkiller (opioid) patch, ask the prescriber or pharmacist to show you these three checks.",1586,G052.png,"Drawn bedroom scene: an older woman and man sit on the edge of a bed, he holding a notepad. Numbered markers point to the arm, the bed covers and a medicine bag on a high shelf. Three checks for a strong pain patch: take the old one off first, no heat over it, fold used patches sticky sides together. A used patch can still harm a child or pet.",Sources: Marquardt 1995 https://doi.org/10.1177/106002809502901001 ; Hilado 2020 https://doi.org/10.7759/cureus.6755 ; Lövborg 2014 https://doi.org/10.1186/2050-6511-15-31 ; Ashburn 2003 https://doi.org/10.1016/s1526-5900(03)00618-7
G053,C06,practitioners,Reading the evidence,"A European trial's medicines review flagged a possible change for 86 in 100 of the older people it reviewed. Two months later, the reviewed group's medicines looked much like the control group's.

OPERAM enrolled 2,008 people aged 70 or over, each with at least 3 long-term conditions and at least 5 regular medicines, admitted to university hospitals in four countries. In the intervention arm, a doctor and a pharmacist reviewed the medicines once during the admission, using STOPP/START checklist software, and sent recommendations to the GP.

The steps, in order:
1. Found: 86 in 100 people reviewed had at least one recommendation, almost 3 each on average.
2. Acted on: by 2 months, at least one was carried out for about 6 in 10 of those with a recommendation (491 of 789).
3. Different from control: at 2 months about 42 in 100 people in each group were on a medicine judged overused, and about 70 in 100 in each group were missing one judged indicated. Both groups took about 11 long-term medicines. No clear difference.
4. Outcome: over a year, about 22 in 100 in each group were readmitted because of a medicine. No clear difference. Quality of life at 12 months was about 2 points higher with the review on a 100-point scale, a small difference among many secondary outcomes.

The authors' own summary says inappropriate prescribing 'was reduced'. The randomised comparison at 2 months did not show a clear difference in overuse (about 42 in 100 in each group). The trial team suggested one hospital review may not survive a year of other prescribers; that is their explanation, not a finding.

A Cochrane review of 38 trials of medicines reviews and similar pharmaceutical care found it uncertain whether they reduce inappropriate prescribing, with low or very low certainty evidence. That is an evidence gap, not proof that reviews fail.

The test for any trial like this: at each step, did it differ from the control group, and was the outcome one patients value? (OPERAM measured readmission, falls, death and quality of life.)",2043,G053.png,Chain diagram of the OPERAM medicines review trial. Within the reviewed group: 86 in 100 had a recommendation; about 6 in 10 of those had at least one change by 2 months. Compared with control: about 42 in 100 on an overused medicine in each group; about 22 in 100 readmitted for a medicine within a year in each group. No clear difference in readmission; quality of life about 2 points higher.,"Sources: OPERAM, Blum 2021 https://doi.org/10.1136/bmj.n1585 ; Cochrane, Cole 2023 https://doi.org/10.1002/14651858.CD008165.pub5"
G054,C06,practitioners,Reading the evidence,"Doctors discharging older people were asked to predict, for each patient, whether a medicines problem would need healthcare in the next 8 weeks (a hospital readmission or community healthcare).

Their predictions showed no clear link with who did.

The PRIME study followed 1,116 people aged 65 or over leaving five teaching hospitals in southern England (2013 to 2015).

What happened:
1. 37 in 100 had some harm from their medicines within 8 weeks of going home.
2. Harm mostly meant side effects: diarrhoea, constipation, falls, bleeding. It also included harm from not taking a medicine as prescribed. For 4 in 10 people with harm, the link was rated possible rather than probable or definite.
3. About 29 in 100 of everyone followed up needed NHS care because of it, mostly a GP visit. About 8 in 100 were readmitted.
4. Three quarters of the harm events came from medicines prescribed at discharge.

Then the prediction study, which covered 1,066 of these people. Most predictions came from doctors in their first few years after qualifying, who usually write the discharge. The study found no clear difference by experience, but few predictions came from senior doctors, so it could have missed one.

The result that goes the other way: doctors did better when they felt confident, particularly for harm serious enough to bring someone back into hospital.

Our reading: if judgement at discharge does not reliably pick out who is at risk, follow-up offered only to those who look at risk will miss people. We think who gets medicines follow-up after discharge should not depend on a hunch. That is a judgement. Whether a check after discharge prevents harm is not settled, though approaches that include explaining medicines to patients have had better results.

Who in your service checks medicines after discharge, and how are they chosen?",1848,G054.png,"Icon array of 100 people, 37 hatched orange for harm from medicines within 8 weeks of leaving hospital and 63 grey for none recorded. Cohort: 1,116 people aged 65 or over, five English hospitals. About 29 in 100 needed NHS care, about 8 in 100 were readmitted. Doctors' predictions at discharge showed no clear link with who was harmed.",Sources: Parekh 2018 (incidence) https://doi.org/10.1111/bcp.13613 ; Parekh 2018 (prediction) https://doi.org/10.1111/bcp.13690
G055,C06,public,Ask this,"When people are admitted to hospital, their list of medicines often has something missing.

In an older review of 22 studies, between 1 in 10 and 6 in 10 patients had at least one regular medicine left off the list made on admission. This review is older (studies up to 2005) and covered prescription medicines only, so current rates may differ.

A list built from the boxes at home will miss the six-monthly bone injection, because there is usually no box of it on the shelf. NICE guidance says the hospital should list all of a person's medicines. That includes those bought over the counter and herbal or complementary remedies. It also says to involve the family where appropriate.

Three things to name out loud:

1. Injections given every few months. Some bone treatments, such as denosumab, are an injection once every 6 months.

2. Anything given or supplied by a hospital clinic.

3. Anything you buy yourself, including vitamins, supplements and herbal remedies. In a survey in two English general practices, about 1 in 3 older people who took prescribed medicines also took a supplement or herbal remedy. Some combinations can interact: the one most often reported is a raised bleeding risk when ginkgo, garlic or ginseng is taken with aspirin or warfarin. (Small survey with a low response rate; these were possible interactions, not observed harm.)

Then run down the rest of the checklist: eye drops, inhalers, patches and creams.

If you are helping someone, write these on the same page as their tablets and take it with you.",1541,G055.png,"Checklist titled medicines that are not in the boxes at home: injections every few months such as 6-monthly denosumab, anything supplied by a hospital clinic, anything you buy such as vitamins and herbal remedies, then eye drops, inhalers, patches and creams. About 1 in 3 older people in one small English survey also took a supplement or herbal remedy.",Sources: Tam 2005 https://doi.org/10.1503/cmaj.045311 ; Agbabiaka 2018 https://doi.org/10.3399/bjgp18X699101 ; Agbabiaka 2017 (review) https://doi.org/10.1007/s40266-017-0501-7 ; Cummings 2009 https://doi.org/10.1056/NEJMoa0809493 ; Shah and Barnett 2015 https://doi.org/10.1002/psb.1415
G056,C06,both,Weighing it up,"For a frail older person taking insulin or a diabetes tablet such as gliclazide, a low HbA1c can be a sign of more treatment than they need.

HbA1c is a blood test that reflects average blood sugar over recent months. A low result looks like success. What it doesn't show is whether low blood sugars are happening.

A small US study followed 40 older people, 37 of them on insulin, whose HbA1c was 8% or more (64 mmol/mol or more). Over 3 days of continuous monitoring, 26 had low glucose readings (below 70 mg/dL, the level counted as low). Of the 102 low episodes, 95 (93 in 100) were missed by finger-prick tests and symptoms.

In 16 Norfolk GP practices, about 3 in 10 people aged 70 or over with type 2 diabetes taking insulin or a sulfonylurea (a diabetes tablet that can cause low blood sugar, such as gliclazide) had an HbA1c below 53 mmol/mol, and about 1 in 8 were below 48. It was just as common in people with kidney disease or dementia, who are more prone to low blood sugars.

In US national data from 2001 to 2010, 56 in 100 older people with diabetes and very poor health had an HbA1c below 53 mmol/mol (7%). In relatively healthy older people it was 63 in 100. Very poor health meant difficulty with two or more everyday activities, or being on dialysis. Neither the Norfolk study nor the national data measured low blood sugars directly.

Why it counts: in studies of older people treated for diabetes, those with episodes of low blood sugar were more likely to have falls and fractures. That is a link, not proof of cause.

The other side: across 15 trials and observational studies in people aged 60 or over or frail, tight control was linked with fewer blood vessel complications, but more than twice the rate of severe low blood sugars, and no clear difference in deaths.

A UK consensus statement says the usual targets of 53 to 59 mmol/mol are too tight for people living with frailty. A deprescribing guideline recommends reducing drugs that cause low blood sugars in older people at risk.

The question for the next review: have there been any low blood sugars, and is this dose still needed? Doses are for the diabetes team or GP to change, not for you to change alone.",2196,G056.png,"Dark question card: a low HbA1c on insulin or gliclazide, ask two questions. Have there been any low blood sugars? Is this dose still needed? A schematic line graph, not measured data, shows blood sugar dipping below a dotted average line. HbA1c shows the average, not low sugars. In Norfolk about 3 in 10 people aged 70+ on these drugs had HbA1c below 53.",Sources: Hambling 2017 https://doi.org/10.1111/dme.13380 ; Lipska 2015 https://doi.org/10.1001/jamainternmed.2014.7345 ; Strain 2018 https://doi.org/10.1111/dme.13644 ; Farrell 2017 https://pubmed.ncbi.nlm.nih.gov/29138153/ ; Mattishent 2021 https://doi.org/10.3389/fendo.2021.571568 ; Munshi 2011 https://doi.org/10.1001/archinternmed.2010.539 ; Crabtree 2022 https://doi.org/10.1080/17446651.2022.2079495
G057,C06,public,Ask this,"Parkinson's medicine times are set for each person, and hospital drug rounds often miss them.

A ward drug round runs to the ward's times. One recent English hospital audit (a check of its own practice), citing NICE standards, used this standard: each dose given within 30 minutes of the person's own prescribed time.

Studies in other hospitals show doses often fall outside that window:
1. In a Dublin hospital study, 52 in 100 Parkinson's doses were given more than 30 minutes late, and about 3 in 10 more than an hour late.
2. In a large US hospital system, on nearly half of hospital days with a known home schedule the timing was more than 30 minutes away from it, and on about 1 day in 5 a dose of levodopa, a Parkinson's medicine, was missed.

Missed doses are linked with worse outcomes. In 11 Spanish hospitals, some admissions had Parkinson's doses wrongly left out. These were linked with a stay about 4 days longer and with higher death rates in hospital. A US study linked each extra day with missed or badly timed doses to a longer stay. These are observational studies; sicker people may both miss doses and stay longer, so they show a link, not proof.

People with Parkinson's say that getting doses on time and keeping control of their own medicines are among their top priorities in hospital. A 2026 review of four studies suggests hospitals should enable people to take their own medicines where appropriate.

If someone you care for is admitted, bring a written list of their medicines and times, and ask:
Can doses be given at their own times?
Can they keep taking their own supply?
If they can't swallow, or are told not to eat or drink before a test, what is the plan for their Parkinson's medicines?",1724,G057.png,"Drawn hospital bay: an older man sits in a chair with his own pill organiser and walking frame in front of him, while his daughter holding a folder and a nurse stand by. Three questions: can doses be given at their own times, can they keep their own supply, and what is the plan if they can't swallow. A Dublin study found 52 in 100 doses over 30 minutes late.",Sources: Richard 2022 https://doi.org/10.1002/mdc3.13408 ; Yu 2023 https://doi.org/10.1016/j.parkreldis.2023.105491 ; Lertxundi 2017 https://doi.org/10.1016/j.parkreldis.2016.12.028 ; Omer 2025 https://doi.org/10.7759/cureus.97619 ; Delf and Wright 2026 https://doi.org/10.1155/padi/8428752
G058,C06,public,"Small detail, real effect","Before you buy ibuprofen or naproxen, ask a pharmacist if you take a water tablet, or a blood pressure tablet such as ramipril or losartan. Take extra care if you take both.

Anti-inflammatory painkillers are sold off the shelf and feel minor. Taken with these medicines, they are linked with sudden kidney injury. The water tablet lowers the fluid reaching the kidneys. The anti-inflammatory narrows the blood vessel into the kidney's filters. The blood pressure tablet (an ACE inhibitor or ARB, such as ramipril or losartan) stops the kidney from adjusting to this. That is the researchers' explanation rather than something the studies measured.

What the studies found:
1. In UK GP records, people taking an anti-inflammatory on top of both a water tablet and an ACE inhibitor or ARB had about a third more hospital admissions with sudden kidney injury than people on the two blood pressure medicines alone. The extra risk was greatest in the first month and had gone by 90 days of use. This study found no extra risk with only one of the two blood pressure medicines.
2. In a Scottish study that counted kidney injury on blood tests, about 1 extra person in every 158 had a kidney injury for each year of taking an anti-inflammatory alongside both medicines. With only one of the two, the extra risk was lower (fewer than 1 in 300), but it was still there.
3. In the Scottish study, people over 75 and people with weaker kidneys were at highest risk.

To keep this in proportion: hospital admission for kidney injury was uncommon, about 7 per 10,000 people a year across everyone on blood pressure medicines in the first study. Counting blood-test rises, as the Scottish study did, the yearly rate across everyone on these medicines was higher, about 68 per 10,000. The 1 in 158 figure is for a year of regular use of an anti-inflammatory, not a few days of ibuprofen. Both studies looked at prescribed anti-inflammatories over longer periods, not shop-bought packs, and they show a link rather than proof of cause.

Tell the pharmacist what else you take, and ask which painkiller suits you.",2097,G058_1.png | G058_2.png,"Three tablets, a water tablet, a blood pressure tablet such as ramipril or losartan, and an anti-inflammatory painkiller such as ibuprofen, point by arrows to a drawn kidney. Ask a pharmacist first. The combination is linked with sudden kidney injury, with larger absolute risk when all three are taken together. || Icon array of 158 people with 1 highlighted: about 1 extra kidney injury per 158 people on all three medicines for a year. With only one of the two other medicines: fewer than 1 extra in 300 per year. Blood-test kidney injury in Tayside; a link, not proof of cause.",Sources: Lapi 2013 https://doi.org/10.1136/bmj.e8525 ; Dreischulte 2015 https://doi.org/10.1038/ki.2015.101
G059,C06,practitioners,Care that works,"Targeted high-risk prescribing of anti-inflammatory painkillers and antiplatelet drugs fell from about 37 to 22 per 1,000 patients at risk across 33 Tayside general practices. A year after the payments stopped, it was about 20 (a post hoc check).

The DQIP trial tested a programme with three parts:
1. Training for prescribers.
2. A computer search that listed each practice's own patients on specific risky prescriptions.
3. Payment for the practice to review each of those patients.

It focused on nine combinations, for example an anti-inflammatory painkiller in someone with kidney disease or heart failure, or aspirin with a blood thinner and no stomach protection. For each flagged patient the doctor could stop the drug, add stomach protection, or record why the prescription was right for that person. Review meant a decision, not automatic stopping.

Every practice got the programme, at randomly assigned start dates (a stepped-wedge design).

Clinical outcomes were secondary and compared before and during the programme. Admissions for stomach ulcers or bleeding fell from about 56 to 37 per 10,000 patients at risk per year, and heart failure admissions also fell. Kidney injury admissions did not show a clear difference (102 and 86 per 10,000 per year, a gap that could be chance). The authors say the programme may have improved clinical outcomes.

Results varied a great deal between practices. Staff said the payment mainly got practices to sign up, the training got the work started, and the patient lists kept it going; the authors could not say which part did most.

A 2025 UK trial of broad reviews for people on five or more medicines, also with computer support, training and payment, found no difference in potentially inappropriate prescribing at 6 months. Its aims differed. Our judgement, not a tested finding: a short list of named risks, with the patients listed and time to review them, may be a better target than a general call to review everything.",1983,G059.png,"Bar chart of high-risk anti-inflammatory and antiplatelet prescribing in 33 Tayside practices, per 1,000 patients at risk: 37 before, 22 at the end of the programme, 20 a year after payments stopped (hatched, post hoc check). The programme gave training, a patient list and paid review time.",Sources: Dreischulte 2016 https://doi.org/10.1056/NEJMsa1508955 ; process evaluation https://doi.org/10.1186/s13012-016-0531-2 ; IMPPP 2025 https://doi.org/10.1016/j.lanhl.2025.100774
G060,C06,both,"Small detail, real effect","A medicines review usually asks what someone takes. It rarely asks how they swallow it.

About 1 in 7 older people living at home say they have difficulty swallowing their medicines, according to a small systematic review of five studies. In a survey of 1,051 patients in German general practices (all adult ages; difficulty was in fact commoner in younger patients), GPs had not recognised 7 in 10 of those with any difficulty. More than half of those affected had already altered their tablets themselves. Older people and carers interviewed in Ireland described coping without raising the problem with health professionals.

Crushing is a workaround some people use, and for some products an unsafe one:
1. Crushing a slow-release tablet (often marked MR, SR or XL) destroys the slow release, so the dose is absorbed at once and can cause an overdose.
2. Crushing a tablet coated to protect it from stomach acid can stop it working properly.
3. Some medicines should never be crushed or opened.

Splitting is different: many tablets can be halved safely, but slow-release tablets should not be split.

In a small study in English nursing homes, a pharmacist watched drug rounds. Some doses were given in a way that departed from national guidance, for any reason and not only crushing. This was seen at 57 in 100 observed doses for residents with swallowing difficulty, against about 31 in 100 for other residents. That counts departures from guidance, not harm.

One more distinction. Crushing a tablet into food with the person's agreement is different from hiding medicine in food without their knowledge. Hiding it is called covert medication, and it needs a formal decision about whether the person can decide for themselves and what is best for them (the legal route differs across the UK), plus the same pharmacist check.

Ask how the tablets go down. Then ask a pharmacist before anything is crushed: there may be a liquid, a dispersible tablet (one that dissolves in water) or a different medicine.",2010,G060.png,"Drawn kitchen table: an older woman holds a glass of water by a pill organiser and phone while an older man holds a tablet crusher. Numbered markers point to the glass, crusher, tablets and phone. Before crushing: ask how tablets go down, crushing can change a medicine, don't crush slow-release tablets, ask a pharmacist first. Hiding medicine in food needs a formal decision.",Sources: Mc Gillicuddy 2016 https://doi.org/10.1007/s00228-015-1979-8 ; Schiele 2013 https://doi.org/10.1007/s00228-012-1417-0 ; Mc Gillicuddy 2019 https://doi.org/10.1016/j.sapharm.2019.01.004 ; Serrano Santos 2016 https://doi.org/10.1016/j.ijpharm.2016.02.036 ; Prescrire 2014 https://pubmed.ncbi.nlm.nih.gov/25325120/ ; Saran 2022 https://doi.org/10.3399/BJGPO.2022.0001 ; Majkic 2025 https://doi.org/10.1192/bjb.2025.28
G061,C07,public,Ask this,"Near the end of life, an implanted defibrillator (ICD) can keep giving shocks. Studies keep finding that many people with an ICD, and their families, do not know the shocks can be switched off.

A Swedish hospital read the devices of 125 people after they had died. 31 in 100 had received a shock in their last 24 hours of life. This was one hospital, and its figure may not apply to everyone with an ICD.

A do-not-resuscitate decision does not switch the shocks off. That needs a separate conversation and a reprogramming of the device by the heart rhythm team. In the same Swedish study, about 2 in 3 people with a do-not-resuscitate order still had their shocks switched on the day before they died.

The conversation also tends to come late. A Dutch hospital recorded 1,606 people with an ICD who died between 2006 and 2022. The shocks had been switched off beforehand for 42 in 100. A third of those switch-offs happened on the last day of life.

The 42 in 100 is an average across 2006 to 2022. The share was 7 in 100 in 2006 and 59 in 100 in 2022. It has stopped rising since 2015.

What switching off the shocks involves:
1. No operation. The device is reprogrammed from outside the body.
2. It is painless and can be reversed.
3. Pacing, the part that stops the heart going too slowly, keeps working.
4. It does not cause death by itself. It means a dangerous rhythm near the end of life will not be shocked.

UK heart rhythm guidance (2024) says people with an ICD should have the chance to talk about this towards the end of life. Earlier UK guidance (2016) says it should usually be explained before the device is fitted.

We should offer this conversation early, while there is time to think it through. If you have an ICD, you can raise it yourself with the cardiology, heart failure or device clinic team. A GP can also help start the conversation.",1864,G061.png,"Drawn clinic room: an older woman in a cardigan sits calmly beside her adult son while a cardiac physiologist, seated facing her, holds a small round programming wand near her chest, over her clothes. Numbered pins 1 to 4 mark the wand, her face, a heart outline and a paper on the desk. The four numbered points below say what switching off shocks involves.",Sources: https://doi.org/10.1161/CIRCULATIONAHA.113.002648 https://doi.org/10.1093/ehjqcco/qcag038 https://doi.org/10.1503/cmaj.210327 https://doi.org/10.1093/ageing/afae246
G062,C07,both,Care that works,"A DNACPR decision is about CPR only. DNACPR means 'do not attempt cardiopulmonary resuscitation': a decision not to try to restart the heart if it stops.

In UK guidance, every other treatment and all care should still be offered on its merits.

That is not always how it is read. A national review of NHS practice found that DNACPR decisions were often treated as if they meant 'do not provide active treatment'. Staff in some studies expected fewer checks, fewer calls for senior help, and changes to pain relief and fluids.

A UK study tested this. 231 nurses were each given the same written case of a patient who was getting worse. They were randomly given a DNACPR form, a form that made the CPR decision part of a wider treatment plan, or no form. The DNACPR group planned fewer checks, fewer calls for help and fewer treatments. The wider-plan group planned the same care as the no-form group. The study measured what nurses said they would do, not real care.

Writing the decision inside a whole plan has also been tried in practice. In one English hospital, a one-page plan replaced the stand-alone DNACPR form. After that, there were fewer harmful events in patients not for CPR. This was a before-and-after study in one hospital. The people who developed the plan ran it. It shows the two went together, not that the plan caused the change.

The ReSPECT form (Recommended Summary Plan for Emergency Care and Treatment) is used across much of the UK. It records the CPR recommendation as one part of a wider emergency care plan. In English hospitals, about 8 in 10 forms also recorded another treatment recommendation. Most still focused on CPR.

We should write every CPR decision together with a list of what continues. A decision about one treatment says nothing about a person's worth.

If someone you care for has a DNACPR decision, ask: what will still be done?",1878,G062.png,"Two-column card. A narrow left column headed Not recommended shows a crossed circle beside CPR. A wider right column headed Still offered on its merits lists seven items with tick icons: regular checks, calls for senior help if unwell, pain and symptom relief, food and drink, other treatments, rehabilitation, company. Banner: Ask what will still be done.",Sources: https://doi.org/10.3310/hsdr04110 https://doi.org/10.1111/jep.12559 https://doi.org/10.1371/journal.pone.0070977 https://doi.org/10.1016/j.resuscitation.2022.06.020
G063,C07,both,What gets counted,"Staying alive without dementia or lasting disability was the main outcome in a trial of daily aspirin. The trial, ASPREE, gave aspirin or a dummy tablet to 19,114 healthy people aged 70 and over in Australia and the USA. The age limit was 65 for US Black and Hispanic participants.

Lasting disability had a concrete meaning: being unable, or finding it very hard, to do a basic daily task for at least 6 months. Examples are washing, dressing, using the toilet and walking.

The results:
1. Aspirin did not improve the main outcome. Each year, about 21 in every 1000 people in each group died, developed dementia or developed lasting disability. Following people for almost 10 years in total, including after the trial ended, showed the same.
2. Heart attacks, strokes and hospital stays for heart failure were not clearly reduced.
3. Serious bleeding was more common on aspirin. Over about 5 years it happened to about 4 in 100 people on aspirin and about 3 in 100 on the dummy tablet.

The trial stopped early because continuing was unlikely to show a benefit. In the final year, only about 6 in 10 people in each group were still taking their tablets, which would make any effect harder to see.

Trials of preventive treatment in older people should report whether people stay able to wash, dress and walk, as well as counting heart attacks and strokes. That tells an older person something a list of heart events alone does not.

One caution applies to every retelling. ASPREE was about people who had never had a heart attack or stroke. For people who have, trials show aspirin prevents further ones. If you take aspirin after a heart attack or stroke, keep taking it unless your doctor advises otherwise.",1711,G063.png,"Two bar pairs from the ASPREE trial. Lost disability-free survival per 1000 people a year: aspirin 21.5, dummy tablet 21.2, no clear difference. Serious bleeding over a median 4.7 years per 100 people: aspirin 3.8, dummy tablet 2.8, more bleeding on aspirin. Note: keep taking aspirin after a heart attack or stroke unless your doctor advises otherwise.",Sources: https://doi.org/10.1056/NEJMoa1800722 https://doi.org/10.1056/NEJMoa1805819 https://doi.org/10.1016/j.lanhl.2025.100764 https://doi.org/10.1016/S0140-6736(09)60503-1
G064,C07,both,Who gets left out,"Stroke symptoms at 85 need the same immediate 999 call as stroke symptoms at 55.

For years, older people were largely missing from the evidence. The IST-3 authors reported that earlier trials of the clot-busting drug alteplase had included only 79 people over 80. The drug was first licensed in Europe only for people under 80.

IST-3 changed that. It enrolled 3035 people, and 1617 of them (53 in 100) were over 80. About half received the drug and half did not.

The clearest answer for older people comes from a combined analysis of 9 trials. It included 1729 people over 80. About 18 in 100 of those given the drug were left with little or no disability 3 to 6 months later. About 13 in 100 of those not given it were. Treated people over 80 gained about as much, in proportion, as younger people. On its own, IST-3 did not show a clear difference in its main result.

The drug also has a real risk. Across all ages, about 3 in 100 people given the drug had a fatal brain bleed within a week. Fewer than 1 in 100 without it did.

The sooner treatment starts, the more it helps. At all ages, when treatment started within 3 hours, 33 in 100 were left with little or no disability, against 23 in 100 untreated. Whether treatment is possible depends on how long ago the stroke started, on a brain scan to rule out bleeding, and on other criteria.

European stroke guidelines strongly recommend this treatment for people over 80 whose stroke started less than 4.5 hours ago. The whole guideline group agreed that age alone should not be a reason to withhold it.

Call 999 straight away for stroke symptoms, whatever the person's age.",1634,G064.png,"Flow of five boxes: stroke symptoms at any age, call 999 straight away, brain scan to rule out bleeding, team checks time since onset and other criteria, clot-busting treatment if suitable within 4.5 hours. Below, two equal boxes: over 80, about 18 in 100 treated vs about 13 in 100 not treated had no significant disability; and the bleeding risk, about 3 in 100 vs under 1 in 100.",Sources: https://doi.org/10.1016/S0140-6736(14)60584-5 https://doi.org/10.1016/S0140-6736(12)60768-5 https://doi.org/10.1177/2396987321989865
G065,C07,both,Care that works,"Before cancer treatment at 70 or over, a check of daily function, falls, memory, mood, nutrition, medicines and support at home can change the plan.

That check is called a geriatric assessment. The GAP70+ trial in US community cancer practices included 718 people aged 70 and over (average age 77). They had cancer that could not be cured. They were starting a new treatment with a high risk of side effects. Each had at least one problem found on the assessment. Some cancer teams were given each person's assessment, with advice on what to do about each problem. The others gave usual care.

Over the next 3 months, serious side effects happened to about 51 in 100 people whose team had the assessment. For people whose team did not, it was 71 in 100. 'Serious' here means grade 3 to 5 on the standard cancer side-effect scale, which includes hospital-level problems.

The assessment changed what teams did. They more often started with a lower dose (about 49 in 100 against 35 in 100). Fewer people fell over 3 months (about 12 in 100 against 21 in 100), and slightly more medicines were stopped (about 1 extra medicine for every 7 people).

Survival was similar: about 72 in 100 people whose team had the assessment were alive at 6 months, against 75 in 100 whose team did not. That difference could be chance. It was also similar at 1 year. The trial was not designed to show that survival was unaffected.

A second US trial, at one cancer centre, involved 605 people aged 65 and over starting chemotherapy. Everyone had an assessment. Serious side effects happened to about 51 in 100 when a specialist team acted on it, against 61 in 100 when the results were only sent to the cancer doctor. It did not show clear differences in hospital admissions or survival.

The American Society of Clinical Oncology recommends a geriatric assessment for everyone over 65 with cancer. UK specialists reported in 2024 that only a small proportion of patients can get this from a specialist team.

If you or a relative are starting cancer treatment, you can ask the cancer team whether an assessment is possible. You can also ask about a referral to a specialist in older people's care.",2179,G065_1.png | G065_2.png | G065_3.png,"Checklist of seven things a geriatric assessment covers before cancer treatment at 70+: daily function, falls, memory, mood, nutrition, medicines, support at home. || Bars from a US trial of 718 people aged 70+ with incurable cancer. Serious side effects over 3 months: about 51 in 100 with assessment vs 71 in 100 usual care. Falls: about 12 vs 21 in 100. Survival was similar; the trial was not designed to test it. || Text card on dark teal: ask the cancer team if an assessment is possible. A second US trial of 605 people found serious side effects 51 vs 61 in 100, with no clear difference in admissions or survival. UK specialists report few patients can get it.",Sources: https://doi.org/10.1016/S0140-6736(21)01789-X https://doi.org/10.1001/jamaoncol.2021.4158 https://doi.org/10.1200/JCO.23.00933 https://doi.org/10.1016/j.jgo.2024.102133
G066,C07,public,Ask this,"Some cancer researchers count a one-hour blood test as a whole day. They call these contact days: any day a person has to go somewhere for health care. That can be a blood test, a scan, a drip, an emergency visit or a night in hospital.

The numbers are large for older people. In six US trials in advanced prostate, lung and pancreatic cancer, people aged 65 and over had health care contact on nearly 1 day in 5 of the time they were followed. The middle person was followed for 350 days and had 48 contact days. A study in Mexico of older people having cancer treatment to control, not cure, their disease found a similar share.

The count leaves out the time family members spend driving, waiting and sitting with the person, and the travel and waiting time itself.

Time spent in treatment is only part of the decision. In the CO.17 trial, people with advanced bowel cancer (median age 63) were randomly given either weekly drip treatment with a drug called cetuximab, or supportive care alone, which means care to control symptoms without the drug. The middle person given the drug had 28 contact days, against 10. Days at home, counted over the rest of their lives, did not differ clearly overall (140 against 121).

One group did differ. People whose tumours had no KRAS mutation (a gene change in the tumour) had more contact days on the drug: the middle person had 41, against 10. They also had more days at home: 186 against 132. This group is the one the drug helps most, and it was picked out after the trial.

Questions you can ask before agreeing to a treatment:
1. How many days a month is this likely to take, counting tests and check-ups?
2. How far will I travel, and who needs to come with me?
3. What might I gain from it, in time at home or in how I feel?

Clinicians should offer this information when discussing options. Older people can ask for it.",1873,G066.png,"Drawn waiting area: an older man in a jumper sits with a coat folded on his lap beside his adult daughter, who holds a cup; a paper bag rests at her feet and an older woman with a wheeled frame waits beyond. Headline: nearly 1 day in 5 in contact with health care in the first year after joining a cancer trial. Question below about days and what treatment might give back.",Sources: https://doi.org/10.1001/jamanetworkopen.2025.0778 https://doi.org/10.1200/OP.22.00737 https://doi.org/10.1007/s00520-024-08844-1
G067,C07,practitioners,Teaching round,"By about 75, the QRISK2 calculator puts almost everyone above the 10% statin line, even people with ideal numbers.

The calculator gives great weight to age. A 2017 analysis used QRISK2, the version in use when the 10% threshold was set. A never-smoker of healthy weight with a systolic of 110 and a good cholesterol ratio went above 10%. That happened between 60 and 70 for men and between 65 and 75 for women. In a survey sample of English adults aged 75 to 84 without heart disease, every one was above it.

QRISK3, the newer version, works less well at older ages. In UK GP records of 2.9 million people, it worked well in younger adults. At 65 and over it was poor at telling apart who would and would not have a heart attack or stroke. It also overestimated risk, more so once deaths from other causes were counted. About 1 in 5 people aged 75 to 84 died of something else during follow-up.

We now have direct trial evidence. STAREE (NEJM, August 2026) gave 9971 Australians aged 70 and over (average 75), without heart disease, stroke, diabetes or dementia, a statin or a dummy tablet. Over about 6 years:
1. About 6 in 100 on the statin and 8 in 100 on the dummy tablet had a heart attack, stroke, cardiovascular death or a procedure to open a heart artery.
2. Staying alive without dementia or lasting disability did not clearly change (about 13 in 100 on the statin against 14 in 100 on the dummy tablet lost it).
These are crude proportions from the published abstract, which does not give results for the over-75s. Serious side effects were similar (2.7 in 100 in each group), but muscle, liver and diabetes-related problems were more common on the statin, and the abstract does not give their size.

Time to benefit also counts. In trials of people aged 50 to 75, treating 100 people for about 2.5 years prevented one event. Those people were younger than most over-75s.

So after 75, treat a QRISK result above 10% as a reason to discuss statins with the person. The decision rests on what they want to prevent, how long benefit takes, other illnesses, frailty and their preference.",2097,G067.png,"Age ruler from 50 to 85 (QRISK2, ideal risk factors): men cross 10% between 60 and 70, women between 65 and 75. Below, STAREE trial bars, 9971 people aged 70+, about 6 years: major cardiovascular events statin 6 vs dummy tablet 8 in 100; lost disability-free survival 13 vs 14 in 100. Crude figures; then weigh preferences, time to benefit and frailty.",Sources: https://doi.org/10.3399/bjgp17X692141 https://doi.org/10.1016/S2666-7568(21)00088-X https://doi.org/10.1056/NEJMoa2607314 https://doi.org/10.1001/jamainternmed.2020.6084
G068,C07,practitioners,Reading the evidence,"In an older person, blood pressure treatment should take account of the standing reading, falls, symptoms and the person's goals, alongside the target number.

SPRINT, the trial behind the lower targets in the 2017 US and 2018 European guidelines, included 2636 people aged 75 and over. Aiming for a systolic below 120 rather than below 140 meant fewer heart attacks, strokes, heart failure admissions and cardiovascular deaths: about 2.6 in 100 each year on the lower target against 3.9 in 100 on the higher. Serious adverse events were equally common (about 48 in 100 in each group), and injurious falls did not differ clearly. Low blood pressure, fainting, salt imbalance and kidney injury were a little more common on the lower target, though not clearly so. Kidney function fell clearly more often in people whose kidneys were normal at the start. About 3 in 10 counted as frail on a frailty index, and benefit looked similar in them, in an exploratory analysis.

SPRINT did not enrol people living in care homes, people with dementia, diabetes or a previous stroke, people expected to live less than 3 years, or people whose systolic fell below 110 after a minute of standing. Its authors wrote that the results do not give the right target for people in care homes or with diabetes, stroke or heart failure.

Two measurement points:
1. SPRINT averaged 3 automated readings after 5 minutes' rest with no staff in the room. Routine clinic readings in the same people averaged about 5 to 7 mmHg higher.
2. UK guidance (NG136) asks for a standing reading at 80 and over, in type 2 diabetes and with postural dizziness, and to judge treatment on the standing reading if systolic falls by more than 20. NICE did not adopt the SPRINT targets.

On a drop in pressure on standing, two findings differ. Across 9 trials (average age 69; about 1 in 10 had a drop on standing at the start), lowering pressure helped people with a drop on standing about as much as those without. In older people outside trials, taking blood pressure tablets was linked with more serious fall injuries, especially after a previous injurious fall; that study does not show the tablets caused the falls.

For over-75s who resemble the trial population, the trial shows benefit from the lower target, though NICE has not adopted it. For people it left out, use the standing reading, falls and the person's goals.",2385,G068.png,"Checklist card on blood pressure after 75 with six tick boxes: was the person in the trial population, standing reading, a fall on standing, previous injurious falls, which reading was used, and what the person wants. Intro: SPRINT showed about 2.6 vs 3.9 cardiovascular events in 100 a year in over-75s well enough to join.",Sources: https://doi.org/10.1001/jama.2016.7050 https://doi.org/10.1001/jamainternmed.2020.5028 https://doi.org/10.3399/bjgp20X708053 https://doi.org/10.1001/jama.2023.18497
G069,C07,public,Weighing it up,"NICE, the body that advises the NHS in England, says people whose kidneys are likely to fail should be offered a choice: dialysis (a treatment that cleans the blood), a transplant, or conservative kidney care. The decision should be made together with them.

Conservative kidney care is planned, active care without dialysis. The kidney team treats symptoms, tries to protect the kidney function that is left, and helps with planning ahead. People choosing it should be offered the same full assessment by a kidney dietitian as people starting dialysis.

What the evidence shows, and its limits:
1. No trial has compared dialysis with conservative care by choosing at random who gets which. Comparing people who chose each is weak evidence, because people who choose dialysis tend to be younger and fitter.
2. One US study looked at what happened to about 20,000 veterans aged 65 and over (average age 78), nearly all men. It was set up to copy a trial as closely as it could, but differences between the groups that were not measured may remain.
3. Against carrying on with usual medical care, starting dialysis as soon as kidney function fell very low was linked with little clear difference in survival over 3 years (about 9 days longer on average, from 17 days shorter to 30 days longer).
4. It was also linked with about 2 weeks fewer days at home over those 3 years. Days at home means days not spent in hospital or a care home.
5. Against people who never had dialysis, starting it was linked with about 11 weeks longer survival, still with about 2 weeks fewer days at home.
6. Usual medical care in this study was not a planned conservative care programme.

Questions to take to the kidney team: What would each option mean for time at home, travel, hospital visits and symptoms? How many sessions a week, and how far would I travel? What would conservative care involve here?",1884,G069.png,"Two equal boxes side by side: Dialysis, regular sessions to clean the blood; and Conservative kidney care, active care without dialysis. Below, an observational finding in older US veterans about survival and days at home, and a closing prompt to ask about time at home, travel, hospital visits and symptoms.",Sources: https://doi.org/10.1186/s12882-021-02461-4 https://doi.org/10.7326/M23-3028
G070,C07,public,Ask this,"What will a normal day look like three months after a major operation?

It is a fair question to put to a surgical team. The answer may shape the decision as much as the list of complications.

Recovery of everyday life can take months. A US study followed 372 people aged 60 and over (average age 69) after planned major abdominal operations. It took on average about 3 months to get back to their usual washing and dressing. Household tasks and getting out, such as shopping, cooking and managing money, took about 6 months. At 6 months, about 1 in 10 had not recovered their basic daily activities and about 1 in 5 their household activities. That study is from 2004, before faster recovery pathways became widespread. Averages hide wide variation.

In another US study, 226 seriously ill people aged 60 and over were asked what they would choose if the alternative to a treatment was dying of their illness. Almost all would accept a simple treatment that kept them as they were. About 3 in 4 said they would not choose it if it left them alive with severe physical disability. About 9 in 10 said the same if it left them with severe problems with thinking and memory.

Since a 2015 UK Supreme Court ruling known as Montgomery, doctors must tell you about any risk a reasonable person in your position would think significant. They must also tell you about any risk they know is significant to you, and about reasonable alternatives. We should treat not getting back to washing, dressing or living at home as that kind of risk for many older people.

Questions you can ask:
1. What is a normal day likely to look like at three months?
2. What is the best case, the worst case and the most likely outcome?
3. What are the alternatives, and what would each mean for daily life?",1779,G070.png,"Question card with three numbered questions to ask before a major operation: what a normal day looks like at three months; best, worst and most likely case; alternatives and what each means for daily life. Evidence panel: US study of 372 people aged 60+, washing and dressing recovered in about 3 months, household tasks about 6.","Sources: https://doi.org/10.1016/j.jamcollsurg.2004.05.280 https://doi.org/10.1056/NEJMsa012528 (quoting the Montgomery judgment, Montgomery v Lanarkshire Health Board [2015] UKSC 11) https://doi.org/10.1186/s12884-021-03574-2"
G071,C07,practitioners,Teaching round,"In US interviews, older people were generally open to stopping cancer screening. Many disliked one way of explaining it and preferred another.

In interviews with 40 adults aged 65 and over at one US centre, people were generally open to stopping screening, especially if they trusted their clinician. Many found 'you may not live long enough to benefit from this test' unnecessarily harsh. They preferred 'this test would not help you live longer'.

A national US survey of 881 people aged 65 and over then asked people to rank explanations in a hypothetical scenario:
1. Most preferred: 'your other health issues should take priority'.
2. Least preferred: the doctor gives no explanation at all.
3. Explanations that mentioned life expectancy ranked low.
A second survey found the same top and bottom choices in older adults with low health literacy.

Two points for practice. Giving no reason was the worst option, so saying nothing is not the kind choice. And people were divided on whether life expectancy should come up at all, so leading with benefit and priorities does not mean hiding prognosis.

These findings are from US populations and record what people said they would prefer. Screening programmes and ages differ in the UK.

We should explain stopping screening in terms of benefit, harm and the person's other health priorities, and offer to talk about prognosis for those who want it.",1402,G071.png,"Three-panel illustration of a doctor facing an older man in a consulting room, each with a speech bubble of wording tested in US research: you may not live long enough to benefit (many found harsh); this test would not help you live longer (preferred by many); your other health issues should take priority (most preferred in a survey of 881).",Sources: https://doi.org/10.1001/jamainternmed.2017.1778 https://doi.org/10.1001/jamaoncol.2018.2100 https://doi.org/10.1007/s11606-019-05258-2
G072,C07,practitioners,Teaching round,"When nobody knows whether a treatment will help, a time-limited trial sets a fixed time for the treatment and an agreed review at the end.

The definition comes from expert consensus (American Thoracic Society, 2024): an agreed plan to give a treatment for a set time, after which the person's response guides the next step. That step can be to carry on, to stop and focus on comfort, or to extend the trial.

A time-limited trial differs from 'let's see how it goes' in four ways:
1. The plan is offered to the person or family, who can agree to it.
2. It names the treatment and how long it will run.
3. It names the signs that would show it is working or not.
4. It says what happens at the review.
These are core items from a fuller consensus of 16 elements, and the plan can be extended rather than binding.

The stated aim is to avoid both open-ended treatment and stopping at once: full-quality care for a fair period, judged by criteria agreed in advance. That is the rationale of the approach.

What has been measured is modest. A US before-and-after study in three intensive care units (not specific to older people, mean age 64) trained doctors to use time-limited trials. The share of family meetings that named signs of improvement rose from about 1 in 5 to almost 9 in 10. Median ICU stay fell from 8.7 to 7.4 days, and fewer people were ventilated (86 in 100 before the training, 73 in 100 after). Hospital deaths did not change (58 in 100 in both periods).

In practice the approach is often done partly. Reviews find parts of the plan missing. In one US health system, only about 1 in 100 goals-of-care notes recorded a time-limited trial.

The consensus was written for critical care. Using it for other decisions in older people is a reasonable extrapolation. Write down the signs, the date and the plan for either result.",1841,G072.png,"Timeline from Start to Review date with a shaded treatment period and numbered markers 1 to 4, then three arrows to Carry on, Focus on comfort and Extend. Numbered list: agree, name, define the signs of working or not, and review on the agreed date.",Sources: https://doi.org/10.1513/AnnalsATS.202310-925ST https://doi.org/10.1001/jamainternmed.2021.1000 https://doi.org/10.1016/j.chest.2023.12.014
G073,C08,practitioners,Weighing it up,"Severe dementia on its own is not a reason to stop donepezil.

NICE's dementia guideline says: do not stop acetylcholinesterase inhibitors in people with Alzheimer's disease because of disease severity alone. It does not say never stop.

The main evidence is DOMINO-AD, a UK trial of 295 people living at home with moderate to severe Alzheimer's disease.

Those who kept taking donepezil for a year scored better on memory and thinking tests and on everyday activities than those who stopped. The difference in memory and thinking scores (1.9 points on a 30-point scale) was larger than the 1.4 points the researchers had set as clinically important. The difference in everyday activities (3.0 points on a 60-point scale) was smaller than their 3.5-point threshold.

In an extra analysis done after the trial, about 37 in 100 people who stopped donepezil had moved permanently into a care home within a year, compared with about 20 in 100 who kept taking it. Over the next 3 years the two groups ended up with similar numbers of moves. This was not the trial's main question.

A Cochrane review of stopping these medicines found that stopping may worsen thinking, function and behaviour, but most of that evidence is of low certainty.

Side effects remain good reasons to review or stop: sickness and diarrhoea, and fainting or a slow pulse, which are more common in people taking these medicines.

In our judgement, a change in what the person wants from treatment is also a reason to review. A move into a care home is not a reason to stop on its own. In the last weeks of life, stopping is often sensible.

When you next review a person on donepezil, write down why you are stopping or continuing. Severity alone should not be the reason.

Sources: NICE NG97; Howard et al., NEJM 2012 and Lancet Neurology 2015; Parsons et al., Cochrane 2021.",1845,G073.png,"Comparison card. Left: sickness or diarrhoea, fainting or slow pulse, our view that goals changed are reasons to review or stop. Right: severe dementia alone is not a reason (NICE). Below, bars: about 37 in 100 who stopped donepezil moved permanently to a care home within a year, against about 20 in 100 who continued; analysis done after the trial.",Sources: NICE NG97 https://www.nice.org.uk/guidance/ng97 | DOMINO-AD https://doi.org/10.1056/NEJMoa1106668 | care home analysis https://doi.org/10.1016/S1474-4422(15)00258-6 | Cochrane https://doi.org/10.1002/14651858.CD009081.pub2
G074,C08,practitioners,Reading the evidence,"Mirtazapine for agitation in Alzheimer's disease: a UK trial found no clear benefit over a dummy tablet.

Mirtazapine is prescribed for agitation in dementia, partly because it seems a safer choice than an antipsychotic. In US care homes between 2009 and 2014, antipsychotic use fell while use of mood stabilisers, such as valproate and carbamazepine, rose, possibly as a substitute.

SYMBAD tested mirtazapine directly. It gave 204 people with Alzheimer's disease and agitation that had not improved with non-drug care either mirtazapine or a dummy tablet for 12 weeks. Most were recruited through old-age psychiatry services and care homes, in 26 UK centres.

At 12 weeks, agitation was no better with mirtazapine than with the dummy tablet. Agitation eased in both groups, by a similar amount, in the first 6 weeks. The authors say that could reflect usual care, the natural course of the problem, regression to the mean or placebo effects.

By 16 weeks, 7 of 102 people on mirtazapine had died, compared with 1 of 102 on the dummy tablet.

Treat the deaths finding with care. The comparison of deaths was run after the trial ended. The numbers are small. Causes of death varied. An earlier trial of mirtazapine for depression in dementia did not show more deaths. With no benefit to set against it, the possible harm still counts.

The researchers concluded that their results do not support using mirtazapine to treat agitation in dementia. This applies to agitation in Alzheimer's or mixed dementia, not to mirtazapine for depression.

In our judgement, a drug that seems safer than an antipsychotic still needs a shown benefit. Where agitation persists, look for the cause of the distress, and review any sedating drug against a named goal.

Source: Banerjee et al., Lancet 2021 (SYMBAD); Maust et al., JAMA Internal Medicine 2018.",1838,G074.png,"Two panels. Schematic sketch: agitation lines for mirtazapine and dummy tablet fall together over 12 weeks, no clear difference. Icon arrays of 102 squares each: 1 filled for the dummy tablet, 7 filled for mirtazapine, deaths by 16 weeks. Note: tested after the trial, too few deaths to be sure of cause.",Sources: SYMBAD https://doi.org/10.1016/S0140-6736(21)01210-1 | US care home prescribing https://doi.org/10.1001/jamainternmed.2018.0379
G075,C08,both,What gets counted,"In the GREAT trial, people with early dementia each chose up to three everyday activities they wanted to manage better.

The trial randomly assigned 475 people living at home, each with a family member involved, to goal-focused rehabilitation or usual care. Nine in 10 completed it.

Therapy was 10 weekly home visits of an hour, then 4 more visits over 6 months, mostly from occupational therapists. They worked on the person's goals using prompts, memory aids and practising the skill.

People rated how well they managed each goal on a 0 to 10 scale. After 3 months, ratings rose by about 2.6 points on average with therapy, compared with about 0.9 points with usual care. The researchers called this a large effect. It was still there at 9 months, and family members' ratings agreed.

On standard questionnaires for quality of life, mood, confidence and memory, the trial did not show a clear difference.

The therapy aimed at each person's goals. The goal ratings measured what it set out to change. Memory scores measured something else.

The costings showed the same split. Judged by a standard measure of years of good health gained, the therapy showed no evidence of value for money. Judged by the goals people chose, it may be good value, if a service is willing to pay for each point of goal improvement.

Two cautions. The people rating the goals knew they had had therapy. And the trial could not rule out that some benefit came from having an attentive visitor.

In our judgement, dementia services and trials should record progress on the goals people set for themselves, alongside the standard scales. Otherwise a therapy that helps with what people asked for can look as if it did nothing.

Sources: Clare et al., Health Technology Assessment 2019; Clare et al., Int J Geriatr Psychiatry 2019.",1810,G075_1.png | G075_2.png,"Bars from 0 to 3 points on a 0 to 10 goal scale: average gain in own goal ratings at 3 months about 2.6 with home rehabilitation, about 0.9 with usual care. Rated by participants who knew their group. GREAT trial, 475 people with mild to moderate dementia. || Standard scores showed no clear difference: quality of life, mood, confidence, memory and thinking, each marked with an equals sign. The therapy aimed at own goals, not memory scores.",Sources: GREAT trial https://doi.org/10.3310/hta23100 | goal analysis https://doi.org/10.1002/gps.5076
G076,C08,both,Reading the evidence,"A large trial in England tested 4 months of fairly hard gym exercise for people with dementia. At 12 months from the start, their memory and thinking had not declined more slowly.

The DAPA trial randomly assigned 494 people with mild to moderate dementia to a supervised programme of fairly hard aerobic and strength exercise, twice a week for 4 months, or to usual care.

What it found:

1. While the classes ran, people in the exercise group walked about 18 metres further in six minutes after six weeks, and lifted heavier weights. This was measured only in the exercise group, so the authors could not be definite the programme caused it.
2. At 12 months, memory and thinking scores were slightly worse in the exercise group, by about 1.4 points on a 70-point test. The researchers were unsure whether a difference that size is important.
3. There was no clear difference in everyday activities, behaviour, quality of life, carers' strain or falls.

The thinking scores suggest possible slight harm; the trial did not establish harm. This programme, at this intensity, did not slow decline. Gentler exercise was not tested.

A German trial of 122 frail older people with mild to moderate dementia found that 3 months of strength and functional training made them stronger and quicker at standing up from a chair than a gentle comparison activity.

Exercise with balance training reduces falls in older people living at home generally. In DAPA, falls did not show a clear difference. The range of possible effects was wide. So this benefit should not be promised to people with dementia on this evidence.

In DAPA, 23 of 329 people in the exercise group (about 7 in 100) had a health problem linked to the exercise, and 4 had a serious one; this was recorded only in that group. In our judgement, offer exercise to people with dementia for strength and getting up from a chair, and for enjoyment if they like it. Be straight that it has not been shown to slow memory loss.

Sources: Lamb et al., BMJ 2018 (DAPA); Hauer et al., J Am Geriatr Soc 2012; Sherrington et al., Cochrane 2019.",2088,G076.png,"Drawn community exercise class: a man with a walking stick rises from a chair while a physiotherapist stands ready beside him, an older woman walks, a carer sits holding a cup. Three pins: 1 fitness rose about 18 metres in a 6 minute walk (exercise group only); 2 memory and thinking not slowed, slightly worse; 3 no clear difference in falls, daily activities or quality of life.",Sources: DAPA https://doi.org/10.1136/bmj.k1675 | strength training in dementia https://doi.org/10.1111/j.1532-5415.2011.03778.x | exercise and falls https://doi.org/10.1002/14651858.CD012424.pub2
G077,C08,both,Who gets left out,"About 1 in 7 people who saw a Swedish GP with memory symptoms, whatever the cause, met the criteria for lecanemab after full tests.

Lecanemab is one of the new antibody drugs for early Alzheimer's disease. It was licensed in the UK in August 2024.

In the Swedish study of 607 people with memory symptoms in primary care, about a third were ruled out early by other illnesses, medicines, age or weight. About 1 in 6 were taking a blood thinner (anticoagulant), which rules out lecanemab under the use recommendations applied. About 1 in 4 had marked changes in the brain's small blood vessels on MRI. Most people who were ruled out had more than one reason. That group included people whose memory problems were not due to Alzheimer's disease.

The trial itself used stricter rules than clinics now use. In a US population study, 237 older people (average age 81) had early memory problems and amyloid, a protein linked with Alzheimer's disease, on a brain scan. When the lecanemab trial's entry rules were applied, 19 of them, about 8 in 100, would have qualified. Almost all were White, which limits how far that applies.

Frailty is a separate question. A third study looked at 120 older people with amyloid on testing (half were older than 82). All were pre-frail or frail. About 1 in 5 of them (24) would have qualified for the trial. Among the 44 who were frail, only 4 would have. These are different groups, so the 8 in 100 and the 1 in 5 should not be compared with each other. Under the looser rules recommended for clinic use, about half of the 120 could be considered.

The trial evidence says little about frail people; that alone does not rule them out of treatment.

If you or your relative are thinking about these drugs, a good first question is: would someone like me have been in the trial?

Sources: Borgström Bolmsjö et al., Alzheimer's Res Ther 2026; Pittock et al., Neurology 2023; Bellelli et al., Alzheimer's Res Ther 2026.",1949,G077_1.png | G077_2.png,"Funnel: 607 people seeing a GP in Sweden with memory symptoms narrowing to 86 who met lecanemab criteria after full tests, about 1 in 7. Two separate boxes: about 1 in 6 on a blood thinner, about 1 in 4 with marked small-vessel changes on MRI. Reasons overlap. || Three bars scaled to count: 237 older people with early memory problems and amyloid, 112 meeting inclusion rules, 19 remaining after exclusions, about 8 in 100. Below, 44 squares with 4 filled: frail people meeting trial rules, from a separate study of 120.",Sources: Swedish primary care https://doi.org/10.1186/s13195-026-02019-2 | US population study https://doi.org/10.1212/WNL.0000000000207770 | frailty https://doi.org/10.1186/s13195-026-01966-0 | UK licence https://doi.org/10.1002/bcp.70021
G078,C08,practitioners,Teaching round,"Some people with dementia react severely to antipsychotic medicines. The risk is particularly high in people with Lewy body disease, which is often missed or labelled as Alzheimer's disease.

NICE says: be aware that for people with dementia with Lewy bodies or Parkinson's disease dementia, antipsychotics can worsen the motor features of the condition, and in some cases cause severe antipsychotic sensitivity reactions.

The international consensus on dementia with Lewy bodies advises avoiding antipsychotics whenever possible for the same reason.

The figures are old. In a 1992 UK study of people whose Lewy body dementia was confirmed after death, 7 of the 16 who had been given an antipsychotic had a severe reaction, compared with 1 of 14 people with Alzheimer's disease. Small, retrospective and mostly older drugs, but consistent with the later consensus.

So check the four core features before you prescribe:

1. Alertness and thinking that vary a lot.
2. Seeing things that are not there, often people or animals.
3. Acting out dreams in sleep.
4. Slowness, stiffness or tremor.

None of these confirms Lewy body disease on its own. Changing alertness can happen late in other dementias, and other sleep problems can look like acting out dreams. The list is a teaching prompt, not a validated screening tool. A yes is a reason to think again and ask for specialist advice before an antipsychotic.

Sources: McKeith et al., Neurology 2017; McKeith et al., BMJ 1992; NICE NG97.",1489,G078.png,"Checklist of four questions before an antipsychotic, for dementia with Lewy bodies: does alertness vary a lot, does the person see people or animals not there, do they act out dreams, are they slow, stiff or tremulous. Each has an empty tick box and a line icon. Any yes: think of Lewy body disease and get specialist advice first. A teaching prompt, not a diagnosis.",Sources: Lewy body consensus https://doi.org/10.1212/WNL.0000000000004058 | neuroleptic sensitivity https://doi.org/10.1136/bmj.305.6855.673 | NICE NG97 https://www.nice.org.uk/guidance/ng97
G079,C08,public,"Small detail, real effect","If you or your parent takes donepezil, rivastigmine or galantamine for dementia, ask at the next review whether anyone has checked the pulse since the tablet started.

In donepezil trials, the commonest side effects were feeling sick, vomiting and diarrhoea.

These medicines can also slow the heart.

When the results of the randomised trials are added together, people taking these medicines fainted more often than people taking a dummy tablet. The trials did not show more falls or broken bones overall.

A Canadian study followed about 81,000 older people with dementia living at home. Those taking these medicines went to hospital with fainting about 32 times per 1000 people each year. Among those not taking them, it was about 19 per 1000. That shows a link. It does not show that the medicine caused every faint.

In another Canadian study, hospital admissions with a very slow pulse were linked with recently starting one of these medicines. After leaving hospital, more than half (78 of 138) went back on a medicine of the same type.

A faint can look like a fall.

What you can do:
1. Ask at the review: has anyone checked the pulse since the tablet started?
2. Report dizziness, light-headedness or fainting to the GP or pharmacist.
3. Mention the tablet to anyone assessing a fall.

Do not stop the tablet on your own; ask first.

Sources: Gill et al., Arch Intern Med 2009; Kim et al., J Am Geriatr Soc 2011; Park-Wyllie et al., PLoS Med 2009.",1458,G079_1.png | G079_2.png,"Illustrative comic in three panels at a pharmacy. A pharmacist asks an older woman and her son whether she has felt dizzy or fainted since starting donepezil, checks her pulse at the wrist, and tells them to report dizziness or fainting because a faint can look like a fall. || Bars: hospital visits for fainting per 1000 people a year, about 32 for older people with dementia taking these tablets and about 19 for those not taking them. Ontario, Canada, 2002 to 2004. Shows a link, not that the tablet caused every faint.",Sources: Ontario cohort https://doi.org/10.1001/archinternmed.2009.43 | pooled trials https://doi.org/10.1111/j.1532-5415.2011.03450.x | slow pulse admissions https://doi.org/10.1371/journal.pmed.1000157
G080,C08,both,What gets counted,"How many of your relative's GP appointments last year were with the same GP?

It is a simple count, and it is linked with safer prescribing in dementia.

A study of 9,324 people with dementia in England (average age about 85) compared those who saw the same GP most consistently with those who saw the same GP least often.

Those with the most consistency were prescribed fewer medicines on average: 8.5 compared with 9.7. They also had fewer prescriptions that are often unsafe in older age: 2.1 compared with 2.5. These are averages before adjustment. After allowing for age, other illnesses and frailty, the differences were smaller but remained.

Over the next year they were also less likely to have new incontinence recorded. They were slightly less likely to be admitted as an emergency, but that link was weak. A study of 22,060 people with dementia in Quebec found somewhat fewer hospital admissions with high continuity.

These studies show links. They do not show that seeing the same GP caused the differences. People who are more unwell may also see more different doctors.

One thing that did not seem to help: from 2014, people aged 75 and over in England were given a named GP. A study found this was not followed by an increase in how often they saw the same GP.

GP researchers wrote in 2025 that most UK practices did not measure continuity, even though simple measures exist: the share of a person's appointments that are with their own GP.

For families: ask to book with the same GP each time, and keep a note of who you saw. For practices: count it.

Sources: Delgado et al., BJGP 2022; Godard-Sebillotte et al., JAGS 2021; Tammes et al., BMJ Open 2019; Dineen et al., BJGP 2025.",1702,G080_1.png | G080_2.png,"Paired bars on a zero axis. Average medicines: 8.5 for the most consistent GP, 9.7 for the least consistent. Prescriptions often unsafe in older age: 2.1 and 2.5. 9,324 people with dementia in England. Averages before adjustment; smaller gap after adjustment. A link, not proof of cause. || Ask to book with the same GP each time. A named GP scheme was not followed by more continuity in England. Keep a note of who you saw.",Sources: https://doi.org/10.3399/BJGP.2021.0413 | Quebec https://doi.org/10.1111/jgs.17049 | named GP https://doi.org/10.1136/bmjopen-2019-029103 | 2025 editorial https://doi.org/10.3399/BJGP.2025.0199 | simple measure https://doi.org/10.3399/bjgp19X701813
G081,C08,public,Reading the evidence,"Planned music sessions probably do not calm agitation or aggression in people with dementia.

That is the finding of a 2025 Cochrane review, which pools the results of many trials: here 30 trials with 1,720 people. The trials tested planned sessions, at least five of them, mostly in groups and mostly in care homes. They were not tests of the radio or casual listening at home.

Compared with usual care, the review found that sessions probably do not reduce agitation or aggression. It also found they probably ease low mood slightly by the end of a course. Both findings rest on evidence of moderate certainty (fairly, though not fully, reliable). They may reduce behaviour problems overall, but that evidence is weak. A month or more after sessions stopped, no benefit was shown, though that evidence is also weak.

When music was compared with other organised activities, it did not clearly do better for mood or agitation.

Since the review, a large trial in 86 care home units in six countries, including the UK, gave 1,021 residents with low mood music therapy groups, choir singing or usual care. Neither music group eased low mood more than usual care after 6 months.

No serious harms were reported, though harms were recorded inconsistently.

In our judgement, music is worth offering because the person enjoys it and it gives shared time with others. Judge it by whether they enjoy it. Do not use it as the treatment for agitation or low mood, or in place of looking for the cause of distress.

Sources: van der Steen et al., Cochrane 2025; Sveinsdottir et al., Lancet Healthy Longevity 2025.",1605,G081.png,"Care home lounge: an older man stands singing beside a care worker seated with a guitar, an older woman with a hearing aid sits and listens with hands raised, a man in a wheelchair listens. Below: music trials found probably no reduction in agitation or aggression, low mood probably eased slightly by the end of a course, and no benefit shown a month after sessions stopped (weak evidence).",Sources: Cochrane review https://doi.org/10.1002/14651858.CD003477.pub5 | care home trial https://doi.org/10.1016/j.lanhl.2025.100783
G082,C08,practitioners,Care that works,"Sixty-nine UK nursing homes took part in WHELD, a trial of a programme to improve everyday care.

847 residents with dementia were followed for 9 months. About a third did not reach the final assessment, mostly because they had died, which is expected in nursing home research.

The programme trained staff in person-centred care and built in social activities tailored to each resident's interests, aiming for an hour a week each. It also set up a way to prompt the GP to review antipsychotic medicines. Two care staff in each home were trained as champions to keep it going.

After 9 months, residents in the programme homes had slightly better quality of life and slightly less agitation and distress than residents in usual-care homes. The researchers described the effects as small. Quality of life improved by about 2.5 points on a scale running from 31 to 124. The benefit was clearest in people with moderately severe dementia.

Observers also saw more positive, warm contact between staff and residents.

The result that went the other way: antipsychotic use did not fall. But fewer than 1 in 10 residents were taking antipsychotics at the start, and the GPs were given only limited training.

Two cautions. Quality of life and agitation were rated by care staff, who may have known their home was taking part. And the trial tested the whole package, so it could not show which part did the good.

The researchers speculated that the planned social activity probably helped most. In our judgement, an hour a week of activity chosen around each resident is a reasonable first step for a home, while being clear it has not been tested alone.

Source: Ballard et al., PLoS Medicine 2018.",1693,G082.png,"Nursing home lounge with four numbered pins for the WHELD programme: 1 staff training in person-centred care, 2 tailored social activity, 3 GP prompted to review antipsychotics, 4 two champions per home. A care worker kneels showing a man a photo album; others sit at a table with seed packets. Effects small: slightly better quality of life, slightly less agitation, no change in antipsychotic use.",Source: WHELD trial https://doi.org/10.1371/journal.pmed.1002500
G083,C08,public,Ask this,"After a diagnosis of mild or moderate dementia, you can ask whether a cognitive stimulation group runs near you.

Cognitive stimulation therapy (CST) is a small group, run by trained staff. It usually meets twice a week for about 45 minutes, 14 sessions over 7 weeks. Local formats vary. Sessions use themed activities such as talking about the news and the past, word games, puzzles and music.

In England, NICE (the body that sets national health guidance) says people with mild to moderate dementia should be offered group cognitive stimulation therapy.

In an early UK trial in 2003, 201 people with dementia took part. Those who went to the group scored better afterwards on memory and thinking tests and on a quality-of-life scale than those who did not.

A 2023 Cochrane review pooled 37 trials with 2,766 people. By the end of the course, the groups probably help memory and thinking a little. That was about 2 points on a 30-point test of memory and thinking, which the reviewers compare to roughly a six-month delay in the usual decline. People also communicated and joined in more.

The limits: gains in well-being and mood were slight, results varied between studies, and it is not known how long the benefits last.

So it is a modest, short-term help with moderate-quality evidence behind it, and it involves meeting other people.

Questions to ask the memory service or GP:
1. Is there a cognitive stimulation group near me?
2. How often does it meet, and for how many weeks?
3. Can a family member help me get there?

Sources: NICE NG97; Spector et al., Br J Psychiatry 2003; Woods et al., Cochrane 2023.",1619,G083.png,"Question card: is there a cognitive stimulation group near me? For mild to moderate dementia. Drawn scene of a small group round a table: a woman in a headscarf reaching to place a puzzle piece, a man with a hearing aid, a woman beside a parked walking frame, and a leader holding a blank picture card. Small group, usually twice a week for 7 weeks; modest short-term gain in memory and thinking.",Sources: NICE NG97 https://www.nice.org.uk/guidance/ng97/chapter/recommendations | Cochrane https://doi.org/10.1002/14651858.CD005562.pub3 | trial https://doi.org/10.1192/bjp.183.3.248
G084,C09,practitioners,Teaching round,"An MMSE score of 20 to 24 did not change the likelihood that a patient lacked capacity for a treatment decision.

The MMSE (Mini-Mental State Examination) is a 30-point test of memory and thinking. It was not designed to assess capacity. A JAMA systematic review (Sessums and colleagues, 2011) pooled studies of treatment decisions in adult medical patients and reported these likelihood ratios for incapacity:

Below 20: 6.3 (95% CI 3.7 to 11). Incapacity more likely.

20 to 24: 0.87 (0.53 to 1.2). No clear change either way.

Above 24: 0.14 (0.06 to 0.34). Incapacity less likely.

Three limits. The bands apply to the MMSE only, so they should not be carried over to other tests such as the MoCA or ACE-III. The review studied treatment decisions, not decisions about where to live. And a score above 24 lowers the chance of incapacity without ruling it out: a person may still lack capacity for a complex decision; the review did not measure this.

An earlier study of 37 people with mild to moderate Alzheimer's disease found a similar pattern. Scores of 21 to 25 did not reliably separate people who could consent to research from those who could not.

In the same review, about 1 in 4 medical inpatients lacked capacity for a treatment decision, and clinicians recognised it in about 4 in 10 of those patients. The Aid to Capacity Evaluation is free to use. The studies were mostly North American and ran up to 2011.

Our judgement: treat a score as a reason to look harder at the decision, then assess that decision. In the notes, record what was asked, what was explained and how the person reasoned.",1611,G084.png,"Diagram of an MMSE scale from 0 to 30 in three zones. Below 20: incapacity for a treatment decision is more likely (likelihood ratio 6.3). 20 to 24: no clear change (0.87). Above 24: incapacity less likely, but not ruled out (0.14). A bracket reads: Then assess the decision. Pooled studies of treatment decisions in medical patients; MMSE bands only.","Sources: Sessums et al, JAMA 2011 https://doi.org/10.1001/jama.2011.1023 ; Kim and Caine, Psychiatr Serv 2002 https://doi.org/10.1176/appi.ps.53.10.1322"
G085,C09,practitioners,Teaching round,"'Are we ready for our wash, sweetheart?' Staff usually say things like this to be kind or to get care done. Older adults without dementia who are asked mostly find it patronising.

This way of talking has a name, elderspeak. It means talking to an older adult the way people talk to a small child: pet names such as 'sweetheart' or 'good girl', 'we' instead of 'you', questions that answer themselves ('You want to get up now, don't you?') and a high, sing-song voice.

What the studies show:

1. A US study filmed 80 care episodes with 20 nursing home residents with dementia. When a resident's behaviour changed after staff spoke, it turned to resistance about 55 times in 100 after elderspeak. After ordinary adult talk it turned to resistance about 26 times in 100. The authors say an experiment is needed to show cause.

2. A US hospital study recorded 88 care encounters with 16 people with dementia. 85 of the 88 included some elderspeak, and about half included refusal or resistance. Encounters with less elderspeak were less likely to include refusal. Pain was linked with refusal too.

3. In a small trial that put 13 nursing homes into groups by chance (27 residents), three one-hour training sessions cut the share of care time spent in elderspeak, from about 35%, by about 14 percentage points. Over the same period, resistance fell from about 36% of care time by about 15 percentage points. At 3 months the fall in elderspeak held (12 percentage points), but the fall in resistance (13 percentage points) was no longer statistically clear, so chance could not be ruled out. Only half of participating staff attended all three sessions.

These are small studies, and the link could run both ways, for example if staff use more elderspeak with people who are already distressed.

Our judgement: elderspeak is a care-quality problem. Staff mostly use it to be kind, so the response is training of the kind tested in this small trial.",1945,G085.png,"Illustrative phrases in two columns. Elderspeak: 'Are we ready for our wash, sweetheart?', 'Good girl.', 'We'll just pop this on, shall we?'. Adult talk: 'Would you like a wash now or after breakfast?', 'Thank you.', 'I'm going to put your cardigan on now.' In 80 filmed episodes, behaviour changes were to resistance about 55 times in 100 after elderspeak and 26 after adult talk. A link, not proof.","Sources: Williams et al, 2009 https://doi.org/10.1177/1533317508318472 ; Williams et al, Gerontologist 2017 https://doi.org/10.1093/geront/gnw047 ; Shaw et al, J Am Geriatr Soc 2022 https://doi.org/10.1111/jgs.17910"
G086,C09,public,Care that works,"Nearly 4 in 10 adults at routine medical appointments bring someone with them, most often a husband, wife or grown-up child. That is the average across 13 studies in a 2011 review, so it is not a UK figure. The people who brought someone were, on average, older and in poorer health.

If you go with an older parent, what a companion does in the room is linked with how much the patient takes part.

In a US study that filmed 93 visits by people aged 65 to 95 who came with a relative or friend, patients were more likely to take an active part in decisions when the companion asked them questions, prompted them to speak and asked what they thought. The study looked at one visit each, so it shows a link and not proof that the companion's behaviour caused the difference. The patients also differed in other ways: companions of sicker patients were more likely to do this.

A small 1994 US comparison of 15 audiotaped first visits made with a companion and 15 made alone found that accompanied patients raised fewer topics themselves and were often left out of the conversation. This was a small, old study, and later work found that being left out is not universal.

A review of 52 studies found that companions were often seen as helpful. Taking over or making demands was seen as less helpful. People differed widely in how much they wanted a companion to do. That is why it helps to agree beforehand what your parent wants to say themselves and what they want you to add. This is practical advice, and it has not been tested as a family intervention.

Five studies looked at outcomes for accompanied patients. None found worse outcomes, but three of the five could not say either way, so this does not show that a companion helps.

At the appointment, ask questions that let your parent answer first. 'What do you think?' is a good one.",1842,G086.png,"Illustrative three-panel comic. Panel 1: in a clinic, a daughter answers for her older mother, who looks down; a doctor sits at a desk. Panel 2: the evening before, at a kitchen table, they agree who says what. Panel 3: the daughter asks ""What do you think, Mum?"" In a US study of 93 visits, patients took part more when companions asked what they thought. A link, not proof.","Sources: Wolff and Roter, Soc Sci Med 2011 https://doi.org/10.1016/j.socscimed.2011.01.015 ; Clayman et al, Soc Sci Med 2005 https://doi.org/10.1016/j.socscimed.2004.08.004 ; Laidsaar-Powell et al, Patient Educ Couns 2013 https://doi.org/10.1016/j.pec.2012.11.007 ; Greene et al, J Am Geriatr Soc 1994 https://doi.org/10.1111/j.1532-5415.1994.tb07490.x"
G087,C09,practitioners,Reading the evidence,"Teach-back, asking a patient to say in their own words what you told them, is often taught as a technique that improves understanding. An earlier systematic review (Talevski and colleagues, 2020) reported that it worked on some outcome in 19 of 20 studies. Those studies had mixed designs and quality.

A 2026 systematic review (Vick and colleagues, Journal of General Internal Medicine) included only randomised trials of teach-back in a single encounter, and graded the certainty of the evidence. It found 18 trials with 1,985 participants.

Knowledge: no clear pattern of effect, very low certainty. The 9 trials that measured knowledge were too different to combine.

Confidence in managing health (self-efficacy): increased, very low certainty, from 5 trials.

Sticking to advice (adherence): increased, low certainty, from 7 trials. This was self-reported and short term.

The confidence intervals were wide and the trials differed a lot from each other.

Two limits. The trials were in adults generally, not older people specifically. And multi-session education programmes that include teach-back were outside the review.

This is an evidence gap. Teach-back has not been shown to fail. It does give us a reason to check, because older patients may recall less when a lot is said. In a study of 260 people with cancer who had their first appointment recorded, older patients recalled less than younger ones when a lot of information was given. How much was said, and how serious the news was, predicted recall better than age alone.

Our judgement: use teach-back to test our own explanation and find what we missed, and avoid telling patients or trainees that it has been shown to improve what patients know.",1717,G087_1.png | G087_2.png,"Summary of 18 randomised trials of teach-back in one conversation, adults generally. Knowledge: no clear pattern, very low certainty. Confidence in managing health: increased, very low certainty. Sticking to advice, self-reported and short term: increased, low certainty. Certainty is shown in words and by filled segments. || Statement card: Use it to test your explanation. A judgement, not a trial finding: teach-back has not been shown to improve what patients know, but it can show what an explanation missed.","Sources: Vick et al, J Gen Intern Med 2026 https://doi.org/10.1007/s11606-026-10678-y ; Talevski et al, PLoS One 2020 https://doi.org/10.1371/journal.pone.0231350 ; Jansen et al, J Clin Oncol 2008 https://doi.org/10.1200/JCO.2007.15.2322"
G088,C09,both,Reading the evidence,"Talking Mats is a set of picture cards and a mat that lets a person show how they feel about each part of daily life. It comes from the Talking Mats Centre in Stirling. In a 2026 Swedish trial, staff had two days of training before using it.

In one small study, 18 couples living with dementia (a person with dementia and a family carer) talked about daily life twice, once with the mats and once as usual. Both partners said they felt more involved with the mats. That study was not randomised, had one visit per couple, and was led by the tool's developers.

In a 2026 Swedish randomised trial, 101 older people with mild to moderate dementia, mean age 84, were randomly assigned to care-planning talks with or without the mats. Both groups rated their involvement high, and the trial did not show a clear difference between them. Scores were high in both groups, which may have left little room to show a difference. The same staff ran both kinds of talk, and about a quarter to a third of participants had no data after each conversation.

A systematic review looked at 7 studies of ways to include the views of people with moderate-to-severe dementia in research. Each tool had some use. None had clear evidence over the others.

So a structured, visual way to ask the person directly may help some conversations. It has not been shown to beat a careful ordinary conversation. Staff need training and a licence to use the product.

Our judgement: whichever method is used, we should ask the person with dementia directly, not only their family.",1550,G088.png,"Illustration: an older woman with dementia places a picture card on a mat at a kitchen table while her husband sits opposite, watching and listening. Text: Ask the person with dementia directly. A small study of 18 couples found both felt more involved; a 2026 trial of 101 people found high involvement in both groups and no clear difference.","Sources: Murphy and Oliver, Health Soc Care Community 2013 https://doi.org/10.1111/hsc.12005 ; Bångsbo et al, BMC Geriatr 2026 https://doi.org/10.1186/s12877-026-07518-3 ; Collins et al, Int J Older People Nurs 2024 https://doi.org/10.1111/opn.12594"
G089,C09,both,Who gets left out,"For many Deaf people who sign, British Sign Language (BSL) is a first language, with its own grammar. For some, written English is a second language, and notes full of medical words are hard to follow. Reading ability varies, and some prefer writing for a simple exchange. The evidence concerns health conversations where understanding is critical.

A review that mapped 51 studies from 12 countries on Deaf sign language users as patients found that handing over pen and paper often does not fix the problem. That review and a Welsh focus-group study (66 Deaf and hard of hearing people) also describe interpreters not being booked, relatives being asked to interpret instead, and relatives leaving things out. Some people prefer a family member to interpret for particular appointments, which is their choice.

In a UK health check of 298 Deaf BSL users aged 20 to 82, 37 in 100 had a high blood pressure reading, against 21 in 100 in an English population survey. Among those treated for high blood pressure, 42 in 100 had it under control, against 62 in 100 in the wider population. The authors suggested that unclear communication with doctors and nurses may be part of the reason treated blood pressure was less well controlled; the study did not test this. People were recruited to include set numbers of each kind of participant. Blood pressure was measured once. The sample covered all adult ages.

A review of research on older Deaf people who sign found that patchy access to interpreters puts them at risk of treatment without proper consent. That review mostly covers US studies and people's accounts rather than measurements, and little UK evidence on older Deaf people was found.

In England, NHS and adult social care services must record a person's communication needs and meet them. Any BSL interpreter they use must be qualified. This is the Accessible Information Standard. Across Great Britain, the Equality Act 2010 expects services to make reasonable adjustments for disabled people, including how they communicate. These points come from secondary sources and do not guarantee an interpreter.

For any conversation about diagnosis, treatment, consent or going home, ask the service to book a qualified BSL interpreter. Booking is the service's job.",2272,G089.png,"Illustrative drawing of two scenes of a health appointment with an older Deaf man. Left: a doctor writes notes on a pad and he looks at them with a frown. Right: a qualified BSL interpreter signs beside the doctor and he watches attentively. Text: Ask for a qualified BSL interpreter. For many Deaf people who sign, BSL is a first language and written English can be hard to follow.","Sources: Rogers et al, PLOS Glob Public Health 2025 https://doi.org/10.1371/journal.pgph.0003535 ; Emond et al, BMJ Open 2015 https://doi.org/10.1136/bmjopen-2014-006668 ; Terry et al, J Public Health 2024 https://doi.org/10.1093/pubmed/fdae112"
G090,C09,practitioners,Who gets left out,"After a stroke, some people lose words but may keep their judgement.

Aphasia is a difficulty with understanding or using language. About 1 in 3 people in hospital after a stroke have it (a median of 30% in acute settings and 34% in rehabilitation, across mixed stroke populations, with a wide range). Aphasia can make a person's ability to decide hard to see. Some people with aphasia also have problems with memory or reasoning, so the answer comes from a supported assessment, not from the diagnosis.

Capacity assessments run largely on talk. In a small laboratory study, 16 people with aphasia struggled most when a decision task relied on words, especially explaining their reasons aloud. On decision tasks without words they did not score clearly differently from 16 matched people without aphasia. That study was small, used laboratory tasks rather than real assessments, and 'not clearly different' is not proof of equal ability.

Research on people with aphasia describes supports that can help them take part in decisions: key words written down, pictures of the options, trained conversation partners and more time. Their effectiveness has not been tested one by one.

Staff do not always spot who needs support. In one small English study, staff skipped communication screening when they thought a patient's communication was fine. Of 8 unscreened patients with dementia or memory problems, 4 turned out to have significant communication needs. In a 2026 survey of 195 speech and language therapists in 32 countries, one barrier they reported was that other professionals did not seek their involvement. The survey gives no proportion.

The law points the same way. In England and Wales a person can't be treated as unable to decide until all practicable steps to help them have failed. In Scotland, an inability to communicate that can be overcome with human or mechanical aids does not count as incapacity. (These statements come from published secondary sources.)

Our judgement: before concluding that a person with aphasia lacks capacity, ask the speech and language therapist to help with the conversation, and check that the person has had a way to answer.",2176,G090.png,"Illustrative annotated bedside scene. An older man with aphasia after a stroke sits attentively in a chair. On the table in front of him are a pad of key words and picture cards of options. An assessor with a notepad and a speech and language therapist stand by. Pins: 1 key words written down, 2 pictures of the options, 3 a trained conversation partner, 4 more time.","Sources: Flowers et al, Arch Phys Med Rehabil 2016 https://doi.org/10.1016/j.apmr.2016.03.006 ; Kim et al, J Speech Lang Hear Res 2020 https://doi.org/10.1044/2020_JSLHR-19-00182 ; Stipinovich et al, 2023 https://doi.org/10.1111/1460-6984.12925 ; Jayes et al, Disabil Rehabil 2026 https://doi.org/10.1080/09638288.2026.2662096 ; Jayes et al, Int J Lang Commun Disord 2021 https://doi.org/10.1111/1460-6984.12585 ; Hughes et al, BJPsych Adv 2015 https://doi.org/10.1192/apt.bp.114.013110"
G091,C09,public,"Small detail, real effect","In two small studies, speaking more slowly did not, on its own, help people with Alzheimer's disease follow what was said.

In an experiment with 15 people with mild to moderate Alzheimer's, saying a sentence again, in the same or different words, helped them understand it. Saying it more slowly did not. In a study that recorded 18 couples at home during daily activities, simple sentences worked and slowing down did not. 'Simple' means grammatically simple, not just short.

Experiments with older adults who do not have dementia point the same way. Keeping each sentence to one idea and adding a word of explanation helped. A high-pitched voice did not help, and made people report more trouble following.

These were small studies from the 1990s and 2000s, in laboratory or home settings. Across studies, changing several things at once, including a slower rate, sometimes helped older listeners. So the finding is that slowing down on its own did not help, and a calm pace is not wrong.

Plain wording is ordinary adult speech: one idea per sentence, saying it again, and checking you were understood. Elderspeak is talking to an older adult the way people talk to a small child. It adds pet names ('love', 'sweetheart'), a high sing-song voice, and 'we' or 'shall we' that make the choice for the person.

If the person is also hard of hearing, face them and speak clearly. Clear is different from high-pitched or sing-song. In a tiny 1985 laboratory study, 5 listeners with hearing loss understood deliberately clear speech better than ordinary conversational speech.

Try it at the next conversation: one idea, say it again in other words if needed, and ask what they would like to do.",1695,G091_1.png | G091_2.png | G091_3.png,"Two small studies of Alzheimer's disease (15 people; 18 couples at home). Helped: simple sentences, saying it again in the same or other words. Did not help on its own: speaking more slowly. || Plain wording: one idea per sentence, saying it again, checking you were understood. Elderspeak: pet names such as love or sweetheart, a high sing-song voice, and we or shall we, which makes the choice for the person. || If the person is also hard of hearing: face them and speak clearly. Clear is different from high-pitched or sing-song. The studies were small and old, and a calm pace is not wrong.","Sources: Small et al, Psychol Aging 1997 https://doi.org/10.1037//0882-7974.12.1.3 ; Small et al, J Speech Lang Hear Res 2003 https://doi.org/10.1044/1092-4388(2003/028) ; Kemper and Harden, Psychol Aging 1999 https://doi.org/10.1037//0882-7974.14.4.656 ; Shaw and Gordon, Innov Aging 2021 https://doi.org/10.1093/geroni/igab023 ; Picheny et al, J Speech Hear Res 1985 https://doi.org/10.1044/jshr.2801.96"
G092,C09,public,Ask this,"National guidance from the Academy of Medical Royal Colleges (2018), 'Please, write to me', recommends that hospital doctors write outpatient clinic letters to the patient, rather than about the patient to the GP. It is professional guidance, not law.

Many people already get a copy of the clinic letter, but it is usually written to the GP and about them.

One study analysed 4.6 million clinic letters written at Moorfields Eye Hospital in London between 2013 and 2025, which includes the years before the 2018 guidance. About 2 in 100 were written to the patient, and about 95 in 100 were harder to read than the level recommended for patients. This has limits. It is one eye hospital. The patients were of all ages (half were older than 53). A computer rule decided which letters counted as written to the patient: at least 6 uses of 'you' or 'your' per 100 words. The study measured reading level, and did not ask whether patients understood.

In a survey at one English hospital clinic, 42 of 80 patients wanted letters written to them, 4 wanted them written to their GP and 34 had no preference. In one Dublin urology clinic that redesigned its letters and sent them to patients, 39 of the 53 patients who gave feedback found the letter easy to understand and 38 said it helped them understand their visit. That was a small project with no comparison group, and only 53 of 120 recipients gave feedback.

So you can ask: 'Could you write the letter to me, please?'",1471,G092.png,"Illustrative clinic letters. Written about you: 'Dear Dr Patel, I reviewed this 81-year-old woman in clinic.' Written to you: 'Dear Mrs Grant, Today we talked about your dizziness. What we found. What happens next. Who to call.' Ask: Could you write the letter to me, please? At one London eye hospital, about 2 in 100 of 4.6 million letters (2013 to 2025) were judged to be written to the patient.","Sources: Academy of Medical Royal Colleges, Please, write to me (2018) https://www.aomrc.org.uk/reports-guidance/please-write-to-me-writing-outpatient-clinic-letters-to-patients-guidance/ ; Ong et al, BMJ Health Care Inform 2026 https://doi.org/10.1136/bmjhci-2026-102086 ; Gupta et al, Int J Clin Pract 2021 https://doi.org/10.1111/ijcp.13907 ; Lonergan et al, BMJ Open Qual 2019 https://doi.org/10.1136/bmjoq-2019-000721"
G093,C09,practitioners,Teaching round,"A judge found that an 82-year-old woman with dementia, whom several professionals had assessed as lacking capacity to decide where to live, had that capacity.

She had vascular dementia, Parkinson's disease and hemiplegia, and wanted to go home from a nursing home. In this 2012 Court of Protection case in England (CC v KK), the judge said: 'The person under evaluation must be presented with detailed options so that their capacity to weigh up those options can be fairly assessed.' (paragraph 68, as quoted by Ruck Keene and colleagues). This is one first-instance ruling in England and Wales. It binds no other court, and Scotland has different legislation, the Adults with Incapacity (Scotland) Act 2000. (Hughes and colleagues note that the person needs a broad, general understanding, not every detail.)

Residence-capacity specialists (Hughes and colleagues, BJPsych Advances, 2015) recommend telling the person:

1. Why a move is being suggested.

2. What the other options are, for example going home with carers several times a day.

3. What each choice could mean, including saying clearly that a care home may become permanent and that going home with help carries no guarantee.

That is expert advice in a peer-reviewed review, not the wording of the statute. The same judge warned that professionals can move from asking 'can she decide?' to asking 'what is best for her?', and then expect the person to value a care home's safety over the security of being at home.

A study on English hospital wards (29 cases, fieldwork 2008 to 2009) looked at how staff judged whether a person with dementia could decide where to live. Staff varied widely in what information they gave or tested. Practice may have changed since. In four filmed capacity assessments in hospital, in people with communication difficulties after acquired brain injury, not specifically older people, options were not always put to the patient. Four recordings is too few to generalise.

Our judgement: we should put the options to the person, with the support attached to each, before judging whether they can weigh them.",2104,G093.png,"Checklist card for capacity to decide where to live, England and Wales. Before asking 'Can you manage at home?': specialists recommend saying: 1 why a move is suggested; 2 what the other options are, for example home with carers several times a day; 3 what each choice could mean, including that a care home may become permanent and that home with help has no guarantee. Based on CC v KK, 2012.","Sources: Hughes et al, BJPsych Adv 2015 https://doi.org/10.1192/apt.bp.114.013110 ; Ruck Keene et al, Int J Law Psychiatry 2019 https://doi.org/10.1016/j.ijlp.2018.11.005 ; Emmett et al, Int J Law Psychiatry 2013 https://doi.org/10.1016/j.ijlp.2012.11.009 ; Foulkes et al, Int J Lang Commun Disord 2024 https://doi.org/10.1111/1460-6984.13020"
G094,C09,both,Reading the evidence,"Relatives asked to predict a person's answers to imagined end-of-life treatment questions matched them about 2 times in 3.

In a 2006 systematic review (Shalowitz and colleagues) of 16 studies with 2,595 pairs of patients and the relatives who would speak for them, the relative gave the same answer as the person about 2 times in 3 (68% of 19,526 paired answers). They gave a different answer about 1 time in 3. Two further findings: relatives the person had chosen were no more accurate than next of kin, and pairs who said they had talked about it beforehand were no more accurate than those who had not. Some agreement is expected by chance on yes or no questions. These were imagined situations, not real decisions, and the talk beforehand was ordinary, unstructured conversation.

Structured conversation did better. In a US trial (Kirchhoff and colleagues, 2010), 313 people with heart failure or kidney disease took part with the person chosen to speak for them. A trained professional led a planning conversation that ended in a written record of the person's goals. The person chosen then understood those goals much better than after usual care. A 2024 review of 14 trials of joint planning by patients and family suggests it may improve agreement, though the findings were described in words rather than combined into one number, and the authors call for more studies.

For anyone planning ahead: our judgement is that we should record our own views and the reasons for them while we can, and go through them with the person who would speak for us, ideally with a professional's help.

For clinicians, the same judgement applies: ask relatives what the person valued and said, not only what they would choose.",1721,G094_1.png | G094_2.png,"Icon array of 100 paired answers about imagined end-of-life treatment. 68 in 100 matched and 32 in 100 did not. From 16 studies with 2,595 pairs of patients and relatives. Talking it through beforehand in an ordinary way did not improve matching in these studies. || Statement card: talk it through in a structured way, and write it down. In a US trial of 313 pairs, a structured conversation with a trained professional and a written record left relatives understanding the person's goals much better than usual care.","Sources: Shalowitz et al, Arch Intern Med 2006 https://doi.org/10.1001/archinte.166.5.493 ; Kirchhoff et al, J Am Geriatr Soc 2010 https://doi.org/10.1111/j.1532-5415.2010.02760.x ; Liu et al, J Pain Symptom Manage 2024 https://doi.org/10.1016/j.jpainsymman.2024.01.027"
G095,C10,practitioners,Teaching round,"Two history questions help most when an older person has leg pain on walking. Does it go when you sit down? Does leaning forward, say on a shopping trolley, ease it?

A JAMA Rational Clinical Examination review looked at 4 studies of 741 people with leg pain. The two strongest single pointers to lumbar spinal stenosis were no pain when seated and symptoms that ease on bending forward. Stenosis means narrowing of the spinal canal in the lower back.

The authors give a worked example. If 15 in 100 people with this kind of leg pain have stenosis, relief on bending forward raises the chance to about 53 in 100. That 15 in 100 is their assumption, and the result is a strong pointer, not a diagnosis. The estimates come mostly from specialist clinics and may be less accurate in primary care.

The contrast with the circulation:

1. Pain from narrowed leg arteries is usually not helped by bending forward, and tends to start after about the same walking distance each time.

2. A separate small study looked at 53 people who already had one of the two diagnoses. Calf pain that eased when the person simply stood still pointed strongly to the circulation. Pain above the knee brought on by standing, eased by sitting and helped by leaning on a trolley pointed strongly to the spine. Any one of these features alone was a weak guide, so the answers help most when taken together.

3. The two can occur together. In a Japanese study of 570 people with stenosis, about 7 in 100 also had narrowed leg arteries, and in half of those the artery disease had not been found before.

The history makes stenosis likely, and a scan can confirm it. Many older people have some narrowing on a scan without symptoms, so read the scan together with the history.

So ask both questions, and check foot pulses or ankle blood pressure (ABI) even when the story sounds spinal.",1860,G095.png,"Comparison card: leg pain on walking, spine or arteries. Spine side, with a drawn older man bending forward: no pain sitting, eases on bending forward. Artery side, older woman with a stick: calf pain eases on standing still, bending forward does not help. The two can occur together, so check foot pulses or ankle pressure.","Sources: Suri et al., JAMA 2010 https://doi.org/10.1001/jama.2010.1833 ; Nadeau et al., Can J Surg 2013 https://doi.org/10.1503/cjs.016512 ; Uesugi et al., J Orthop Sci 2012 https://doi.org/10.1007/s00776-012-0311-z"
G096,C10,public,Weighing it up,"Knee replacement eases pain for most people who have it. About 13 in 100 still have troublesome knee pain a year later.

That figure comes from a 2025 systematic review in BMJ Open: 68 studies, nearly 600,000 people, average age about 70.

At 3 months after the operation, about 22 in 100 had troublesome pain. At 1 year, about 13 in 100. Across individual studies the 1-year figure ranged from about 3 in 100 to about 43 in 100. Studies defined troublesome pain in different ways.

The authors rated their confidence as low. Many people dropped out of the studies before they were checked again, which is why the authors think the true figures are probably higher.

People were also asked how satisfied they were. In a Canadian survey, about 4 in 5 people were satisfied with their knee replacement. Asked only about pain relief, between 72 and 86 in 100 were satisfied, depending on the activity. Satisfaction is a different measure from pain. The survey was published in 2010 and covered one Canadian province.

In that survey, people whose expectations went unmet were the most likely to be dissatisfied. That is a reason to talk about likely pain before the operation.

In our view, anyone offered a knee replacement should hear the chance of still having pain as clearly as the chance of relief.

Two questions to take to the appointment:

What are my chances of still having pain afterwards?

What else could I try first?",1428,G096.png,"Grid of 100 person icons, 13 hatched orange and 87 outlined teal. About 13 in 100 still had troublesome knee pain a year after knee replacement; about 22 in 100 at 3 months. The true figures are probably higher. Two questions to ask: chances of pain afterwards, and what else to try first.","Sources: Cheng et al., BMJ Open 2025 https://doi.org/10.1136/bmjopen-2024-088975 ; Bourne et al., Clin Orthop Relat Res 2010 https://doi.org/10.1007/s11999-009-1119-9"
G097,C10,public,"Small detail, real effect","Co-codamol is codeine plus paracetamol. Co-dydramol is dihydrocodeine plus paracetamol. Some cold and flu remedies contain paracetamol too.

So taking two of these together can take you over the usual limit without you meaning to. For most adults the usual maximum is 4 g of paracetamol in 24 hours. With 500 mg tablets, that is 8 a day, counting every product that contains paracetamol.

Doubling up is easy to do. In a US study, 500 adults were asked to show how they would take real shop products over a day. Nearly half (46 in 100) would have gone over 4 g by taking two paracetamol-containing products together. Among those aged 61 to 80 it was 4 in 10. This was a pretend task, not what people actually did.

At an Australian poisons centre, about 1 in 5 calls about accidentally taking too much paracetamol involved more than one paracetamol product.

Some Australian guidelines for older people advise a lower daily dose if you weigh under 50 kg (about 7 stone 12 lb) or are frail. Research has not established the safest dose. One Australian study looked at frail or low-weight hospital patients aged 70 and over. About 8 in 10 of their prescriptions on leaving hospital were above that lower dose.

What you can do:

1. Read the ingredients of every medicine you take, including anything bought for a cold.

2. Add up the paracetamol across all of them.

3. Ask a pharmacist to check the total, and whether a lower maximum is right for you.

If you help look after an older person, ask what they buy for themselves as well as what is prescribed.",1555,G097.png,"Drawn kitchen table where an older Black woman in glasses and cardigan reaches for medicine boxes beside a blister strip and a mug, with numbered markers 1 to 5. Key: co-codamol, co-dydramol, cold and flu remedies, plain paracetamol, and a lower maximum if under 50 kg or frail. Usual maximum 4 g in 24 hours.","Sources: Wolf et al., J Gen Intern Med 2012 https://doi.org/10.1007/s11606-012-2096-3 ; Chidiac et al., Drug Saf 2024 https://doi.org/10.1007/s40264-024-01472-y ; Reid et al., Br J Clin Pharmacol 2022 https://doi.org/10.1111/bcp.15394 ; Craig et al., Br J Clin Pharmacol 2012 https://doi.org/10.1111/j.1365-2125.2011.04067.x"
G098,C10,public,Weighing it up,"Doses of morphine and similar medicines often go up in the last days of life. Symptoms change as death comes closer.

Doses rise as death comes closer, so it can look as if the higher dose caused the death. Families may worry about this.

What the studies show:

1. Reviews of studies in hospices and palliative care units have not found that starting or increasing morphine and similar medicines to relieve symptoms shortens life.

2. One UK palliative care unit looked back at 238 people who died. Those whose dose of morphine or a similar medicine was increased near the end did not die sooner than those whose dose was not. The study came from a single unit and was based on past records.

3. One large hospice study found a small link between higher doses and shorter survival, but dose accounted for very little of the difference. The link may reflect how ill people were. The authors concluded that fear of shortening life should not stop pain relief.

The limits: the studies only watched what happened, mostly by looking back at records, and most were of low quality. Almost all participants had cancer. So the safest summary is: no consistent link was found.

In our view, the fear should be spoken about openly so that it does not delay relief. If you are sitting with someone who is dying and this worry is on your mind, say so to the nurse or doctor. Ask how the dose is being matched to the symptoms.",1414,G098.png,"Text card on deep teal: near death, morphine doses often rise because symptoms change. Hospice and palliative care studies found no consistent link between symptom-matched doses and shorter life; one large study found a small link that dose explained very little of. Observational, mostly cancer. Ask how the dose is matched.","Sources: Sykes and Thorns, Lancet Oncol 2003 https://doi.org/10.1016/s1470-2045(03)01079-9 ; Boland et al., Pain 2015 https://doi.org/10.1097/j.pain.0000000000000306 ; Thorns and Sykes, Lancet 2000 https://doi.org/10.1016/S0140-6736(00)02534-4 ; Portenoy et al., J Pain Symptom Manage 2006 https://doi.org/10.1016/j.jpainsymman.2006.08.003"
G099,C10,practitioners,Reading the evidence,"In the PRECISE trial, 207 adults with sciatica took pregabalin or a dummy capsule. At 8 weeks, average leg pain was 3.7 out of 10 on pregabalin and 3.1 on placebo.

The trial showed no clear difference at 8 weeks or at 1 year. The confidence interval for the 8-week difference ran from slight benefit to slight harm, and did not favour pregabalin.

About 64 in 100 people on pregabalin (68 of 106) had at least one side effect, against about 43 in 100 on placebo (43 of 101). These counts are people, not individual side effects. Dizziness was more common on pregabalin than on placebo.

The trial does not stand alone. Reviews that pooled the trials found that gabapentin and pregabalin did not ease back pain or sciatica more than placebo, and people taking them had more side effects, most often drowsiness, dizziness and nausea. Those trials were mostly in working-age adults. The evidence on side effects was graded very low to moderate quality in one review and high quality in the other.

What the trial leaves open: the participants were on average in their early to mid 50s, and anyone with creatinine clearance below 60 ml/min was excluded. So it says little about older people directly. Nothing in it suggests pregabalin would work better in them; that is our inference.

Direct evidence on gabapentinoids and falls in older people is mixed, so this is a judgement, not a finding about falls. In our judgement, dizziness and drowsiness are the commonest side effects, and for someone already unsteady that is a reason not to start a medicine that has not been shown to help.

What guidelines agree on for sciatica: explain the condition, help the person stay active, and refer if things do not improve or there is foot weakness (foot drop). And look at the repeat list for gabapentinoids started for this purpose.",1824,G099.png,"Two bar charts for the PRECISE sciatica trial of 207 adults. Leg pain at 8 weeks out of 10: pregabalin 3.7, placebo 3.1, no clear difference. At least one side effect: pregabalin 64 in 100 (68 of 106), placebo 43 in 100 (43 of 101). Kidney impairment excluded.","Sources: Mathieson et al., NEJM 2017 https://doi.org/10.1056/NEJMoa1614292 ; Enke et al., CMAJ 2018 https://doi.org/10.1503/cmaj.171333 ; Shanthanna et al., PLoS Med 2017 https://doi.org/10.1371/journal.pmed.1002369 ; Khorami et al., J Clin Med 2021 https://doi.org/10.3390/jcm10112482"
G100,C10,public,What gets counted,"A knee X-ray shows the bones. It is a poor guide to how much that knee will hurt, or to what you can do with it.

Studies of the general population find that many people with arthritis changes on a knee X-ray have little or no pain. Many people with knee pain have X-rays that look fairly normal. How often this happens varies widely, depending on how arthritis and pain are defined. The authors of one review concluded that a knee X-ray should not be used on its own to judge a person's knee pain.

The X-ray is not meaningless. When researchers compared each person's two knees, the knee with worse X-ray changes was much more often the painful one. Comparing the two knees of one person removes differences between people, such as mood or sensitivity to pain. Those differences help explain why X-rays match pain poorly from one person to the next.

European rheumatology guidance (EULAR, 2017) says an X-ray is not needed to diagnose osteoarthritis when the symptoms are typical. A scan or X-ray helps when something is unusual or another cause is possible, and should be considered if the knee gets worse unexpectedly.

Many people describe their knee as 'bone on bone'. In interviews with 27 people waiting for a knee replacement in Australia, all of them did. Many believed exercise or physiotherapy would make it worse or damage the joint, and many had set exercise aside. That small study describes what people believed. It does not tell us how common these beliefs are.

In our view, care should follow the person's pain and what they want to do, with the X-ray as one piece of information.

If you have knee pain, two questions help more than 'what does the X-ray show?':

What can I do to keep this knee moving?

What should make us look again?",1756,G100_1.png | G100_2.png | G100_3.png,"Two schematic knee outlines, one with a narrowed joint space and one with a normal space, above an older man walking and an older woman seated. Many people with X-ray arthritis changes have little pain; many with knee pain have fairly normal X-rays. || Text card. Within one person, the worse knee on X-ray is more often the painful one. Typical symptoms: no X-ray needed to diagnose knee osteoarthritis. Something unusual or another possible cause: imaging helps; consider imaging for unexpected worsening. || Drawn physiotherapy room: an older woman and a physiotherapist sit facing each other. Better questions than what the X-ray shows: what can I do to keep this knee moving, and what should make us look again?","Sources: Bedson and Croft, BMC Musculoskelet Disord 2008 https://doi.org/10.1186/1471-2474-9-116 ; Neogi et al., BMJ 2009 https://doi.org/10.1136/bmj.b2844 ; Sakellariou et al. (EULAR), Ann Rheum Dis 2017 https://doi.org/10.1136/annrheumdis-2016-210815 ; Bunzli et al., Clin Orthop Relat Res 2019 https://doi.org/10.1097/CORR.0000000000000784"
G101,C10,practitioners,Teaching round,"Calling tramadol a 'weak' opioid tells you little about how safe it is in an older person.

Tramadol is an opioid that also raises serotonin and noradrenaline levels by blocking their reuptake. Much of its opioid effect comes from a breakdown product made in the liver by CYP2D6. That enzyme's activity varies a great deal between people, and some antidepressants block it, so the same dose can have quite different effects.

Its non-opioid actions bring their own harms:

1. Serotonin toxicity (agitation, twitching, shaking, sweating, fever) with some antidepressants. The evidence is case reports and pharmacovigilance, so the frequency is unknown, but tramadol is the opioid most often named. Some SSRIs also block CYP2D6, so the combination can mean more side effects and less pain relief.

2. Low sodium. In UK GP records of over 330,000 people starting tramadol or codeine, about 4.6 in every 10,000 people were admitted to hospital with low sodium in the first month after starting tramadol, against about 1.9 for codeine. Roughly twice the rate, but uncommon, with a wide margin of uncertainty. These were adults of all ages, and the study was observational.

3. Low blood sugar. The same group found people starting tramadol were more likely than those starting codeine to be admitted with low blood sugar, mainly in the first month. It is rare.

4. Seizures.

An independent review found no evidence that tramadol is less risky than a low dose of morphine, and its effects are less predictable.

Our prescribing judgement: tramadol needs more checks than its 'weak' label suggests. Before starting it, check the antidepressant list, sodium, any history of seizures and kidney function; tramadol leaves mainly through the kidneys, so check and adjust. A low dose of another opioid may be more predictable, remembering that morphine itself needs adjusting when kidney function is reduced.",1897,G101.png,"Checklist card: before tramadol in an older person, check antidepressants, sodium, seizure history and kidney function. Low sodium admissions in the first month were about 4.6 versus 1.9 per 10,000 people, tramadol versus codeine; UK observational data, wide uncertainty, uncommon.","Sources: Fournier et al., Am J Med 2015 https://doi.org/10.1016/j.amjmed.2014.10.046 ; Fournier et al., JAMA Intern Med 2015 https://doi.org/10.1001/jamainternmed.2014.6512 ; Prescrire 2016 https://pubmed.ncbi.nlm.nih.gov/27042732/ ; Roulet et al., Drugs 2021 https://doi.org/10.1007/s40265-021-01515-z"
G102,C10,public,Weighing it up,"If quinine is on your repeat list for night-time leg cramps, ask when it was last reviewed.

The benefit is modest. In pooled trials, people on a dummy tablet had about 9 cramps in two weeks. People on quinine had about 2 to 3 fewer, so roughly 6 or 7. Cramps were only slightly less painful. The evidence is low quality, and the trials lasted up to about two months.

About 3 more people in every 100 had minor side effects on quinine, mostly stomach upset. The trials were too small to measure rare serious harms. Those come from other reports. They include a sudden fall in platelets (the blood cells that help clotting) and heart rhythm problems, especially after too many tablets. An overdose can kill. A review in Age and Ageing notes that older people are more prone to its dose-related side effects.

What the advice says (a review by specialists in older people's medicine, and UK prescribing advice reported in a Cochrane review):

1. Keep quinine for severe cramps, and talk through benefits and risks.

2. Allow up to 4 weeks to see whether it helps.

3. Pause it every 3 months to check it is still helping.

Stopping is often possible. A trial in 28 English general practices gave people on long-term quinine advice to try stopping, or gave them no such advice. At 12 weeks, about 1 in 4 more of those advised to stop were taking none. The trial did not show a clear difference in cramps, although it could not rule out a rise for some people.

Two more things to ask. Some medicines are linked with night cramps, including some water tablets and long-acting lung inhalers. This is a link, not proof. Do not stop any medicine without advice. Calf and hamstring stretches before bed are reasonable to try. No harms were reported in small trials, although the evidence for benefit is mixed.",1802,G102.png,"Illustrative four-panel comic, not real people. An older man asks a pharmacist whether quinine for night cramps still helps. She gives the trial figures, advises a pause every 3 months and a medicines check; he pauses it and tries calf stretches. Evidence for benefit is mixed.","Sources: El-Tawil et al., Cochrane 2015 https://doi.org/10.1002/14651858.CD005044.pub3 ; Rabbitt et al., Age Ageing 2016 https://doi.org/10.1093/ageing/afw139 ; Coppin et al., Br J Gen Pract 2005 https://pubmed.ncbi.nlm.nih.gov/15808033/ ; Garrison et al., Arch Intern Med 2012 https://doi.org/10.1001/archinternmed.2011.1029 ; Hawke et al., Cochrane 2021 https://doi.org/10.1002/14651858.CD008496.pub3"
G103,C10,practitioners,What gets counted,"Pain scored while someone lies in bed tells you little about the pain of standing, turning or walking.

The difference is large. In postsurgical trials that measured both, pain on movement was about 2 to 3 times as high as pain at rest in the first 3 days, depending on the trial. Yet only about 4 in 10 of the postsurgical trials reviewed measured pain on movement at all. Most of this evidence is from surgical patients of all ages, not specifically older people or ward practice.

Pain researchers now often put pain on movement first, because it is the pain that gets in the way of recovery. That is their reasoning rather than a measured comparison.

There is some direct evidence in older people. A study of 226 older adults with long-term back pain measured pain after standing up from a chair, climbing stairs and walking. Those with more pain also had more disability and did less well on tests of physical function. The study was cross-sectional, the effects were small, and one way of scoring movement pain showed no link.

UK guidance on assessing pain in older people asks how pain affects what the person can do. For people who can't easily describe their pain, it asks staff to watch them during movement or care. One question it suggests: 'What is stopping you from doing what you want to do?'

The guidance does not require a separate movement score for every patient. Our recommendation goes a step further:

1. Record pain at rest.

2. Record pain on standing, turning or walking, or during the activity the person is about to attempt.

3. Look at both before therapy or a transfer, and treat the pain that stops the movement.",1645,G103.png,"Hospital bay drawing with numbered markers: an older woman lying in bed, and the same woman standing with a walking frame beside a physiotherapist. Key: ask pain at rest, ask during movement, watch face and body if she can't say, ask what stops her. Pain on movement was 2 to 3 times rest pain after surgery.","Sources: Srikandarajah and Gilron, Pain 2011 https://doi.org/10.1016/j.pain.2011.02.008 ; Corbett et al., Pain 2019 https://doi.org/10.1097/j.pain.0000000000001431 ; Knox et al., Pain Med 2023 https://doi.org/10.1093/pm/pnad034 ; Schofield, Age Ageing 2018 https://doi.org/10.1093/ageing/afx192"
G104,C11,both,Weighing it up,"About 25 extra minutes of sleep a night, compared with a dummy pill. That was the average gain from sleeping tablets in an analysis that combined 24 trials (2,417 people aged 60 and over) with insomnia. Sleep time was reported by the people taking the tablets. Treatment lasted from 5 nights to 9 weeks. Waking in the night fell by 0.63 wakings a night on average.

The same trials found that memory problems, confusion and daytime tiredness were more common with the tablets than with a dummy pill. The authors also checked for missing trials that found no benefit. After that check, the gain was about 15 minutes.

Two more figures from the same review, to be read as a rough guide only. In 4 of the trials (1,072 people), about 1 more person in 13 rated their sleep quality as improved with a tablet than with a dummy pill. The true figure could be anywhere from 1 in 7 to 1 in 63. The tablets tested were zaleplon, brotizolam, nitrazepam and loprazolam.

In a different set of trials, about 1 more person in 6 who took a tablet had a side effect than with a dummy pill, most often drowsiness or tiredness, headache, nightmares or stomach upset.

The two figures come from different sets of trials and outcomes, so they do not describe the same people. The trials are old (published up to 2003) and short. Most tested benzodiazepines (a group of calming and sleeping tablets) and Z-drugs (a related group).

A US study of care home residents found hip fractures were more likely in periods when residents had been taking a Z-drug, especially when it was newly started. That links the tablets with fractures; it does not show the tablets caused them. The American Geriatrics Society advises avoiding both groups in people aged 65 and over, citing falls, fractures, confusion and only small gains in sleep.

European and American guidelines recommend CBT for insomnia (a structured talking and sleep-scheduling treatment) as the first treatment for long-term insomnia at any adult age. If it is not enough, a tablet can be discussed for short-term use.

We should set the minutes and the side effects side by side before a tablet is started, and agree a date to review it.",2173,G104_1.png | G104_2.png,"Two panels. Average gain: about 25 more minutes of sleep a night and 0.63 fewer wakings a night. More common with the tablets: memory problems and confusion, and daytime tiredness. From 24 trials in 2,417 people aged 60 and over. || Two small grids of person icons. About 1 in 13 more people reported better sleep than with a dummy pill (1 of 13 shaded). About 1 in 6 more people had a side effect of any kind (1 of 6 shaded). Different trials, so not the same people; a rough guide.","Sources: Glass et al., BMJ 2005 https://doi.org/10.1136/bmj.38623.768588.47 ; Berry et al., JAMA Intern Med 2013 https://doi.org/10.1001/jamainternmed.2013.3795 ; AGS Beers Criteria 2023 https://doi.org/10.1111/jgs.18372 ; European Insomnia Guideline 2023 https://doi.org/10.1111/jsr.14035"
G105,C11,practitioners,Teaching round,"Does the person act out dreams, shouting, punching or kicking while asleep? Ask the bed partner as well as the person, and ask about injuries from movements in sleep.

This can be REM sleep behaviour disorder. It is one of the four core features used to diagnose dementia with Lewy bodies, and it often starts many years before other symptoms.

The numbers need care. A study followed 1,280 people in 24 specialist centres. Each had REM sleep behaviour disorder confirmed by a sleep study. None had Parkinson's disease or dementia at the start.

About 6 in 100 a year went on to develop Parkinson's disease, dementia with Lewy bodies or a related condition. The estimate for the whole 12 years was about 3 in 4. Average follow-up was 4.6 years.

Most (82.5%) were men, and these are specialist-centre patients. This is not a personal prognosis for everyone who acts out dreams.

A report of dream enactment is a reason to assess, not a diagnosis. In a Swiss population study (mean age 59), 368 of about 2,000 adults said they acted out dreams, but only 21 had the disorder on a sleep study. Severe sleep apnoea and other problems can look similar.

1. Ask: the bed partner, and about chasing or attacking dreams and injuries.

2. Assess: refer for a sleep study if in doubt. Access varies.

3. Protect: remove objects that could hurt, pad sharp furniture and the headboard, put a soft rug beside the bed, and consider sleeping apart if episodes are severe.

4. Talk: review medicines, because some antidepressants are linked with the disorder. In one small specialist cohort, some people's symptoms came with antidepressants. They still had abnormalities on tests of nerve-cell loss. Their five-year risk of Parkinson's disease or dementia was 22 in 100, against 59 in 100 in people without antidepressants. So a medicines review should not end the assessment.

We should give people time to talk through what a diagnosis may mean, book a follow-up visit, and say clearly that the future is uncertain. A recent review found that patients and professionals both see this conversation as essential, and professionals find individual prognosis hard to give.",2154,G105.png,"Checklist of four steps for acting out dreams in later life. 1 Ask the bed partner and the person about chasing or attacking dreams and injuries. 2 Assess: refer for a sleep study if in doubt; severe sleep apnoea can look similar. 3 Protect: clear hazards, pad furniture and headboard, soft rug. 4 Talk: review medicines.","Sources: Postuma et al., Brain 2019 https://doi.org/10.1093/brain/awz030 ; McKeith et al., Neurology 2017 https://doi.org/10.1212/WNL.0000000000004058 ; Haba-Rubio et al., Sleep 2018 https://doi.org/10.1093/sleep/zsx197 ; Howell et al., J Clin Sleep Med 2023 https://doi.org/10.5664/jcsm.10424"
G106,C11,both,Care that works,"Older people given a booklet about the risks of long-term benzodiazepines (a group of calming and sleeping tablets), with a plan for cutting down, were far more likely to have stopped six months later: about 27 in 100, against about 5 in 100 with usual care. A further 11 in 100 had cut their dose.

This was a Quebec trial of 303 people aged 65 to 95, run through community pharmacies. The person taking the tablet was the decision-maker: about 62 in 100 of those given the booklet raised stopping with their doctor or pharmacist themselves.

A second Quebec trial encouraged pharmacists to send patients a brochure and to send their doctors a recommendation to stop. Among people taking sleeping tablets or similar sedatives, 43 in 100 had stopped at 6 months, against 9 in 100 with usual care. That intervention included a message to the doctor, so it was not a leaflet alone.

There are limits for anyone planning this. Stopped meant no more pharmacy refills, not confirmed that the person had stopped taking the tablets. Cutting down can be uncomfortable. In the second trial, 29 of 77 people who tried to cut down slowly reported withdrawal symptoms, though none needed hospital care. Cutting down slowly, with a plan agreed with a doctor or pharmacist, is the approach that was tested.

Both trials ran through community pharmacies in Quebec, and the authors of the second trial say the results need testing in other settings. Posting information alone has not always worked. In a US trial of 12,787 people with dementia, mailing information to them and their prescribers did not reduce use of the targeted medicines, which included sedatives (about 77 in 100 were still dispensed a targeted medicine at 6 months in both groups). The people studied (all with dementia), the delivery (mail only, with no pharmacist enrolling them) and the health system all differed. Any of these may explain the difference; this was not tested directly.

If you take one of these tablets long term, you can ask your pharmacist for written information on the risks and a slow, agreed plan for cutting down. We should offer that information directly to older people, and back it with someone who follows through.",2200,G106_1.png | G106_2.png,"Two grids of 100 person icons. After a booklet on tablet risks and a plan for cutting down, about 27 in 100 older long-term benzodiazepine users had stopped at 6 months, against about 5 in 100 with usual care. 303 people aged 65 to 95, Quebec pharmacies. || Read it with care. 29 of 77 people who tried to taper in a second Quebec trial reported withdrawal symptoms; none needed hospital care. Both trials were in Quebec pharmacies. Mailing information did not reduce high-risk medicine use in a US trial in dementia. Ask your pharmacist for written information and a slow plan.","Sources: Tannenbaum et al., JAMA Intern Med 2014 https://doi.org/10.1001/jamainternmed.2014.949 ; Martin et al., JAMA 2018 https://doi.org/10.1001/jama.2018.16131 ; Singh et al., JAMA Intern Med 2024 https://doi.org/10.1001/jamainternmed.2024.5632"
G107,C11,public,"Small detail, real effect","In a sleep laboratory, a standard high-pitched smoke alarm woke about 56 in 100 adults with hearing loss from deep sleep. A lower-pitched alarm at the same loudness woke about 92 in 100.

A vibrating pad under the pillow or mattress woke 80 to 84 in 100 of the same people. A flashing light woke about 27 in 100, even when brighter than the US standard.

Who was studied affects how far to trust this. There were 38 adults aged 18 to 80 with mild to moderately severe hearing loss, so the group included people of all adult ages. They were tested in a laboratory, in deep sleep only. The report does not say whether they wore hearing aids, so it does not tell us what happens when aids are out. The pads were commercial products tested at the intensity as purchased, and the study was published in 2009.

The practical point is for anyone who sleeps without hearing aids. If an alarm kit is offered for hearing loss, check that it includes a vibrating pad and not only a flashing light.

In England every fire and rescue service offers home fire safety visits, and services across the UK deliver them. You can ask for one and say that you are hard of hearing. Ask whether they can fit an alarm with a vibrating pad. What is offered and who is eligible vary by service.

Whether the visits themselves reduce falls or improve quality of life in older people is unproven. A trial set out to test this. It recruited only 63 of a planned 1,156 people and could not run its planned analyses. Its authors concluded the evidence remains inconclusive. No trial evidence on fires was found.

We should make sure that anyone who sleeps without their hearing aids has an alarm they can wake to.",1682,G107_1.png | G107_2.png,"Bar chart of how many out of 100 adults with hearing loss were woken from deep sleep in a laboratory: standard high-pitched alarm 56, lower-pitched alarm 92, vibrating pad 80 to 84, flashing light 27. 38 adults aged 18 to 80. || Illustration of an older Black woman asleep in bed, a hearing aid, glass and phone on the bedside table, a vibrating pad under the pillow and a smoke alarm on the ceiling. Three numbered tips: alarm you will wake to, vibrating pad, and a fire and rescue home safety visit.","Sources: Bruck and Thomas, Ear Hear 2009 https://doi.org/10.1097/AUD.0b013e3181906f89 ; James and Clark, Dementia 2025 https://doi.org/10.1177/14713012251320251 ; Cockayne et al., Public Health Research 2025 https://doi.org/10.3310/DJHF6633"
G108,C11,practitioners,Teaching round,"The comparison group in a large English insomnia trial got a sleep hygiene booklet: advice on caffeine, alcohol, a dark room and screens. People who also had four sessions of sleep restriction therapy from a practice nurse, which sets time in bed close to time asleep, did better.

The HABIT trial randomised 642 adults in 35 English general practices. At 6 months the average Insomnia Severity Index was 10.9 with sleep restriction plus the booklet against 13.9 with the booklet only (scale 0 to 28, lower is better). The probability that the treatment was cost-effective was 95.3% at the usual NHS threshold of £20,000 per quality-adjusted life year. The trial was open label with a self-reported outcome.

HABIT was not an older-adult trial. Mean age was 55 (range 19 to 88). The older-adult evidence is smaller. A US trial of 79 adults with chronic insomnia (mean age 72) compared brief behavioural treatment, two nurse sessions and two phone calls, with printed information. About 2 in 3 responded against 1 in 4 at 4 weeks, and the benefit held at 6 months. About half (55%) no longer had insomnia against 13%. It was a small single-centre trial, and the printed information is comparable to a leaflet but not identical to a sleep hygiene leaflet.

The guidelines agree. The American Academy of Sleep Medicine conditionally advises against sleep hygiene as a single treatment for long-term insomnia. It strongly recommends full multicomponent CBT for insomnia. It suggests stimulus control, sleep restriction or relaxation therapy as single treatments. The American College of Physicians recommends CBT for insomnia first.

Sleep hygiene can remain part of a multicomponent treatment. It should not be the whole response to long-term insomnia in an older person.",1768,G108.png,"Comparison card. Left: leaflet sleep hygiene advice about caffeine and alcohol, a dark room and screens. Right: what treats long-term insomnia: stimulus control, sleep restriction and full CBT for insomnia. A leaflet is a starting point, not the treatment.","Sources: Kyle et al., Lancet 2023 https://doi.org/10.1016/S0140-6736(23)00683-9 ; Buysse et al., Arch Intern Med 2011 https://doi.org/10.1001/archinternmed.2010.535 ; Edinger et al., J Clin Sleep Med 2021 https://doi.org/10.5664/jcsm.8986 ; Qaseem et al., Ann Intern Med 2016 https://doi.org/10.7326/M15-2175"
G109,C11,practitioners,Teaching round,"Before treating restless legs in an older person, check iron and the medicines list.

A ferritin that is normal by the usual standard can still be low enough for iron to help. The 2025 US sleep medicine guideline (AASM) says some people with normal iron results benefit from iron, and it uses a higher cut-off than for iron deficiency in general. It advises checking ferritin and transferrin saturation in everyone with troublesome restless legs, and offering iron if ferritin is 75 or below (ng/mL, the same as micrograms per litre) or transferrin saturation is under 20%. Between 75 and 100 it suggests intravenous iron only. These cut-offs come from expert consensus and have not been tested directly. Test in the morning, off iron for 24 hours.

Next, look for things that make it worse: alcohol, caffeine, sedating antihistamines, serotonergic antidepressants, medicines that block dopamine (some anti-sickness drugs and antipsychotics) and untreated sleep apnoea. This list is also from expert consensus.

The guideline strongly recommends gabapentin and pregabalin, and intravenous iron where iron status is appropriate. It conditionally advises against pramipexole, ropinirole and rotigotine as standard treatment. The reason is augmentation: over months to years these drugs can make restless legs start earlier in the day, come on faster at rest and spread to other parts of the body. The advice against them is conditional. Dopamine agonists do work in the short term, and the guideline allows them where short-term relief is valued over long-term risk.

The trade-off in older people: gabapentin and pregabalin commonly cause sleepiness and dizziness. The AGS Beers Criteria advise a lower dose when kidney function is reduced, avoiding them with opioids, and avoiding three or more drugs that act on the brain together. For someone who has already fallen, weigh this carefully. The AASM guideline itself does not address falls or older adults.

This is a US guideline. Check how it fits local UK guidance before changing practice.",2043,G109.png,"Flow diagram for restless legs, from a 2025 US guideline. Step 1 check ferritin and transferrin saturation. Step 2 offer iron if ferritin is 75 or below or saturation under 20%. Step 3 look for aggravating medicines and causes. Step 4 choose treatment with care. Notes on dopamine agonists and gabapentinoids.","Sources: Winkelman et al., J Clin Sleep Med 2025 https://doi.org/10.5664/jcsm.11390 ; AGS Beers Criteria 2023 https://doi.org/10.1111/jgs.18372"
G110,C11,both,Reading the evidence,"Treating insomnia in later life may lower the chance of depression, according to one trial.

In Los Angeles, 291 people aged 60 and over (average age 70) who had insomnia but were not depressed were randomised to 2 months of CBT for insomnia (a structured talking and sleep-scheduling treatment) or sleep education.

Over up to 3 years of follow-up, 19 of 156 people in the CBT group (12 in 100) developed major depression, against 35 of 135 (26 in 100) in the sleep education group. The main analysis was time to first episode. The risk over time was about half as high with CBT (hazard ratio 0.51). The true reduction could be smaller or larger (95% confidence interval 0.29 to 0.88). The 12 and 26 in 100 are simple proportions of everyone randomised, without adjustment for time.

Three things to know about this trial:

1. One trial at one site, not yet replicated in the sources read. More than 8 in 10 participants were White, and people with a major health event in the past year were excluded, so frailer older people are under-represented.

2. Uneven drop-out. 73 in 100 of the CBT group completed 2 years of follow-up against 87 in 100 of the sleep education group, and just over half in each (52% and 57%) completed 3 years. That could bias the result in either direction.

3. Insomnia remission that lasted through follow-up was uncommon in both groups: 26% with CBT and 19% with sleep education.

Insomnia in later life deserves proper treatment with CBT for insomnia. The depression finding is a reason to offer it, and a reason for more trials.",1560,G110.png,"Two grids of 100 person icons. Major depression over up to 3 years: 12 in 100 after CBT for insomnia (19 of 156) and 26 in 100 after sleep education (35 of 135), 291 adults aged 60 and over. Limits: one trial, one site, more than 8 in 10 White, fewer CBT participants completed follow-up.","Sources: Irwin et al., JAMA Psychiatry 2022 https://doi.org/10.1001/jamapsychiatry.2021.3422"
G111,C11,public,"Small detail, real effect","If you sleep with a CPAP machine, pack it for hospital: machine, mask, tubing and power lead. Tell the staff you use it, including for planned surgery.

CPAP is a machine and mask worn in sleep that keep your airway open if you have sleep apnoea, where breathing repeatedly stops and starts. Sleep apnoea does not stop because you are in hospital.

The Society of Anesthesia and Sleep Medicine (SASM) guidance for the period around surgery advises that people who use CPAP keep using it in hospital before and after an operation. It also suggests hospitals should consider either having a machine available or asking patients to bring their own. This guidance is North American-led, not UK, and is for surgical admissions. Local hospital policy decides how equipment is handled, and settings may need adjusting after surgery.

A second SASM guideline covers care during surgery. It says strong painkillers such as morphine-type drugs may make breathing problems more likely in people with sleep apnoea. It says the same of sedatives of the benzodiazepine type given into a vein. The guideline calls these recommendations weak, and rates the evidence for the painkiller statement as low. Staff still need to monitor breathing in people who use CPAP.

A short checklist to pack:

1. The machine, mask, tubing and power lead.

2. Tell the nurse when you arrive that you use CPAP.

3. Ask whether the ward needs to check your machine before you use it.

4. If you are admitted unexpectedly, ask someone to bring your machine in. That advice goes beyond the surgical guidance and is a practical suggestion.

Hospitals should ask about CPAP on admission and help people to use it.",1674,G111.png,"Illustration of a hospital bedside. An older man sits up in bed while a nurse with a notepad stands beside him; on the bedside cabinet are a CPAP machine, mask, tubing and power lead. Numbered tips: bring each part, tell the nurse on arrival, ask whether the ward needs to check the machine.","Sources: Chung et al., Anesth Analg 2016 https://doi.org/10.1213/ANE.0000000000001416 ; Memtsoudis et al., Anesth Analg 2018 https://doi.org/10.1213/ANE.0000000000003434"
G112,C11,public,Weighing it up,"Melatonin (up to 10 mg) may make little or no difference to sleep in people with Alzheimer's disease and poor sleep, in trials lasting 8 to 10 weeks. A Cochrane review (a systematic review of trials) found we can have little confidence in the result. The trials were small. For total night-time sleep, melatonin gave about 11 minutes more (from two small trials of 184 people). The true figure could lie anywhere from 16 minutes less to 38 minutes more. No serious side effects were reported. The same review found some evidence of benefit for other medicines.

Outside dementia, the average gains are also small. A review of adults and children with insomnia and other sleep problems found melatonin helped people fall asleep about 7 minutes sooner than a dummy pill. They slept about 8 minutes longer. European guidance says prescribed slow-release melatonin can be used for up to 3 months in people aged 55 and over with insomnia. It does not recommend ordinary fast-release melatonin for insomnia.

The product can differ from the label. In a 2023 US study, 22 of 25 melatonin gummies were wrongly labelled. Amounts ranged from about three quarters to more than three times the stated dose, and one contained none. A Canadian study of supplements found amounts from 83% under to 478% over the label. These were North American supplements. They do not describe prescribed tablets in the UK, and UK shop products were not tested.

Before a trial of melatonin, decide what would count as success for you, and by when. Decide when you will stop or review it if it has not helped. Ask where the product comes from, and whether it is prescribed or a regulated medicine.

Melatonin can be a short trial with a review date, but it is not an established treatment for sleep problems in dementia.",1790,G112.png,"Three columns on melatonin. What prescribed melatonin is for: slow-release, ages 55 and over, up to 3 months. What the evidence shows: little or no difference in Alzheimer's disease; about 7 minutes quicker to sleep and 8 more minutes in other sleep problems. What to ask: success, review, product source.","Sources: McCleery and Sharpley, Cochrane 2020 https://doi.org/10.1002/14651858.CD009178.pub4 ; Riemann et al., J Sleep Res 2023 https://doi.org/10.1111/jsr.14035 ; Ferracioli-Oda et al., PLoS One 2013 https://doi.org/10.1371/journal.pone.0063773 ; Cohen et al., JAMA 2023 https://doi.org/10.1001/jama.2023.2296"
G113,C11,public,Ask this,"Ask a care home how it plans the night, as well as the day. Four questions you can use on a visit or at a review:

1. How are night checks planned for each person, and can they be changed?

2. How is continence care (help for someone with bladder or bowel leaks) given to someone who is asleep?

3. How are noise and lights kept down, and what happens if someone is awake at 3am?

4. What time do residents go to bed, and who decides?

What the studies found. In US nursing home studies of residents with incontinence, being wet rarely woke residents: about 4 in 100 night-time awakenings were linked with a wet episode (73 residents in three homes; the authors caution that the sleep and wetness sensors had limits). Setting each person's checks every 2 or 4 hours by their own skin risk, and giving care when they were already awake, cut care-related waking with no harm to skin.

Another US trial included 267 residents with incontinence in eight nursing homes. Staff were given feedback on noise, tried to reduce noise, and gave less disruptive night continence care. Noise and light changes fell. Awakenings linked with light, and with noise plus light, also fell, but most other measures of sleep did not improve.

What the studies do not show. They were small and old, with care given by research staff, so they do not tell us how common any of this is in UK homes. The tailored schedule was 2 or 4 hourly, not no checks. Some checks are needed for skin and safety. UK staff interviewed in four care homes about residents with dementia described settling people into dark, quiet rooms, and said there are too few night staff to help residents who wake.

The fourth question is about choice. The studies did not test whether it changes sleep. We should expect residents and families to be able to ask it, and a good home to have a clear answer.

Ask the home to explain its plan for the night, and ask who is responsible for it.",1934,G113.png,"Illustration of a care home bedroom at night. An older man sleeps in bed; a care worker stands in the lit doorway. Four numbered questions to ask a home: how night checks are planned, continence care while asleep, keeping noise and lights down, and bedtimes and who decides.","Sources: Schnelle et al., Nurs Res 1998 https://doi.org/10.1097/00006199-199807000-00004 ; Ouslander et al., JAGS 1998 https://doi.org/10.1111/j.1532-5415.1998.tb02467.x ; Schnelle et al., JAGS 1999 https://doi.org/10.1111/j.1532-5415.1999.tb07235.x ; Webster et al., PLoS One 2022 https://doi.org/10.1371/journal.pone.0272814"
G114,C11,both,Who gets left out,"CBT for insomnia (a structured talking and sleep-scheduling treatment) can be delivered by phone. In a US trial of 327 people aged 60 and over with insomnia and osteoarthritis pain, six phone sessions (20 to 30 minutes each, over 8 weeks) improved sleep more than information about sleep and arthritis. A year later, 56 in 100 of those followed up in the phone group (67 of 119) had insomnia no longer bad enough to count as a clinical problem, against 26 in 100 (33 of 128) in the information group.

CBT for insomnia is the initial treatment recommended for long-term insomnia by the American College of Physicians, and is strongly recommended by the American Academy of Sleep Medicine. In a national study of people living at home in England, the authors estimated that about 79 in 100 people aged 60 and over used the internet at all in 2020. So about 1 in 5 did not. Daily use was lower in the oldest age groups, in more deprived areas and among lonelier people. Care home residents were not included, and the real share of people offline is probably higher. A route to CBT for insomnia that needs the internet leaves these people out.

The trial authors present phone delivery as a way to reach older people in rural and underserved areas. Whether it reaches people who are offline was not tested, so that part is an argument, not a finding. Limits: everyone in the trial had osteoarthritis pain, in one US health plan, and the comparison was information only. It did not compare phone with online or face-to-face delivery, so it does not show that phone is better. The sessions were by phone, but people also kept sleep diaries and received written materials, so a phone alone is not the whole package.

In England, a trial showed practice nurses can deliver sleep restriction therapy (limiting time in bed to time asleep), a core part of CBT for insomnia, in four sessions. That is evidence it can work, not proof that it is routinely available, and the trial was mostly in middle-aged adults.

We should offer older people a route to CBT for insomnia that does not need the internet. If you want it, you can ask your GP practice: can I have CBT for insomnia by phone or in person?",2189,G114_1.png | G114_2.png,"Bar chart: no clinically significant insomnia at 12 months, 56 in 100 after six phone sessions of CBT for insomnia (67 of 119) against 26 in 100 with information only (33 of 128). Adults 60 and over with osteoarthritis pain. || Grid of 20 person icons, 4 shaded: about 1 in 5 people aged 60 and over in England did not use the internet in 2020 (estimate). A route needing the internet leaves some out. Ask your GP practice: can I have CBT for insomnia by phone or in person?","Sources: McCurry et al., JAMA Intern Med 2021 https://doi.org/10.1001/jamainternmed.2020.9049 ; Kung and Steptoe, Sci Rep 2023 https://doi.org/10.1038/s41598-023-30882-8 ; Qaseem et al., Ann Intern Med 2016 https://doi.org/10.7326/M15-2175 ; Kyle et al., Lancet 2023 https://doi.org/10.1016/S0140-6736(23)00683-9"
G115,C11,practitioners,Teaching round,"Before writing up a sleeping tablet for an older patient who is awake at night, ask what is keeping them awake. Two lists, one for tonight and one for tomorrow.

Tonight. In a survey of 2,005 patients in 39 Dutch hospitals (median age 68, all adult ages, one night, self-reported), people reported sleeping 83 minutes less than at home. Noise from other patients, medical equipment, pain and needing the toilet were the disturbances reported most. These are reported disturbers, not established causes in any one patient, but they are the first things to ask about.

In trials in people over 60, sleeping tablets added only about 25 minutes of self-reported sleep, and memory problems, confusion and daytime tiredness were more common than with a dummy pill. Those trials were of nightly use over at least 5 nights, not a single as-required dose on a ward.

Tomorrow, for the day team: review dose times.

Steroids. Steroid tablets such as prednisolone can disturb sleep. Expert guidance advises a single morning dose where possible, which may reduce this. This is expert advice, not trial evidence, and split or evening dosing is sometimes clinically intended, so check whether the evening dose is needed.

Donepezil. It can cause sleeplessness and vivid dreams. Reviews suggest that taking it in the morning may help. The evidence is from reviews and a case series of 8, not a randomised trial of timing. So raise it with the prescriber the next day. Do not change it overnight.

Moving a dose is a plan for tomorrow night. Tonight's call is to ask about pain, needing the toilet, noise and equipment.",1603,G115.png,"Checklist. Tonight ask about pain, needing the toilet, noise from other patients and medical equipment. Tomorrow, for the day team, review dose times: steroid given later than morning, donepezil at night with sleeplessness or vivid dreams. Sleeping tablets gave about 25 more minutes of sleep in over 60s.","Sources: Wesselius et al., JAMA Intern Med 2018 https://doi.org/10.1001/jamainternmed.2018.2669 ; Glass et al., BMJ 2005 https://doi.org/10.1136/bmj.38623.768588.47 ; Liu et al., Allergy Asthma Clin Immunol 2013 https://doi.org/10.1186/1710-1492-9-30 ; Moderie et al., Encephale 2022 https://doi.org/10.1016/j.encep.2021.08.014"
G116,C12,practitioners,What gets counted,"In one Israeli teaching hospital, researchers followed 352 acute medical patients aged 70 and over. All of them had been able to control their bladder before admission. At discharge, 60 (about 1 in 6) said they could no longer control it. They were not followed after discharge, so we do not know how many recovered.

During the stay, 58 people wore adult pads for most of it and 27 had a urinary catheter (a tube that drains urine from the bladder). Both groups were more likely than people who used the toilet themselves to report new incontinence at discharge. This held after the researchers allowed for age, illness severity, mobility and memory. The adjusted odds of new incontinence were about 2.6 times higher with pads and 4.3 times higher with a catheter. Odds are not the same as the chance of it happening, so these figures do not say how many more people were affected, and the range of uncertainty was wide.

This is a link only. Frailer people are more likely to be given pads (a Danish study of about 2,000 older patients found this), so part of the link may come from who is given pads, and pads or catheters may not be the cause. No observational study can fully remove that.

US infection control guidance (CDC, 2009) says catheters should not be used to manage incontinence. It lists using one as a substitute for nursing care as inappropriate. This rests mainly on expert consensus, and the guidance does not cover pads.

A judgement, not a finding: a person who was continent before admission should be helped to the toilet by default, and a new ""incontinent"" record should prompt a search for the reason. That depends on staffing and on call bells being answered quickly, so it is a question for the people who run wards as much as for the people who work on them.

On your ward, who decides that a person who walked in continent needs a pad, and is the reason written down?",1897,G116_1.png | G116_2.png,"Icon array of 100 person icons standing for 352 older hospital patients who were all continent on admission. 17 icons are filled orange with a ring, the rest are teal outlines. By discharge 60 of 352, about 17 in 100, said they could no longer control their bladder. Acute medical patients aged 70 and over, one Israeli hospital. || Text card. Pads or a catheter for most of the stay were linked with new incontinence at discharge, after allowing for age, illness, mobility and memory. It shows a link, not cause; frailer people get pads more often. Our judgement, in a mint panel: help people to the toilet by default and ask why when a new incontinent record appears.",Sources: https://doi.org/10.1111/j.1532-5415.2011.03413.x (Zisberg 2011); https://doi.org/10.1016/j.ijnsa.2023.100131 (Larsen 2023); https://doi.org/10.1086/651091 (CDC 2009)
G117,C12,both,Reading the evidence,"A 2023 Cochrane review of cranberry products combined the results of 50 trials with 8,857 people. Cochrane is a group that reviews the evidence from trials. The answer depends on who was studied.

Women who keep getting urine infections: cranberry products probably reduced infections. About 18 in 100 women taking cranberry had a symptomatic infection confirmed by a urine culture, over the time each trial followed them, compared with about 24 in 100 not taking it. The certainty was moderate, and the range of uncertainty means the benefit could be small.

Older people living in care homes or other institutions: three trials with 1,489 people did not show a clear benefit. About 11 in 100 had an infection with or without cranberry. The result is uncertain: the true effect could be anywhere from about 4 fewer to about 3 more infections per 100. The review rates how sure we can be as moderate in its summary table and as low in its discussion, so the fair reading is that cranberry may make little or no difference for this group.

The same review found cranberry products probably reduce infections in children and in people prone to infection after a medical intervention. Stomach side effects probably did not differ from a dummy treatment or no treatment. The estimate fits anything from no difference to about three-quarters more stomach side effects. Its authors concluded that the evidence supports cranberry for women with repeated infections, for children and for people prone to infection after procedures, and does not support it for older people in institutions.

A judgement from this: a care home should not rely on cranberry to prevent infections in its residents, and a woman who keeps getting infections could reasonably discuss cranberry with her doctor.",1779,G117.png,"Bar chart of urine infections per 100 people during trials. Women with repeat infections: 24 without cranberry, 18 with it (probably fewer, moderate certainty). Older people in institutions: about 11 without, about 10.5 with, no clear benefit, with a range line showing the result is uncertain. Cochrane review 2023.","Sources: https://doi.org/10.1002/14651858.CD001321.pub7 (Williams, Cochrane 2023); https://pubmed.ncbi.nlm.nih.gov/37947276/"
G118,C12,both,Ask this,"Many people, including care staff, take smelly urine or a change in urine colour as a sign of infection. In a French survey of 444 treated episodes of suspected urine infection in 134 nursing homes, smelly urine was given as a reason in about 3 in 10.

Smell and colour alone are weak signs of infection. In a small US study of 97 wet pads from nursing home residents, judging by smell disagreed with urine tests about 1 time in 3. The tests looked for bacteria in the urine, which many residents have without any infection, so this compares smell with a laboratory finding, not confirmed infection.

The result that went the other way: in a larger US nursing home study, when staff suspected an infection, laboratory signs of infection (bacteria plus white cells in the urine) were found in about 47 in 100 cases where the urine had changed in colour or smell or shown blood, and about 31 in 100 where it had not. So a change in the urine raised the chance of these signs, but the same laboratory signs are common in residents with no infection.

Infection experts wrote criteria for care homes. They note that changes in colour or smell often occur without infection, for example when someone is not drinking enough. Their criteria look for new urinary symptoms. These are pain or burning passing urine, new or much worse urgency, frequency or leaking, pain low in the tummy or in the side, visible blood in the urine, or fever with any of these. The authors say the criteria track infections across a care home and may not suit decisions such as starting antibiotics. People with a catheter, or who are unable to report symptoms, need separate judgement.

In care home trials, antibiotics for bacteria without symptoms cleared the bacteria more often but did not reduce deaths or complications, and caused more side effects (the estimate is very uncertain; one trial reported diarrhoea, rash and thrush). It also adds to unnecessary antibiotic use, which encourages resistant bacteria.

A judgement: smell or colour alone is too weak a reason to start antibiotics. Report new symptoms promptly, and ask whether antibiotics are for smell or colour alone.",2156,G118.png,"Comparison card. Smell and colour of urine are weak guides to urine infection; wet pad smell disagreed with urine tests about 1 time in 3. Report promptly: pain or burning, new urgency, frequency or leaking, pain in the tummy or side, blood in urine, or fever. Ask whether an antibiotic is for new symptoms. Catheter users need clinician judgement.","Sources: https://doi.org/10.3928/0098-9134-20040601-04 (Midthun 2004); https://doi.org/10.1111/j.1532-5415.2009.02227.x (Juthani-Mehta 2009); https://doi.org/10.1086/667743 (Stone 2012); https://doi.org/10.1016/j.medmal.2018.04.387 (Lemoine 2018); https://doi.org/10.3399/BJGP.2022.0059 (Krzyzaniak 2022); https://doi.org/10.1093/cid/ciy1121 (Nicolle 2019, IDSA)"
G119,C12,public,Reading the evidence,"Once a day is the most common bowel pattern. In a random sample of about 1,900 adults in East Bristol (published in 1992), only 40 in 100 men and 33 in 100 women had a bowel movement every day. Most people did not follow a fixed daily pattern, and a third of the women went less often than once a day.

Two other studies describe the range in people with normal bowels. Among 4,775 US adults who said their bowel patterns were normal, 96 in 100 went between 3 times a week and 3 times a day. In a Swedish study of healthy adults aged 18 to 70, 98 in 100 fell in the same range. The US figure describes people who call their own bowels normal; it is not a line that separates healthy from unwell.

Doctors call it constipation when hard or lumpy stools, straining, or a feeling of not having emptied happen a good part of the time. Going fewer than 3 times a week for much of the time can also count. Going less than once a day is not constipation on its own, and some straining now and then is common in healthy people.

These studies cover adults. They do not tell us what is usual for people in their 80s or 90s.

Tell your GP about a change from your own usual pattern that lasts, blood from the back passage or in the stool, or weight loss you can't explain. UK specialist guidance recommends that GPs use a simple stool test, called FIT. It helps decide who needs urgent bowel tests. Changes in bowel habit and bleeding often have harmless causes, and the same guidance says people with lasting, unexplained symptoms and ongoing concern should still be referred, even after a normal test result.",1600,G119_1.png | G119_2.png,"Chart and scale. Bristol study: a regular daily bowel cycle in 40 in 100 men and 33 in 100 women. A wide band from 3 times a day to 3 times a week held 96 in 100 US adults reporting normal bowels and 98 in 100 healthy Swedish adults. Arrows mark more often and less often. || Text card. Constipation means hard or lumpy stools, straining, feeling not emptied, or fewer than 3 a week, a good part of the time. Three numbered points: tell your GP about a lasting change, blood from the back passage or in the stool, or unexplained weight loss.",Sources: https://doi.org/10.1136/gut.33.6.818 (Heaton 1992); https://doi.org/10.1038/ajg.2017.213 (Mitsuhashi 2018); https://doi.org/10.3109/00365520903551332 (Walter 2010); https://doi.org/10.1053/j.gastro.2023.03.214 (Chang 2023); https://doi.org/10.1136/gutjnl-2022-327985 (FIT guideline 2022); https://doi.org/10.1002/ueg2.12213 (Assmann 2022)
G120,C12,public,Ask this,"Ask for a continence assessment (a check for the causes of leaking, and for what could help) when incontinence is part of why a care home is being discussed.

A US study followed about 6,000 people aged 65 and over. Women whose incontinence had been recorded by doctors were about twice as likely to move into a nursing home as women without it, and men about three times as likely, after allowing for age and other illnesses. These are relative figures; the published summary does not say how many in 100 moved. The data are from the 1990s. This is a link in records. The study did not test whether treating incontinence prevents a move.

In a UK interview study of 32 family carers of people with dementia, most said they held off asking health professionals for help with incontinence, and found access to continence products inconsistent.

Specialists in older people's care advise that clinicians ask about continence. They advise that an assessment looks for causes, usually with more than one professional. Some contributors can be looked for and changed: medicines such as water tablets and sedatives, difficulty getting to the toilet, and constipation. In one small before-and-after study of 52 older people, treating constipation was followed by less urgency and frequency of passing urine.

Research on help at home is thin. A 2024 review found only seven trials, and a 2012 review in dementia found too little evidence to recommend any approach. An assessment may find something that helps; it may not.

A judgement: when incontinence is a main reason a care home is being considered, a continence assessment should be part of the discussion. It can cover the cause, medicines, constipation, equipment such as a commode or urinal bottle, the products supplied, and help at night.",1791,G120.png,"Question card with five numbered questions and small line icons: has anyone looked for the cause of leaking, constipation checked, could a medicine contribute, would a commode, urinal bottle or night help make nights easier, are the right products supplied. A US 1990s study links incontinence with nursing home moves. A care home can still be the right choice.",Sources: https://doi.org/10.1093/ageing/26.5.367 (Thom 1997); https://doi.org/10.1186/1471-2318-11-75 (Drennan 2011); https://doi.org/10.1093/ageing/afac199 (Schlogl 2022); https://doi.org/10.1159/000052776 (Charach 2001); https://doi.org/10.1186/1471-2318-12-77 (Drennan 2012); https://doi.org/10.1093/ageing/afae126 (Buck 2024)
G121,C12,public,Care that works,"Women who use a pessary (a device placed in the vagina to hold the pelvic organs up) usually go back to clinic about every 6 months to have it removed and replaced.

A UK trial randomly assigned 340 women at 21 NHS centres to self-management or usual clinic care. Self-management support was a 30-minute teaching session, a leaflet, a phone call after 2 weeks and a helpline. The women were typically in their mid-60s.

At 18 months there was no clear difference in quality of life between the two groups. Women who looked after their own pessary reported slightly fewer pessary problems on a questionnaire (women knew which group they were in), such as difficulty emptying the bladder or bowel. On examination, sores, raw or overgrown tissue or other concerns about the vaginal tissues were found in about 18 in 100 women who self-managed. In clinic care it was about 27 in 100 (27 of 152 against 43 of 160 examined). The paper does not report a test of this examination difference. Self-management cost the NHS less (about £578 per woman over 18 months, against £728) and was probably good value for money (about an 8 in 10 chance).

About half the women answered again at 4 years, so those results are less certain. There was still no clear difference in quality of life. The difference in reported pessary problems was similar in size but no longer clearly more than chance.

The limits: about 1 in 5 women taught to self-manage went back to clinic care during the trial, 11 of them because they could not remove the pessary. The trial left out three groups. They were women who could not use their hands well enough, women whose memory or thinking problems meant they could not consent or self-manage, and women who needed teaching in a language other than English. Results did not differ clearly by age (under or over 65), but the authors caution that they may apply less to older women who have used a pessary for a long time. Many women prefer clinic care, and that choice deserves respect.

If you use a pessary and think you could manage it yourself, ask whether you can be taught. The authors conclude that women who can self-manage should routinely be offered the choice.",2183,G121_1.png | G121_2.png | G121_3.png | G121_4.png,"Schematic side view of the pelvis with labels: a ring pessary sits in the vagina below the womb, with bladder in front and bowel behind. A pessary holds the pelvic organs up. Many women change it in clinic about every 6 months. || Two columns. Self-management taught: a 30-minute session, a leaflet, a phone call after 2 weeks, a helpline number. Usual clinic care: changed in clinic, usually every 6 months, shown with a nurse seated at a desk. || Trial of 340 women, 21 NHS centres, 18 months. No clear difference in quality of life; fewer self-reported complications. Bar chart: vaginal tissue concerns on examination 27 of 152 self-managing (about 18 in 100) and 43 of 160 clinic care (about 27 in 100). Self-management also cost the NHS less. || Limits of the trial. Not included: women who could not use their hands well, women with memory or thinking problems who could not consent or self-manage, women needing teaching in another language. About 1 in 5 women taught to self-manage went back to clinic care. Clinic care remains a good choice.","Sources: https://doi.org/10.1016/j.eclinm.2023.102326 (Hagen 2023, TOPSY); https://doi.org/10.1111/1471-0528.18333 (Bugge 2025, 4 years); https://doi.org/10.3310/NWTB5403 (Bugge 2024); https://doi.org/10.1016/j.jval.2024.03.004 (Manoukian 2024, costs)"
G122,C12,practitioners,Teaching round,"In a 2017 to 2018 UK survey of 267 people on district nursing caseloads whose urinary catheter had been placed in the previous 4 weeks, only half (134) had any plan for taking it out. A plan meant a review date, a date to try without it, or a referral to district nurses, urology or a continence service. The share with a plan ranged from 20 in 100 to 96 in 100 between organisations. About 77 in 100 had a documented reason for the catheter.

National guidance for NHS hospitals in England (epic3, 2014) says the record should state why the catheter went in, the date, the expected duration and the planned date of removal, that the need should be checked every day, and that nobody should be discharged or transferred with a short-term catheter without a documented plan. It also says patients, relatives and carers should be told the reason and the plan for review and removal. These are expert-opinion recommendations, not trial results.

The longer a catheter stays in, the higher the risk of infection, and almost everyone with a catheter has bacteria in their urine within a month (bacteria in the urine are not the same as an infection). A review of 14 hospital studies looked at reminders and automatic stop orders together. They cut the rate of catheter infections by about half and shortened catheter use by about 2.6 days per patient. The shortening was clear for stop orders but not for reminders alone. Those studies were of hospital inpatients, most were before-and-after comparisons that tend to overestimate benefit, and the figure should not be applied to discharge, care homes or home care.

Some services use a catheter passport, a record the person keeps of why the catheter is there and the plan. In the survey, 13 in 100 (36 of 267) had one, and those who did were more likely to have a removal plan (78 in 100 against 46 in 100), though this does not show that the passport made the difference.

A judgement: when a catheter goes home or to a care home, three facts should go with it in writing. Why it went in, when, and who will review it or take it out, or try without it. A catheter without them is an incomplete discharge.",2151,G122.png,"Flow from hospital ward to discharge letter to home or care home to district nurse, GP or continence service, with a tag marked written down at discharge listing three facts: why the catheter went in, the date, and who will review or remove it and when. A bar shows 134 of 267 new catheters had a removal plan.","Sources: https://doi.org/10.1177/1757177420901550 (Prieto 2020, CCaMa survey); https://doi.org/10.1016/S0195-6701(13)60012-2 (epic3 2014); https://doi.org/10.1086/655133 (Meddings 2010)"
G123,C12,both,Teaching round,"Some leaks happen because the toilet is hard to reach or hard to use: slow walking, memory problems, or the route and room itself. Getting there in time is a sequence: standing up from a chair or bed, walking, opening a door, finding the toilet, undoing clothes and sitting down.

A judgement: a continence assessment (a check for the causes of leaking) in an older person should include watching the person make that trip, by day and by night. Practical things to check are the height of the chair or bed, whether the walking aid is within reach, and a clear and lit route. Also check that the door opens easily, the toilet can be seen, clothes are easy to undo, and a raised seat or rails are in place. At night, check for a light and a commode or urinal bottle by the bed. No trial evidence was found for each of these changes on its own.

Two links from research. In a US study of about 6,000 women (average age 78), leaking after a sudden strong need to pass urine, at least weekly, was linked with more falls and fractures over about 3 years; leaking on coughing was not. The authors suggested that rushing to the toilet may contribute, which was not tested. A review of nine studies found that getting up at night to pass urine is linked with a somewhat higher risk of falls than in people who do not get up at night; whether it causes falls is uncertain.

If you or someone you care for leaks on the way to the toilet, describe the whole route to the doctor or nurse, not only the bladder. A problem with one step may be what needs to change.",1550,G123.png,"Cutaway drawing of a home. An older man with white hair rises from a green armchair beside a bed, with a four-wheeled walker in reach. A night light lights the hall, a bay door opens to a bathroom with a raised toilet seat and grab rails. Seven numbered markers match seven things to check; a commode and urinal bottle by the bed are marked for night.",Sources: https://pubmed.ncbi.nlm.nih.gov/21075990/ (Frank 2010); https://doi.org/10.1111/j.1532-5415.2000.tb04744.x (Brown 2000); https://doi.org/10.1097/JU.0000000000000459 (Pesonen 2020)
G124,C12,public,Ask this,"""I have had some accidents with my bowels"" is a sentence your GP or practice nurse can act on. European guidance tells doctors and nurses to ask about bowel leakage directly rather than wait for you to raise it, and to take account of the words a person prefers, such as ""accidents"". In a US survey of women aged 45 and over with leakage, 7 in 10 preferred the term ""accidental bowel leakage"" to ""faecal incontinence"".

Leakage is more common in older age groups. In a US national survey of adults living at home, about 3 in 100 people in their 20s reported any bowel leakage in the past month, including small amounts of liquid or mucus. For those aged 70 and over it was about 15 in 100, roughly 1 in 7. Two US surveys asked people with leakage whether they had told a doctor. One surveyed clinic patients in the 1990s, the other women aged 45 and over. Only about 1 in 3 had.

What the GP or nurse may ask: your usual bowel pattern, childbirth if you are a woman, and past surgery near the back passage. A gentle examination checks the muscle and looks for hard stool. Loose stools, and constipation with leakage around hard stool, are common causes that can be treated. Leakage is also linked with bladder leakage and with conditions such as stroke.

First steps are advice on food, fibre and drinks, a regular toilet routine, and pads and skin care. A fibre supplement, a medicine that firms up loose stools such as loperamide, or pelvic floor exercises may also be tried. These simple steps help some people, though the evidence for each is modest. If they do not help enough, there are further tests and treatments.

You can ask whether a continence service (a team that assesses and treats leaking) could help.",1718,G124_1.png | G124_2.png,"Comic strip, illustration only. A nurse and an older Black woman with grey hair and a walking stick sit across a desk. She says she has had some accidents with her bowels. Text gives the US survey figures: about 15 in 100 adults aged 70 and over reported leakage; only about 1 in 3 had told a doctor. Say it in plain words. || Two comic panels. The nurse thanks her and asks about her bowel pattern, and may ask about childbirth and surgery. In the next panel she asks if a continence service could help; he holds a leaflet and says they can start with simple steps. Caption lists first steps: food, fibre, drinks, toilet routine, pelvic floor exercises, pads, skin care.","Sources: https://doi.org/10.1053/j.gastro.2009.04.054 (Whitehead 2009); https://pubmed.ncbi.nlm.nih.gov/8561140/ (Johanson 1996); https://doi.org/10.1002/ueg2.12213 (Assmann 2022, UEG guideline); https://doi.org/10.1097/SPV.0b013e31828016d3 (Brown 2013); https://doi.org/10.1111/ijcp.12018 (Brown 2012)"
G125,C12,practitioners,Weighing it up,"An indwelling catheter is a tube that stays in the bladder. For a man who can empty his bladder but needs urine collected, a sheath (an external catheter) worn over the penis collects urine without one. US infection control guidance (CDC, 2009) suggests considering an external catheter for cooperative men without urinary retention or bladder outlet obstruction. It is a Category II recommendation, which is weaker.

The main trial gave 75 men in a US veterans' hospital, average age about 73, who needed urine collected and had no retention, either a sheath or an indwelling catheter by random choice. Men with a sheath were more likely to say it was comfortable and not painful. There was no difference on restriction of movement, embarrassment or inconvenience. The authors note that sheaths tend to fall off.

The combined measure of problems was bacteriuria (bacteria in the urine found on daily testing), symptomatic urine infection or death. It occurred at 70 per 1,000 patient-days with sheaths and 131 per 1,000 with catheters. The unadjusted difference was not statistically clear. After the researchers allowed for age, memory scores and earlier urine infection or catheter use, it was. Bacteriuria was by far the most frequent event and drove the result. Similar shares of men had at least one event: about 44 in 100 with a sheath and 49 in 100 with a catheter. That counts men, while the rate above counts events per 1,000 days of follow-up, so the two figures measure different things. Symptomatic infections and deaths were few and not clearly different on their own.

In men without dementia the difference was larger. In men with dementia the trial did not show a clear difference, and by chance more men with dementia were assigned to sheaths (61 in 100 against 21 in 100). The trial was small, ran from 1997 to 2001 and used one product.

A 2026 nursing review advises the correct size, a secure but not tight fit, daily changes and regular skin checks. Problems are usually minor, such as sore or damp skin; a badly sized sheath can rarely cut off blood flow.

A judgement: for men without retention who need urine collected, consider a sheath before an indwelling catheter.",2195,G125_1.png | G125_2.png,"Two line diagrams of the lower body from the side. Left, indwelling catheter: a tube runs from the bladder out to a drainage bag at the thigh. Right, sheath: worn outside over the penis with a short tube to a drainage bag, nothing inside the bladder. For men who can empty their bladder but need urine collected. || Trial of 75 hospital men, average age about 73. Men with a sheath were more likely to say it was comfortable and not painful. The combined measure was mostly bacteria in urine on daily testing, lower with the sheath only after adjustment. No clear difference in dementia. Checklist of five points for a sheath.",Sources: https://doi.org/10.1111/j.1532-5415.2006.00785.x (Saint 2006); https://doi.org/10.1086/651091 (CDC 2009); https://doi.org/10.12968/bjcn.2025.0205 (Hamilton 2026)
G126,C13,practitioners,Reading the evidence,"The 2004 study that tested red plates for people with dementia had nine men.

They had advanced Alzheimer's disease and lived in long-term care. The researchers weighed what the men ate for 10 days on white plates and cups, 10 days on high-contrast red ones, then 10 days on white again. On red, the men ate about a quarter more food and drank 84% more on average. Eight of the nine ate or drank more. These are increases in average intake, and nobody measured weight or health.

A year later the same team tried other plates. Strongly contrasting blue plates also increased eating and drinking; pale red and pale blue plates did not. That suggests the contrast between food and plate, rather than the colour red, was the reason.

The result that went the other way: a later study of blue plates in 18 people with dementia, on a menu with many pale foods such as white rice and mashed potato, did not find a clear increase in eating. Fewer than a third of the 18 people ate at least a tenth more food on blue plates.

A 2026 systematic review searched five databases up to March 2025 for studies of contrast at mealtimes and found four, with 64 people in total, the largest with 25. None was randomised, and the longest test period was 30 days. The reviewers called the evidence limited, low quality and inconclusive. None of the studies showed whether contrast plates prevent weight loss or malnutrition.

Reviews of mealtime changes for people with dementia have found no change that is established to help people eat more. This includes help with eating. The studies are small and short. Better trials are needed of contrast plates and of help with eating.

Contrast plates are cheap to try, and families and staff who use them are doing something reasonable. We should not count a plate as a replacement for a person who sits with someone and helps them eat.",1862,G126_1.png | G126_2.png,"Card 1 of 2. Red plates study: nine men with advanced Alzheimer's disease in long-term care had 10 days on white plates, 10 on red, 10 on white. On red they ate about 25% more food and drank 84% more on average. Eight of the nine ate or drank more; one did not. Dunne 2004. || Card 2 of 2. What came after: a year later strong blue also worked, pale red and pale blue did not. A later blue plate study in 18 people with dementia, with many pale foods, showed no clear increase. A 2026 review: 4 small studies, 64 people, none randomised; evidence limited and inconclusive. Cheap to try; keep helping.",Sources: Dunne 2004 https://doi.org/10.1016/j.clnu.2003.09.015 ; 2026 review https://doi.org/10.3390/nu18142338 ; Cochrane review of mealtime changes in dementia https://doi.org/10.1002/14651858.CD011542.pub2
G127,C13,practitioners,Reading the evidence,"A mouth care programme in 14 US nursing homes did not show a clear fall in pneumonia over two years.

The trial included 2,152 residents. The homes were chosen because their residents were often readmitted to hospital with pneumonia. They were randomised in matched pairs to a staff mouth care programme or usual care. Over two years there were 0.67 pneumonia cases per 1,000 resident-days (days lived in the home) with the programme and 0.72 without. That is not a clear difference.

Two other results add to this. An analysis of the first year alone found fewer pneumonias in programme homes, but it was not planned in advance. In the second year pneumonia was slightly more common in programme homes, again without a clear difference. The authors suggest the lack of a clear result in year two may relate to difficulty sustaining the programme, and that dedicated oral care aides may be needed.

An earlier Japanese trial in 11 nursing homes (417 residents) reported fewer pneumonias and fewer pneumonia deaths when staff brushed teeth after every meal and a dentist or hygienist visited weekly. Cochrane rates trials like it at high risk of bias.

The 2022 Cochrane review included six trials, all at high risk of bias, and judged the effect of professional mouth care on pneumonia largely unclear. Two small Japanese trials suggested fewer pneumonia deaths at two years, with low certainty, but a larger study (2,513 people) found no clear difference in pneumonia deaths at 18 months. The Cochrane review found no trial of mouth care against no mouth care at all. Each trial compared extra, professional care with usual care.

So the evidence on pneumonia is uncertain in both directions.

The other reasons for mouth care are firmer. Cleaning removes plaque, the main cause of tooth decay and gum disease. We should also keep doing it for comfort, for being able to eat, for noticing sore spots and broken teeth early, and for dignity, whatever the trials show about pneumonia.

Where mouth care is taught as a way to prevent pneumonia, it is worth adding that the evidence is uncertain.",2093,G127.png,"Comparison card. Left: trials of mouth care and pneumonia are uncertain: 14 US nursing homes showed no clear fall; Cochrane 2022 found six trials, all at high risk of bias; none compared mouth care with none. Right, marked as judgement: reasons to clean mouths anyway are plaque removal, comfort, easier eating, early detection of sore spots and dignity.",Sources: Zimmerman 2020 https://doi.org/10.1001/jamanetworkopen.2020.4321 ; Cochrane review 2022 https://doi.org/10.1002/14651858.CD012416.pub3 ; Yoneyama 2002 https://doi.org/10.1046/j.1532-5415.2002.50106.x
G128,C13,both,"Small detail, real effect","About four in ten healthy people over 65 could not open a hospital cheese portion.

That was the result of an Australian test of 40 volunteers over 65 who lived at home. They tried packs routinely used in New South Wales hospitals. One in ten could not open a bottle of water. Tetra packs, cereal, fruit cups, desserts and biscuits were among the hardest.

Hospital patients reported similar trouble. In four Australian hospitals, about half of 140 mostly older patients found milk, juice and cereal packs difficult to open. ""Difficult"" is not the same as a count of people who could not open them.

Posture adds to it. In a laboratory test, 34 healthy older volunteers opened packs both lying in a hospital bed and sitting in a chair. Lying down took more finger strength and finer finger control. The researchers concluded that patients should sit up to eat.

These studies have limits. They were done in Australia, and the tests used well volunteers, so UK packs may differ. None tested whether opening packets raises how much people eat.

We should open the packet, help the person sit up before the meal, and record food returned unopened as ""not opened"", as the person may not have been able to open it. If you visit someone in hospital, ask whether their food is open and open it yourself if it is not.",1309,G128.png,"Annotated drawing of a hospital tray from above with numbered items: cheese portion (about 4 in 10 healthy over-65s could not open one), water bottle (1 in 10), milk, juice and cereal packs (about half of 140 patients struggled). Inset 4: an older woman in bed and an older man in a chair, with a lab finding that opening a pack in bed took more finger strength.",Sources: Bell 2016 https://doi.org/10.1016/j.appet.2015.12.004 ; Bell 2013 https://doi.org/10.1016/j.appet.2012.10.013 ; Bell 2017 https://doi.org/10.1111/jhn.12430
G129,C13,both,What gets counted,"Helping one nursing home resident eat a meal took an average of 38 minutes in a US study. In usual care, residents got about 9 minutes of help.

That 2001 study followed 74 residents in three US nursing homes over two days and six meals. Half of the residents each ate and drank more with one-to-one help than on their usual-care days, by more than chance would explain. The help was given by the research team, not the homes' own staff. The study had no separate control group: residents were compared with their own usual-care days. It did not measure weight.

A later controlled trial, in four US homes, found a similar gap. Trained research staff took an average of 42 minutes per person to help with a meal, mostly one-to-one, for the 19 residents who received mealtime help. In usual care, residents got about 5 minutes of help per meal.

In that trial, directors of nursing reported one care aide for 6 to 11 residents on the day shift. The authors wrote that most US nursing homes do not have enough aides to give this help to everyone who needs it. They also suggested that grouping residents and offering snacks between meals may be more feasible, so one-to-one help at every meal is not the only answer.

Among 76 residents with low intake, 56 in 100 kept or gained weight over 24 weeks with the extra help, against 28 in 100 in usual care. But only 19 of the 76 were given help at meals; 57 were given snacks between meals. So the result should not be credited to the 42 minutes of mealtime help.

These are US figures from 2001 and 2008, and no UK figure was found.

We should plan mealtime staffing from how many people need help and how long it takes, as well as from how many people are on shift. Where the minutes are not counted, the plan has no time for this help, and care workers have no time to give it.",1825,G129_1.png | G129_2.png,"Bar chart. Minutes of one-to-one mealtime help per resident per meal in a US study of 74 residents: usual care 9 minutes, one-to-one help by research staff 38 minutes. Half of the residents ate and drank significantly more with this help. Simmons 2001, 3 nursing homes, 2 days. || Bar chart. Minutes of help per person per meal in a later US trial of 76 residents: usual care about 5 minutes, trained research staff 42 minutes. Directors of nursing reported one care aide for 6 to 11 residents on the day shift. No UK figure was found. Simmons 2008.",Sources: Simmons 2001 https://doi.org/10.1093/gerona/56.12.m790 ; Simmons 2008 https://doi.org/10.1111/j.1532-5415.2008.01801.x
G130,C13,both,Care that works,"Thirst and a dry mouth in the last days of life can be eased with mouth care, lip care and small sips.

In a small US study from 1994, 32 people dying in a comfort care unit were followed from admission to death. The authors described them as terminally ill with cancer. All were mentally aware and able to say how they felt, so the study says little about people who are unable to report thirst. About 6 in 10 had no thirst, or thirst only at first. Whenever hunger, thirst or a dry mouth did occur, it could be relieved, usually with mouth care, ice chips, moistened lips and sips of drink. The amounts were far smaller than would be needed to prevent dehydration. There was no comparison group, and almost all were taking opioids (strong painkillers).

UK guidance from NICE on the last days of life (2015) says to help the person drink if they want to and are able, to offer frequent care of the mouth and lips, and to encourage family to help with mouth care or drinks if they wish, with advice on doing it safely. It says fluids by drip or under the skin should be considered for each person, for example if they have distressing thirst and are unable to drink enough. They should be reviewed, and stopped if they cause harm or the person no longer wants them.

The evidence on those fluids is thin. In a trial in six US hospices, 129 people with advanced cancer were given either a litre of fluid a day or only 100 mL. The larger amount did not show a clear improvement in symptoms, quality of life or survival. The main symptoms measured were fatigue, twitching, drowsiness and hallucinations, not thirst or dry mouth. A 2023 Cochrane review found trials only in people with cancer. There was too little evidence to say whether drips improve quality of life or prolong life. Its authors say the results do not apply to people dying with dementia or other conditions, so the decision has to be made for each person without good evidence to guide it.

Frequent mouth care should be a standard part of care in the last days of life, and fluids by drip should be discussed for each person rather than given or withheld by default. If you want to help, ask the nurse to show you how.",2186,G130.png,"Illustration of a son sitting beside his mother's bed, leaning in to moisten her lips; she rests propped on pillows. A glass sits on the bedside table. Checklist: sips of drink if wanted, frequent mouth and lip care, ice chips or moistened lips, family can help, ask the nurse to show you. Drips are a separate decision.",Sources: NICE NG31 summary https://doi.org/10.7861/clinmedicine.16-3-254 ; McCann 1994 https://doi.org/10.1001/jama.272.16.1263 ; Bruera 2013 https://doi.org/10.1200/JCO.2012.44.6518 ; Cochrane 2023 https://doi.org/10.1002/14651858.CD006273.pub4
G131,C13,both,Weighing it up,"Feeding tubes for people with advanced dementia have not been shown to help them live longer.

A 2021 Cochrane review found no randomised trials, only 14 observational studies. Four of the 14 studies looked at PEG tubes (a tube into the stomach through the skin). They did not show longer survival. The certainty of this is low, so better studies could change it. Three of four small studies of other or mixed tube types found longer survival, at very low certainty. All were observational, so the people who received tubes may have differed from those who did not.

No study has shown that a tube makes a person with severe dementia more comfortable. Quality of life was never measured, and the one study that looked at pain and comfort found no difference. In one observational study of 4,421 people, pressure sores were more common in people fed through a PEG; the review rated this moderate certainty, the only finding it rated above low. Tubes have not been shown to prevent pneumonia from food or drink going down the wrong way, and results on pneumonia were inconsistent.

The American Geriatrics Society (2014) advises against feeding tubes for older people with advanced dementia and recommends careful hand feeding. European nutrition guidance (ESPEN, 2024) says tube feeding can be a temporary option in mild or moderate dementia. It says tube feeding is not an option in severe dementia or near the end of life.

Careful hand feeding is a plan for the person. Offer food regularly, stop when they cough, choke or show distress, and write down which foods, ways of helping and times of day work best. Check texture, sitting position, dentures and medicines first. When eating becomes too hard, the mealtime continues with mouth care, talking and touch. This kind of hand feeding focuses on comfort and is unlikely to stop weight loss. This is an expert-proposed approach, not a tested one.

We should offer careful hand feeding and not use tubes routinely in advanced dementia. We should treat saying no to a tube as a decision about one treatment. A person's worth is unchanged.

If you are asked to decide, ask what careful hand feeding would involve each day, and what your relative would have wanted.",2215,G131.png,"Comparison card on feeding tubes in advanced dementia. Left: no randomised trials; PEG not shown to help people live longer; no study showed more comfort; more pressure sores in one study of 4,421. Right: careful hand feeding, expert-proposed and untested. Saying no to a tube is a decision about one treatment; food, drink, mouth care and company continue.",Sources: Cochrane 2021 https://doi.org/10.1002/14651858.CD013503.pub2 ; AGS 2014 https://doi.org/10.1111/jgs.12924 ; ESPEN 2024 https://doi.org/10.1016/j.clnu.2024.04.039 ; Palecek 2010 https://doi.org/10.1111/j.1532-5415.2010.02740.x
G132,C13,practitioners,Teaching round,"Urine colour, a dry mouth and thirst each fail as a single test for dehydration from too little drinking in people aged 65 and over.

A Cochrane review pooled data from 24 studies. Urine colour, urine specific gravity, dry mouth, thirst, heart rate and recorded fluid intake were each not useful on their own for spotting or ruling out dehydration from not drinking enough. Used alone, they miss many people who are dehydrated and wrongly label others who are not. The review suggests combining tests may help, and it does not call these observations worthless as part of a wider assessment. It covers water-loss (low-intake) dehydration, not salt-and-water loss from vomiting, diarrhoea or bleeding.

The reference was a blood test, serum osmolality: 295 mOsm/kg or more meant dehydration was starting or present, and over 300 meant it was present.

A UK study included 188 care home residents with an average age of 86. People with heart or kidney failure were excluded. One in 5 had a serum osmolality over 300 mOsm/kg, the level counted as current dehydration. Whether residents felt thirsty was not linked with whether they were dehydrated.

Only a few signs showed any promise. In one small study of 71 older people, missing drinks between meals was the most promising, and it has not been confirmed elsewhere.

If measured osmolality (mOsm/kg) is not available, osmolarity (mOsm/L) can be calculated from routine blood results to estimate it: 1.86 x (sodium + potassium) + 1.15 x glucose + urea + 14, all in mmol/L. This was the best of 39 formulas tested in 595 older people. At a cut-point of 295 mOsm/L it picked up about 85 in 100 people who were dehydrated (measured osmolality over 300) and wrongly flagged about 41 in 100 who were not. It is a screen: a result of 295 or more is a reason to check measured osmolality.

In practice: when the answer will change care, check osmolality or calculate osmolarity rather than relying on one bedside sign, and note when drinks between meals are missed.",2008,G132_1.png | G132_2.png,"Card 1 of 2. Single bedside signs are not useful alone for low-intake dehydration in people 65 and over: urine colour, urine specific gravity, dry mouth, thirst, heart rate, recorded fluid intake. Alongside: serum osmolality as reference test, calculated osmolarity as a screen, and missed drinks between meals as a promising sign. || Card 2 of 2. Calculated osmolarity equals 1.86 times (sodium plus potassium) plus 1.15 times glucose plus urea plus 14, all in mmol/L. At 295 mOsm/L or more it flags about 85 in 100 dehydrated people and 41 in 100 who are not, shown as two icon arrays. A screen, not a diagnosis.",Sources: Cochrane 2015 https://doi.org/10.1002/14651858.CD009647.pub2 ; DRIE 2016 https://doi.org/10.1093/gerona/glv205 ; Hooper 2015 equation https://doi.org/10.1136/bmjopen-2015-008846 ; Siervo 2014 https://doi.org/10.3945/ajcn.114.086769
G133,C13,public,"Small detail, real effect","Does food still smell of anything to you?

In a US study that tested the sense of smell of 2,491 people aged 53 to 97, about 1 in 4 had a weakened sense of smell. Among those aged 80 and over it was about 6 in 10. Most people with a weak sense of smell did not know they had it: when asked, only 12% to 18% of people aged 80 and over with a weak sense of smell said they had a problem. The study was in one US community, around the year 2000.

Smell is one of the biggest parts of flavour. A weaker sense of smell can make food less enjoyable and seem to taste of less. Smell and taste can fade with age. Illness, medicines, smoking and a blocked nose are also linked with a weaker sense of smell.

Many medicines can dull or change taste, including some blood pressure tablets, antibiotics and antidepressants. How often this happens is not well known. If food has tasted wrong since a medicine was started, ask your GP or pharmacist. Do not stop a medicine on your own.

Things to try: stronger flavours, a sauce, herbs or a squeeze of lemon. These are reasonable ideas, but they have not been tested in trials, and the trials of adding flavour to meals have mixed results. In one Dutch care home study, residents given flavour-enhanced meals gained about 1 kg over 16 weeks while others lost a little. A later randomised trial by the same group found no change in how much residents ate or weighed. Both used commercial flavour enhancers, not herbs or sauces.

If someone you know has stopped enjoying meals, ask their GP or nurse to check their sense of smell and their medicines.",1584,G133.png,"Drawing of a plate of poached fish, potatoes and green beans with steam, with a pepper mill, sauce jug, lemon wedge and herbs, each labelled. About 6 in 10 people aged 80 and over had a weakened sense of smell on testing. Tips: stronger flavours; these are untested. Ask a GP or pharmacist about medicines; do not stop one yourself.",Sources: Murphy 2002 https://doi.org/10.1001/jama.288.18.2307 ; Schiffman 1997 https://pubmed.ncbi.nlm.nih.gov/9343468/ ; Doty 2008 https://doi.org/10.2165/00002018-200831030-00002 ; Mathey 2001 https://doi.org/10.1093/gerona/56.4.m200 ; Essed 2007 https://doi.org/10.1016/j.appet.2006.06.002
G134,C13,public,"Small detail, real effect","Dental specialists advise taking dentures out every night and cleaning them every day. The main reason is to prevent sore, inflamed gums under the denture. Follow your own dentist's advice if it differs.

A Japanese study adds a second reason to think about it. It followed 524 people aged 85 and over living at home, 453 of whom wore dentures. About 4 in 10 denture wearers slept with their dentures in. Over three years they were more likely than those who took them out to be admitted to hospital with pneumonia, or to die of it. This held after the researchers allowed for other health differences they measured. Those who slept in dentures also had more plaque on the tongue and dentures, more gum inflammation, and more yeast (Candida) in the mouth.

This is an association. People who sleep in dentures may differ in health, frailty or care in ways the study did not measure. There were only 48 pneumonia events in the whole group, so the size of the link is uncertain. No trial has tested taking dentures out at night against pneumonia.

Dentures also go missing in hospital. Eleven NHS trusts in south-east England reported 695 lost over five years, and hospital dentists think many losses are never reported. In one hospital the commonest moments were moves between wards, dentures left on meal trays, and during sleep.

If you or your relative wears dentures, tell the ward staff, keep them in a denture pot, and check they are not left on a tray.",1458,G134.png,"Checklist card with a drawing of a bedside table holding a lamp, glasses, a denture pot and a glass of water. Dentures: out every night, cleaned every day, stored as the dentist advises. In hospital: tell staff, use a denture pot, check they are not left on a tray. A Japanese study found a link with pneumonia, not proof of cause.",Sources: Iinuma 2015 https://doi.org/10.1177/0022034514552493 ; McReynolds 2023 https://doi.org/10.1111/jopr.13687 ; Mann and Doshi 2017 https://doi.org/10.1038/sj.bdj.2017.728 ; Doshi 2022 https://doi.org/10.1038/s41415-022-4137-6
G135,C13,public,Care that works,"A person with dementia turns away and pushes the toothbrush aside.

The idea behind one approach is that this is often fear: having something put in your mouth can feel like a threat when you are unable to follow what is happening. That is the authors' theory, and a way of understanding the moment without blaming carers.

In a US trial in nine nursing homes, 101 residents with dementia who often refused mouth care were split at random into two groups. In one, trained research staff used calm techniques. They came to the person at or below eye level, and did mouth care at a sink in front of a mirror. They gave the person a toothbrush to hold, started the brushing and let them carry on. They used gestures and short, one-step instructions, and gently guided the person's hand. If things escalated, a different carer took over. They tried different techniques to find what worked for each person. In the other group, carers cleaned teeth well but without those techniques.

Over three weeks, mouth care was accepted and finished more often, and lasted longer, in the first group. Refusals did not stop, and the trial did not show a clear difference in resistance or in mouth health, which were its main outcomes. People with swallowing difficulty were excluded, and the care was given by the research team rather than the home's own staff. The trial tested the techniques as a set, so no single technique is shown to work.

The researchers concluded that the aim is to get mouth care done despite some refusal, not to make refusal disappear.

When a person pushes the brush away, we should change the approach before deciding that brushing is not possible.",1662,G135.png,"Four panel comic, labelled illustrative. In a care home bathroom an older man pushes away a toothbrush; the carer comes to eye level calmly; he holds a brush at the mirror; the carer starts, then he carries on. Techniques from a US trial of 101 residents; refusals continued and mouth health showed no clear difference over 3 weeks.","Sources: Jablonski 2018 trial https://doi.org/10.1111/ger.12357 ; description of the approach, Jablonski 2012 https://doi.org/10.1891/1541-6577.25.3.163"
G136,C13,both,Care that works,"Food in dishes on the table, residents serving themselves, and a member of staff or a volunteer sitting and chatting at each table.

That was family style mealtimes in a Dutch trial in five nursing homes. Wards were randomly assigned to family style or the usual plated meals for six months. The 178 residents did not have dementia, and many had conditions such as stroke or Parkinson's disease. The 10 wards were the units randomised: each ward as a whole received one kind of meal.

Family style meant more than shared dishes. Tables had cloths, glasses and proper plates. Food came in dishes and most residents served themselves. A member of staff or a volunteer sat and chatted at every table, and nothing else happened in the dining room during the meal.

Over six months, residents who ate family style held their weight steady (up 0.5 kg), while those given plated meals lost about 1 kg, so the gap between the groups was 1.5 kg. Quality of life scores held steady with family style meals and fell by about 5 points with plated meals, on a 0 to 100 scale, so the gap between the groups was about 6 points. Residents eating family style also ate more.

Most of the difference came from the plated group getting worse rather than the family style group improving. The intervention changed several things at once, so the trial does not show which part helped: the shared dishes, the choice, the company or the lack of interruption.

The limits: one trial from 2006, in Dutch nursing homes, with 10 wards. Hospital wards were not studied. For people with dementia, a systematic review lists family style meals as promising. The studies are small and short, so the benefit is not established.

Care homes could try shared-table, self-serve meals for residents able to take part, and see what happens to how much people eat.",1825,G136.png,"Annotated drawing of a care home dining table with a cloth, glasses and dishes. Residents, including a man in a wheelchair, serve themselves while a care worker sits and chats; the door is closed. Over 6 months in a Dutch trial weight held steady with family style meals against about 1 kg lost with plated meals. Residents did not have dementia.",Sources: Nijs 2006 https://doi.org/10.1136/bmj.38825.401181.7C ; Bunn 2016 review https://doi.org/10.1186/s12877-016-0256-8
G137,C14,practitioners,Teaching round,"When an older person says they feel dizzy, one question helps: what sets it off?

If the answer is rolling over in bed, lying back or looking up, with a brief spin, the cause may be benign paroxysmal positional vertigo (BPPV), vertigo set off by head position.

In one study of patients at a US inner-city clinic for older people, about 9 in 100 had BPPV that nobody had recognised. Those patients were more likely to have fallen in the previous 3 months. That is one clinic in one country, published in 2000, and a snapshot study is unable to show that BPPV caused the falls.

The 2017 US ENT guideline strongly recommends diagnosing the commonest type with the Dix-Hallpike test, with the head turned 45 degrees and the neck extended 20 degrees. It strongly recommends treating it, or referring for treatment, with a repositioning manoeuvre such as the Epley. It recommends against routinely treating BPPV with sedating anti-dizziness medicines such as antihistamines or benzodiazepines. It also asks clinicians to check mobility, balance and falls risk.

A Cochrane review of mostly small trials with short follow-up included adults aged 18 to 90 with BPPV of the posterior canal. Complete resolution of vertigo came in about 56 in 100 people after the Epley, against about 21 in 100 after a sham manoeuvre or a control with no repositioning. BPPV came back in about 36 in 100 people during those trials' short follow-up. A few people could not tolerate the manoeuvres because of neck problems.

Extending the neck is hard for some older people. A Swedish study of 75-year-olds used a side-lying version of the test, with the head and neck fully supported on the couch, and found BPPV in about 11 in 100 of those tested. How its accuracy compares with Dix-Hallpike is not established.

Before giving a sedating tablet for dizziness in an older person, ask what sets it off and examine for BPPV.",1897,G137_1.png | G137_2.png | G137_3.png,"Three drawn steps of the Dix-Hallpike test: head turned 45 degrees, lying back with the neck extended 20 degrees, then looking for brief spinning and eye movements. || Bar chart from a Cochrane review of 5 trials, 273 people: complete resolution of vertigo in 56 in 100 after the Epley manoeuvre against 21 in 100 after sham or control. BPPV came back in about 36 in 100. || Checklist for older people with dizziness: ask what sets it off, examine with Dix-Hallpike, treat with a repositioning manoeuvre, avoid routine antihistamines or benzodiazepines, check falls risk. A note says side-lying test accuracy is not established.",Sources: https://doi.org/10.1177/0194599816689667 | https://doi.org/10.1002/14651858.CD003162.pub3 | https://doi.org/10.1016/S0194-5998(00)70187-2 | https://doi.org/10.1007/BF03325263
G138,C14,public,Ask this,"One ear sounds muffled on waking, and the usual guess is wax.

It could be wax. It could also be damage to the inner ear or the hearing nerve. A clinician first needs to tell a blocked ear canal from a problem in the inner ear or nerve. That needs an examination.

That is why sudden hearing loss in one ear should be checked urgently, even when wax seems the likely cause. A US guideline for ear, nose and throat (ENT) specialists says that acting quickly on sudden hearing loss from the inner ear or nerve may improve recovery. It asks for a hearing test as soon as possible, within 14 days of the start.

Steroid treatment is an option if started within about two weeks of the hearing loss starting. A 2013 Cochrane review of three small trials found it unclear whether steroids work. Discuss the choice with the specialist, and ask early.

Our practical advice: if this happens to you or to someone you look after, ask to be seen urgently by an ENT service or an emergency department. On the phone, say: my hearing has dropped suddenly in one ear.",1051,G138.png,"Four drawn panels, labelled illustration not a real case: an older woman with muffled hearing in one ear on waking, phoning to ask for urgent review, a clinician checking her ear, and a talk about steroids, whose value was unclear in 3 small trials.",Sources: https://doi.org/10.1177/0194599819859885 | https://doi.org/10.1002/14651858.CD003998.pub3
G139,C14,public,Ask this,"Some people with sight loss see vivid images that are not there. They usually know the images are unreal. This is called Charles Bonnet syndrome, and it is most often linked with age-related macular degeneration, an eye condition that damages sight.

The numbers come from a Dutch study, published in 1996, of 505 patients with sight loss. Sixty of them had these images. All 60 knew the images were unreal. Only 1 of the 16 who had seen a doctor about them had been given the right explanation. All were glad to be told it was not mental illness.

That was a selected group of patients, so the 60 in 505 applies only to that group. Awareness may have improved since.

A review describes the syndrome as underreported, because people fear being thought mentally ill. It is also a diagnosis reached after other causes have been ruled out. So a new hallucination, something you see that is not there, should still be mentioned to a doctor. A major part of the treatment is a careful explanation of the condition.

Eye clinics should mention Charles Bonnet syndrome when they tell someone their sight is failing. Then, the first time an image appears, the person knows what it is and who to tell.",1193,G139.png,"Illustration of an older man in an armchair by a window with faint dashed shapes across the room, for Charles Bonnet syndrome. Text: tell your doctor about images that are not there after sight loss; explaining the condition is a large part of the help.",Sources: https://doi.org/10.1016/s0140-6736(96)90869-7 | https://pubmed.ncbi.nlm.nih.gov/30667516/
G140,C14,public,Reading the evidence,"It is often said that hearing is one of the last senses to stop working when a person is dying. The authors of one small hospice study in Canada say the belief rests mostly on anecdote. They looked for signs of hearing with brain recordings.

The researchers played sequences of tones through headphones and recorded brain activity with an EEG. They recorded 5 people who had stopped responding and were actively dying. All 5 showed a brain response to a change in the tones, so part of their hearing system was still reacting. 17 healthy students were recorded for comparison, and all 17 showed the same kind of response. The authors used a somewhat looser analysis than the study whose method they followed, so each person's result is only a hint.

This does not show that they understood what they heard. The sounds were tones, not speech or relatives' voices. Five people is a very small group. All of the patients were free of impaired thinking or confusion when they joined. So the results may not apply to people with dementia.

The authors say the finding gives some support to the advice that loved ones keep talking to a dying relative.

What follows is our judgement. We should speak to the person as someone who may hear. If they usually wear a hearing aid and it is comfortable, keeping it in is a sensible default. Say who you are when you arrive, and talk to them directly.",1388,G140.png,"Illustration of an older woman with a hearing aid in bed and a young man sitting beside her. Text: in one small hospice study of 5 unresponsive people, all 5 showed a brain response to tone changes; it did not show they understood what they heard.",Sources: https://doi.org/10.1038/s41598-020-67234-9
G141,C14,public,Ask this,"'She hears what she wants to hear' is something families say. Age-related hearing loss gives a physical reason it can seem that way.

Age-related hearing loss usually affects high-pitched sounds first. Many consonants, speech sounds such as s, f and th, are high-pitched. So a person can hear that someone is talking but miss parts of words. Illustrative example: sun and fun, or thin and fin, can sound alike when the first sound is lost.

One finding on what helps comes from a very small experiment in 1985. Five listeners with hearing loss understood clear speech better than ordinary conversation. The gain was similar at each loudness level tested. Five people is very few, and the sentences were nonsense sentences made for the test, so this is only a first indication.

The rest of the advice is our practical suggestion:

1. Get their attention before you speak.
2. Face them, so they can see your mouth.
3. Speak clearly rather than only more loudly.
4. If they miss it, say it again in different words, which gives a second chance with different sounds.

Next time someone says a person only hears what they want to hear, try the four steps first.",1158,G141.png,"Card on age-related hearing loss: sun, fun, thin, fin with the first sounds faded to _un and _in, labelled illustrative. Four suggestions, not trial findings: get attention, face them, speak clearly, rephrase if missed.",Sources: https://doi.org/10.1177/1084713810393751 | https://doi.org/10.1044/jshr.2801.96
G142,C14,practitioners,Teaching round,"Timolol eye drops get into the bloodstream and can act like a beta-blocker tablet. When an older person has a slow pulse or heart block, ask about eye drops directly, because a drop in the eye is easy to overlook.

The evidence is case reports. They describe very slow heart rates and heart block that settled when the drops were stopped. In one case, a man of 62 had used timolol for 13 years. His heart rate was 29 beats a minute with complete atrioventricular block. It settled within 48 hours of stopping the drops. A milder block remained and had worsened a year later. This suggests an underlying conduction problem that the drops made apparent, and the authors recommend long-term follow-up. Case reports show that it can happen. They do not show how often.

A small randomised cross-over trial in 21 adults tested ways to reduce absorption. It compared pressing on the inner corner of the eye for 5 minutes after the drop, a second method using a tissue, and no intervention. Both methods lowered the timolol level in the blood one hour after the drop. The main outcome was the timolol level in the blood. Heart rate and blood pressure were also measured, but the abstract does not report whether they differed from no intervention. The adults were not described as older patients, so a benefit for slow pulse is not shown. The 5 minutes is the method the trial used; no dosing advice follows from it.

For a patient with a slow pulse and a beta-blocker drop, other types of glaucoma drops exist, and the choice belongs with the eye team.",1546,G142.png,"Diagram: timolol eye drop, enters the bloodstream, can act like a beta-blocker tablet. Notes on a case report of heart rate 29 in a man aged 62, a 21-adult study of pressing the eye corner for 5 minutes, and that case reports do not show how often.",Sources: https://doi.org/10.1186/s40360-019-0370-2 | https://doi.org/10.1111/ceo.13642
G143,C14,practitioners,What gets counted,"Testing everyone's eyesight at a health check did not leave people aged 75 and over seeing better 3 to 5 years later than testing only some of them.

That was the result of a UK cluster randomised trial of 4,340 people aged 75 and over in 20 general practices. It compared testing everyone with a check that tested only some people, those with health problems. The two groups did not differ clearly in how many had poor sight in either eye, or in scores on a questionnaire about everyday vision. The comparison was universal versus targeted screening, not screening versus none.

A Cochrane review of 10 trials in 10,608 people aged 65 and over, living independently, found the same: community screening did not improve vision. The reviewers thought the most likely reason was that people often did not take up the treatment offered after screening, while many people who were not screened appeared to seek help themselves. Those reasons are the reviewers' interpretation, not a tested finding. They suggested that future trials include more dependent people.

The trials tested screening. They did not test glasses or cataract surgery themselves.

Finding a problem helps only if treatment follows. We should judge any programme to find sight problems by whether sight gets corrected, not by how many people were tested or referred. We should also make the step from test to glasses or surgery easy to take.",1408,G143.png,"Illustrative six-step flow from tested to sees better, with the last three steps dashed as where screening can fail. Boxes summarise a UK trial of 4,340 people aged 75 and over and a Cochrane review of 10 trials, 10,608 people.",Sources: https://doi.org/10.1136/bmj.327.7422.1027 | https://doi.org/10.1002/14651858.CD001054.pub3
G144,C14,public,Ask this,"After your first cataract operation, the two eyes can end up needing very different glasses. The doctor's word for this is anisometropia, a big difference between the two eyes in the strength of glasses needed.

How common is it? In one Belfast waiting list in 2020, about 1 in 3 of the 179 people waiting for their first eye (32 in 100) were estimated to be at risk of this troublesome imbalance after the operation. That is an estimate of risk in one clinic sample, not a count of people who had symptoms.

A systematic review found moderate evidence that second-eye surgery improved depth perception and the imbalance between the eyes, over and above the benefit of the first operation.

A trial included 239 women over 70 with one cataract still to be done. Those who had the second eye done within about 4 weeks, rather than after about 12 months, saw better and felt more confident. The trial included only women.

More women fell at least once after earlier surgery (40 in 100, against 34 in 100 of those who waited). The total number of falls was lower after earlier surgery. Both differences were too uncertain to be sure of a real effect.

The studies do not say what to do with your glasses in the meantime, and the answer depends on you and your eye team. So ask before surgery:

What should I do about my glasses until the second eye is done?",1355,G144.png,"Timeline from before surgery, first eye done, to second eye done, with a hatched gap and glasses with unequal lenses. About 1 in 3 of 179 in one Belfast list at risk; trial of 239 women over 70. Question to ask about glasses.",Sources: https://doi.org/10.1093/ageing/afj005 | https://pubmed.ncbi.nlm.nih.gov/35169334/ | https://doi.org/10.1016/j.jcrs.2013.08.033
G145,C14,practitioners,Teaching round,"A person who mishears the word list in a memory test scores as if they forgot it.

Cognitive screening tests are delivered by voice and on paper, so hearing and sight are part of the test. A study of 301 community-dwelling older adults, mean age 71, compared pass rates on the Montreal Cognitive Assessment (MoCA). More people with normal hearing and vision passed than people with sensory loss. This held after scores were adjusted for items they could not hear or see. That is an association, and it could also reflect real differences in thinking.

Two small studies in adults with hearing loss found that amplification did not change the total MoCA score; in one of them it helped word recall. The authors of the other study said this should not be taken to mean amplification is unnecessary.

So set the test up, and write down what you did:

1. Hearing aids in and working.
2. Glasses on and clean.
3. A quiet room.
4. A personal amplifier if needed.
5. Large print for written items.
6. Record the adaptations with the score.

The checklist is our practical suggestion. Recording the adaptations tells the next reader how to interpret the score.",1152,G145.png,"Checklist before a cognitive test: hearing aids in, glasses on, quiet room, amplifier, large print, and record adaptations with the score. Notes: 301 older adults with hearing or sight loss passed the MoCA less often; amplification did not change total scores.",Sources: https://doi.org/10.1080/13825585.2014.968084 | https://doi.org/10.1159/000500777 | https://doi.org/10.3766/jaaa.17044
G146,C14,both,Who gets left out,"Wax can block an ear enough to dull hearing, and for some people the fix is hard to get.

In small studies of care home residents, wax needing removal was found in more than half. A study followed 29 people over 65 newly admitted to a US skilled nursing facility. After wax removal, hearing improved in 80 in 100 ears with impacted wax (wax that blocks the ear canal), and in 3 in 100 ears without it. In a study of 51 residents of two care homes in Perth, Australia, 57 in 100 had wax needing removal. These are small studies, not national figures.

The 2017 US ENT guideline also says to check the ears of hearing aid users for wax.

Access to wax removal varies. In England, NICE (the national guidance body) says wax removal should be done in primary care, such as the GP practice. A 2020 article by a GP described practices as not obliged to provide it unless the local health service paid for it, so funding varied from area to area. That description dates from 2020, and local arrangements may have changed since. The article noted that people referred to hospital for microsuction, removal with a suction device, can find it hard to get there, especially if they have mobility problems and rely on carers or hospital transport.

People who struggle to travel or to pay should be able to get wax removed. Care home residents and hearing aid users are two groups in which wax is worth looking for.

If you or someone you care for is told the practice no longer removes wax, ask where NHS wax removal is provided locally.",1526,G146.png,"Care home scene: an older woman in a wheelchair with a hearing aid, a care worker kneeling beside her, a telephone on a table, with four numbered markers. Key: wax in over half of residents in small studies, guideline advice, uneven access in England, ask your practice.",Sources: https://doi.org/10.3399/bjgpopen20X101064 | https://doi.org/10.1136/bmj.n2077 | https://doi.org/10.1186/s12875-026-03325-2 | https://pubmed.ncbi.nlm.nih.gov/12807656/ | https://doi.org/10.1111/ajag.12736
G147,C14,practitioners,Teaching round,"Temporal artery ultrasound picked up giant cell arteritis in about 73 in 100 people who had it before steroids, and in about 53 in 100 after 10 days of steroids.

That comes from a small prospective study in Denmark of 48 people with newly diagnosed disease. The 95% confidence interval was 58 to 85 in 100 before steroids and 38 to 68 in 100 after. Ultrasound of all vessels fell less, from 94 to 83 in 100, and that fall was not clearly different from chance. The authors advise ultrasound as soon as possible after starting treatment, preferably within 3 days.

European (EULAR) recommendations say that high-dose glucocorticoid, 40 to 60 mg a day of prednisone or equivalent, should be started immediately in active giant cell arteritis, and that the diagnosis should be confirmed by imaging or biopsy.

The reason for the hurry is sight. Permanent visual loss is the main short-term complication. Treatment does not remove the risk completely: in one French centre, 11 of 502 patients (2.2 in 100) had new permanent sight loss after starting steroids.

Some people have a vague or unusual story. A systematic review of case reports covered 746 people with biopsy-proven disease and at least one unusual feature (median age 72). People who had only unusual features waited longer for treatment to start. Across all 746, the unusual features reported most often were vertigo, scalp ulceration and dry cough. Case reports show that such presentations exist and are linked with delay. They do not show how common they are. The authors advise checking inflammatory markers early in unexplained illness.

In practice (point 1 is EULAR; points 2 to 4 are our reading of the studies above):

1. In active giant cell arteritis, start high-dose steroid immediately.
2. Arrange ultrasound or biopsy promptly, and start treatment without waiting for the slot.
3. Keep sight loss in mind: it can be permanent.
4. In an older person with unexplained illness and unusual features, check inflammatory markers early.",2004,G147_1.png | G147_2.png,"Flow for active giant cell arteritis: start high-dose steroid at once, confirm by scan or biopsy, early ultrasound within 3 days. Sight loss can be permanent. A note marks our view as ours, not EULAR wording. || Bar chart from a Danish study of 48 people: temporal artery ultrasound sensitivity 73 in 100 before steroids and 53 in 100 after 10 days, with confidence intervals 58 to 85 and 38 to 68. Small single-centre study.",Sources: https://doi.org/10.1093/rheumatology/keae551 | https://doi.org/10.1136/annrheumdis-2019-215672 | https://doi.org/10.1007/s11606-024-09141-7
G148,C15,practitioners,Teaching round,"A temperature of 37.5°C scores 0 on NEWS2 (National Early Warning Score 2), a bedside score built from six measurements. So does every reading from 36.1°C to 38.0°C. A temperature has to reach 38.1°C to score 1 point.

US infection guidance for older people living in care homes counts three things as a fever. First, one oral reading above 37.8°C. Second, repeated oral readings above 37.2°C. Third, any reading more than 1.1°C above the person's usual temperature (ear, mouth or armpit).

Illustrative example: if someone's usual temperature is 36.0°C, a reading of 37.5°C scores nothing on NEWS2, yet it is 1.5°C above their usual, which that guidance would count as a fever.

Many older people with a serious infection do not develop a typical fever. US care home guidance says typical fever is absent in more than half of residents with serious infection. An earlier review put fever as absent or blunted in 20 to 30 in 100 older people with infection. The estimates differ: one describes care home residents, the other older people in general.

In one emergency department study in Taiwan of adults with a blood infection, those without a fever were older, and more of them died within 30 days (45 in 100 versus 12 in 100). That was one hospital, all adult ages, and a crude comparison. These figures show a link. They do not show that the missing fever caused the deaths.

NEWS2 has no adjustment for age. Its developers say a low score should never override a professional's or carer's concern. Temperature is one of its six measurements, and the total score is what triggers escalation.

Limits: the care home rule was written for residents whose usual readings may be recorded. In an emergency department the usual temperature may not be known, and we found no study testing whether the rule improves detection there.

If you can, find the person's usual temperature: care home charts and earlier hospital records may have it. Then compare, and keep looking for infection if a reading looks normal or the score is low.",2028,G148.png,"Two vertical temperature scales from 34 to 40 degrees C. Left: NEWS2 points, with 36.1 to 38.0 scoring 0 (hatched). Right, an illustrative person with usual 36.0 and reading 37.5, a 1.5 degree rise bracketed in orange and a dashed line at 37.1 for the care home fever rule. A reading of 37.5 scores 0 yet is a rise for this person.",Sources: https://doi.org/10.1086/595683 (IDSA guideline abstract) https://doi.org/10.1086/667743 (revised McGeer criteria) https://doi.org/10.1016/j.resplu.2020.100020 (NEWS2 chart) https://doi.org/10.7861/clinmed.2022-0426 (NEWS2 and the older person) https://doi.org/10.1086/313896 (fever in older people) https://doi.org/10.1016/j.diagmicrobio.2016.08.020 (blood infection without fever)
G149,C15,practitioners,"Small detail, real effect","In 43 US hospitals, 2 in 3 adults with pneumonia on general medical wards got more days of antibiotics than the authors judged necessary. Their median age was 70, and intensive care patients were not included. ""Necessary"" meant the shortest effective course set from guidelines: at least 5 days for pneumonia acquired outside hospital, longer if the person was slow to stabilise, with a day of leeway.

Almost all the extra days, 93 in every 100, came from antibiotics prescribed at discharge.

Only 1 in 3 discharge summaries said how many days of antibiotic in total. When the total was written down, patients got fewer extra days (about 2.3 versus 2.9 each, on average, after adjustment). This is an observational link. Careful prescribers may document more, and the study did not test writing a stop date as an intervention.

People who got extra days did not do better: they had no fewer deaths, readmissions or return visits. Among the 6 in 10 patients reached by phone, about 5 in 100 on too-long courses reported side effects, mostly diarrhoea and stomach upset, against about 2 in 100 on the right length. Extra days were not linked with more C. difficile infection.

The study included adults of all ages, not only older people.

A separate French trial included adults admitted with pneumonia (median age 73) who were stable after 3 days. Stopping antibiotics then worked about as well as continuing to day 8: cure at day 15 was 77 in 100 after stopping at day 3, against 68 in 100 after continuing to day 8. The trial allowed for a gap of up to 10 in 100 between the groups. That applied to people who were stable, not in intensive care, on one antibiotic regimen.

We should put three things on every discharge antibiotic:

1. The planned last day as a calendar date.
2. The total course length.
3. Who reviews it if the person is not better.",1855,G149.png,"Headline: 93 in 100 extra antibiotic days came from the discharge prescription (pneumonia, 43 US hospitals, 6,481 adults). Only 1 in 3 discharge summaries gave total days. An illustrative calendar marks start day, planned last day and hatched extra days. Line A reads Amoxicillin, continue; line B gives dose, last date and total 5 days.","Sources: https://doi.org/10.7326/M18-3640 (Vaughn 2019, Annals of Internal Medicine) https://doi.org/10.1016/S0140-6736(21)00313-5 (French 3-day trial)"
G150,C15,practitioners,Teaching round,"By 2013, the commonest cause of major trauma recorded in the national trauma registry for England and Wales was a fall from less than 2 metres: 39 in 100 cases. In 1990 it was road collisions: 59 in 100 cases. In the national trauma registry, the average age of people with major trauma rose from 36 to 54 over those 23 years, and by 2013 about 1 in 4 were over 75.

Two cautions. The figures stop in 2013 and should not be read as current. Some of the shift may reflect changes in which hospitals submitted data and a rise in CT scanning (from 34 to 87 in 100 cases), which finds more injuries.

Three further findings are about injury in older people. Each has limits, and only the bleeding estimate concerns people who fell.

Rib fractures first. This was one US trauma centre, and the injuries came from any blunt chest injury. People aged 65 or over admitted with rib fractures died in hospital more often than younger adults with similar injuries (22 in 100 versus 10 in 100) and got pneumonia more often (31 in 100 versus 17 in 100). Each extra broken rib was linked with higher odds of death. The data were published in 2000.

Head injury: across studies, about 1 in 20 people aged 65 or over who came to an emergency department after a fall had bleeding inside the skull. Studies varied in who was scanned, and most were at high risk of bias.

Triage: reviews of ambulance triage rules, mostly from North America, find they miss serious injury in older people more often than across all ages combined. Whether that changes outcomes is still uncertain.

A low fall can still cause serious injury in an older person. These findings do not say that every low fall needs a trauma call. We should look for head and chest injury after a low fall, and judge by the injury and the person.",1789,G150_1.png | G150_2.png,"Card 1: 1990 versus 2013 in England and Wales major trauma. 1990: road collisions 59 in 100 cases, average age 36. 2013: falls from under 2 metres 39 in 100, average age 54. A person icon grid shows 27 of 100 filled for about 1 in 4 cases over 75. Reporting and CT scanning may explain some change. || Card 2: bar chart per 100 people, one US trauma centre. Died: aged 65 and over 22, 18 to 64 10. Pneumonia: 31 versus 17. Crude figures. Judgement: look for head and chest injury after a low fall.","Sources: https://doi.org/10.1136/emermed-2015-205265 (TARN registry, Kehoe 2015) https://doi.org/10.1097/00005373-200006000-00007 (rib fractures) https://doi.org/10.1016/j.injury.2019.12.036 (bleeding after falls) https://doi.org/10.1007/s41999-021-00512-5 (under-triage review)"
G151,C15,both,Reading the evidence,"People in England who waited longer for a hospital bed after arriving at a major emergency department were more likely to die within 30 days.

The study covered 5,249,891 people admitted from these departments between April 2016 and March 2018. It was not limited to older people. About 9 in 100 died within 30 days. Between 5 and 12 hours after arrival (where reliable timing data stopped), the longer the wait, the higher the chance of dying within 30 days, compared with the number of deaths the researchers' model expected.

The authors estimated 1 extra death for every 82 people whose move to a ward bed was delayed beyond 6 to 8 hours. That is their estimate from comparing observed deaths with the deaths their model expected. It is a link in observational data. It does not show that the wait caused each death.

The model allowed for age, sex, how socially disadvantaged people were, long-term conditions, time of day, month, earlier visits and how crowded the department was. It did not include a measure of how ill each person was on arrival, so sicker patients may differ in ways it did not capture.

A separate study looked at older people. In one large English emergency department in 2019, 79 in 100 visits by people aged 85 or over lasted 4 hours or more. For adults aged 18 to 64 it was 44 in 100. These count visits, not people, and longer stays may partly reflect more tests and assessment, not only waiting for a bed.

Evidence for spending the night in the department is mixed. Among people aged 75 or over, more of those who stayed overnight in France died in hospital (about 16 in 100, against 11 in 100 for those on a ward before midnight). A similar Spanish study did not find a clear difference (about 11 in 100 against 10 in 100).

When you see '1 extra death in 82', ask what it was compared with, and what was allowed for.",1852,G151_1.png | G151_2.png | G151_3.png,"Card 1: over 5 million people admitted in England 2016 to 2018; from 5 to 12 hours of waiting the longer the wait the higher the 30-day death risk, a link not proof of cause. About 9 in 100 died within 30 days. An arrow runs from 5 hours to 12 hours. || Card 2: the 1 extra death in 82 estimate allowed for age, sex, deprivation, long-term conditions, time, month, earlier visits and crowding, but not how ill each person was on arrival. || Card 3: bar chart of visits lasting 4 hours or more in one English department in 2019, per 100 visits: 44 aged 18 to 64, 63 aged 65 to 74, 71 aged 75 to 84, 79 aged 85 and over.","Sources: https://doi.org/10.1136/emermed-2021-211572 (Jones 2022, England) https://doi.org/10.1007/s40520-022-02226-5 (Nottingham, age and length of stay) https://doi.org/10.1001/jamainternmed.2023.5961 (France, overnight stays) https://doi.org/10.1007/s11739-024-03660-1 (Spain, overnight stays)"
G152,C15,both,Weighing it up,"A UK trial tested treating unwell older people at home instead of admitting them to hospital. The trial ran in nine sites and included 1,055 older people, average age 83. They were unwell but medically stable and had been referred for emergency admission, mostly from short-stay acute medical assessment units. They were assigned by chance: two thirds to a hospital-at-home team, who treated them at home with a comprehensive geriatric assessment (a full assessment of health, medicines, mood and support by a specialist team). The rest were admitted to hospital.

Six months later, about 79 in 100 treated at home and 75 in 100 admitted were living at home. The trial did not show a clear difference: a gap of about 3 in 100 could be due to chance.

About 17 in 100 treated at home and 18 in 100 admitted had died by six months. Again, no clear difference. The trial was not built to show that deaths were the same in both groups, so this figure is uncertain.

About 6 in 100 treated at home and 9 in 100 admitted had moved into long-term residential care by six months. This was not the trial's main question, so treat it as less certain.

These were selected, stable people, so the results apply to them and not to everyone referred for admission. The trial summary gives no finding about family carers.

As a judgement: for people who qualify, home treatment with a specialist team is an option to consider alongside admission. The choice should include what the person wants and what the household can manage. We should ask what care at home would involve for the family, day and night, before deciding.",1608,G152.png,"Bar chart per 100 people, six months after UK trial of treatment at home versus admission in 1,055 older people, average age 83. Living at home about 79 versus 75; died about 17 versus 18 (no clear difference in either); long-term residential care about 6 versus 9 (secondary outcome). Applies to selected people.","Source: https://doi.org/10.7326/M20-5688 (Shepperd et al., Annals of Internal Medicine 2021)"
G153,C15,public,Weighing it up,"Treated in the care home, about 10 in 100 residents with a chest infection such as pneumonia (an infection of the lungs) went to hospital in a Canadian trial. With usual care it was 22 in 100. That is 12 fewer in every 100.

The trial ran in 22 nursing homes in Ontario between 2001 and 2005. It included 680 residents aged 65 or over with a chest infection, including pneumonia. It compared treating residents in the home with a set plan of care against usual care.

Home treatment meant antibiotic tablets, chest X-rays taken in the home, oxygen level checks, fluids, and close checks by a research nurse.

About 8 in 100 treated in the home and 9 in 100 with usual care died. The trial did not show a clear difference in deaths, quality of life or everyday functioning. The deaths figure is uncertain: the trial could not rule out more deaths, or fewer, in either group.

The limits are real. It is a single trial, now old, run in one Canadian region. The close monitoring came from a research nurse. Whether the same approach works in homes without that monitoring is a judgement, not a finding. The decision also depends on how unwell the person is, what they want, and what the home can provide.

If you or a relative live in a care home, ask what care is possible there if you become unwell, and say what you would want. We should have that conversation before an illness starts.",1386,G153_1.png | G153_2.png,"Card 1: illustrative care home room. A grey-haired Black man sits propped up in a hospital bed; a nurse kneels beside him holding his hand, a finger oxygen clip on his hand, a portable X-ray stand at the left, tablets, jug and glass on the bedside locker. Five numbered pins match the list of treatment components. || Card 2: bars per 100 residents, Canadian trial of 680 residents. Went to hospital 10 with home treatment versus 22 with usual care; died about 8 versus about 9, no clear difference.","Source: https://doi.org/10.1001/jama.295.21.2503 (Loeb et al., JAMA 2006)"
G154,C15,both,Who gets left out,"In an inquiry into 247 deaths in south-west England in 2010 to 2012, the typical (median) age at death was 13 years lower for men with a learning disability than for men in the general population, and 20 years lower for women. The median age was 65 for men against 78, and 63 for women against 83. The inquiry is regional and over a decade old.

About 37 in 100 of these deaths were from causes that good health care can usually treat, against 13 in 100 in the general population. Problems found more often included care not being adjusted as needs changed, and carers not feeling listened to. These are judgements made by review panels.

More recent national data point the same way. In England in 2021 to 2023, adults with a mild or moderate learning disability died at a median age of 65, and those with a severe or profound learning disability at 58, against 82 in the general population. These figures cover deaths that were reviewed, not every death.

Liaison nurses (nurses who specialise in learning disability): 4,742 adults with a learning disability died in English general hospitals between 2016 and 2021 and had their deaths reviewed. About 1 in 3 had input from a liaison nurse. When a nurse was involved, care was more often adjusted to the person's needs. That is an association, and there was no difference in the overall quality rating.

Five studies of adults' own experiences were reviewed. In two, hospital passports (a record of the person's needs) and liaison nurses were reported to improve the hospital experience.

Hospitals should change how they care for the person to fit their needs (reasonable adjustments). If you support someone with a learning disability going into hospital:

1. Ask for the learning disability liaison nurse or team.
2. Bring or ask for the hospital passport.
3. Say who knows the person best, and ask staff to listen to them.",1878,G154_1.png | G154_2.png,"Card 1: median age at death in a south-west England learning disability inquiry of 247 deaths in 2010 to 2012. Men 65 versus 78 in the general population, 13 years lower; women 63 versus 83, 20 years lower. About 37 in 100 deaths were from treatable causes versus 13 in 100. || Card 2: three things to ask for on going into hospital: the learning disability liaison nurse or team, the hospital passport, and the person who knows them best, listened to. About 1 in 3 reviewed hospital deaths had liaison nurse input.","Sources: https://doi.org/10.1016/S0140-6736(13)62026-7 (Confidential Inquiry, Heslop 2014) https://doi.org/10.1371/journal.pmed.1005029 (England 2021 to 2023) https://doi.org/10.1136/bmjopen-2023-077124 (liaison nurses) https://doi.org/10.1111/hsc.13253 (people's experiences)"
G155,C15,public,"Small detail, real effect","A long wait on a trolley or chair in the emergency department (A&E) still needs the basics. If you are with an older person, you can ask kindly and specifically:

1. Are they allowed to drink?
2. Can they be helped to the toilet?
3. When are their usual medicines due?
4. Can they be helped to change position?

These four requests come from judgement about basic care. No trial is cited for them.

Pressure sores: in one French emergency department, about 5 in 100 patients developed a new pressure sore during a stay that averaged 9 hours. Among people over 75 it was about 16 in 100. Most were stage I, the earliest stage (reddened skin that is still unbroken), mostly on the heels and the base of the spine. It was one centre, over two weeks in 2010, and many patients were excluded for missing data. A longer stay was linked with new sores in the raw figures, but not after allowing for other differences between patients. So the study does not show that longer waits raise the risk by themselves. It did not test repositioning.

Older people's visits tend to last longer. At one large English emergency department in 2019, about 44 in 100 visits by adults aged 18 to 64 lasted 4 hours or more, against about 71 in 100 for people aged 75 to 84 and about 79 in 100 for people aged 85 or over. These count visits, not people, and longer stays may partly reflect more tests and assessment, not only waiting for a bed.

For some medicines, such as Parkinson's drugs, the timing of each dose is important. In one Dublin hospital, about half of Parkinson's doses were given more than 30 minutes late. In hospitals in the Basque Country, Spain, missed Parkinson's doses were linked with longer stays and more deaths in hospital. Those were ward patients, not people waiting in an emergency department, and the studies cover Parkinson's medicines only.

Ask for these four things early, and ask again if the wait goes on.",1918,G155_1.png | G155_2.png,"Card 1: illustrative emergency department bay. An older woman with white hair lies propped on a trolley under a plum blanket; her son sits beside her holding a cup of water. Four pins mark the cup, the door to the toilet, her medicines bag and her heels, matching four questions on basic care. This is judgement, not a trial finding. || Card 2: two person icon grids per 100 patients, one French emergency department, June 2010. New pressure sores: about 5 in 100 of all patients, about 16 in 100 of those over 75. Mostly early stage, on heels and base of spine.","Sources: https://doi.org/10.1111/j.1742-481X.2012.01103.x (pressure sores in an emergency department) https://doi.org/10.1007/s40520-022-02226-5 (age and length of stay) https://doi.org/10.1002/mdc3.13408 (Parkinson's doses, Dublin) https://doi.org/10.1016/j.parkreldis.2016.12.028 (Parkinson's doses, Spain)"
G156,C15,public,Care that works,"When someone who is dying wants to go home, ask the ward to start every part of the discharge today, and ask what each part is waiting for.

Going home involves several separate tasks. Equipment such as a bed or commode has to reach the house. Medicines for symptoms have to be there. Paperwork has to be finished, transport arranged, and the community teams told. A delay in any one can stop the person getting home.

Two hospital improvement projects, one in England and one in Singapore, found that delays included getting equipment and medicines to the home, poor communication between teams, and paperwork. Both were single-site projects without a control group, so they show what held discharge up in those hospitals, not a ranking of causes everywhere.

A person may die before the discharge can happen. In the English project, in Somerset, 10 in 104 people referred to an end-of-life discharge team died before they could leave. For the 94 who did get home, the middle (median) wait to discharge was 1 day, and they survived a median of 9 days after discharge. In the Singapore project, 59 of 61 rapid discharges in the final year got the person home. In the other 2, the person died in hospital after delays in equipment and paperwork. A further 19 requests that year did not go ahead. In 10, the person got worse very quickly. In 7, the family changed their mind. In 2, the person was medically unsuitable. The project excluded these from its success rate. These are single-hospital figures, not UK rates.

National guidance for England covers planning symptom medicines in advance for the last days of life, so they are available at home.

No study compared starting everything on the same day with starting in turn, so this is a reasonable request rather than a finding. Asking for one named person to coordinate is also a judgement. We should ask for both, and be told openly that the person may die before leaving.",1928,G156.png,"Diagram: five teal lanes start together at a line marked Today and run to a house marked Home: equipment at the house, medicines for symptoms, paperwork, transport, and teams told. A bracket and figure show one named person coordinates. Marked as a reasonable request, not a tested finding.",Sources: https://doi.org/10.1136/bmjoq-2023-002666 (Singapore project) https://doi.org/10.1136/bmjoq-2024-002790 (Somerset project) https://doi.org/10.7861/clinmedicine.16-3-254 (care in the last days of life)
G157,C16,practitioners,Teaching round,"Before a medicine goes into someone's food or drink, ask whether they still need it.

Giving medicines hidden in food or drink is called covert administration. It is a decision made about a person who may not be able to decide for themselves.

A Norwegian study followed 1,926 nursing home residents. In one week, medicines were hidden in food or drink at least once for about 1 in 9 residents in regular units and 1 in 6 in dementia units. The practice was written in the record in only 4 in 10 cases. The data were published in 2005 and are from Norway, so UK figures may differ.

A sequence we suggest, as professional judgement:

1. Ask whether each medicine is still needed. Stopping one that no longer helps means fewer medicines to hide.
2. Assess and document the person's capacity for this decision.
3. Record a best-interests decision, made with the prescriber and the family.
4. Ask a pharmacist how each medicine can be given.
5. Write the plan in the care record, with a date to review it.

On step 4: a pharmacist-developed checklist for judging whether a tablet can be crushed or mixed into food asks about special coating, modified release (made to release slowly) and taste. Ask about each medicine rather than assuming one answer for all of them.

Before you hide any medicine in food or drink, check the law and guidance where you work, and ask again whether the person still needs it.",1404,G157.png,"Checklist of five checks before a medicine is hidden in food or drink: is each medicine needed, capacity assessed, best-interests decision recorded, pharmacist advice, and a plan with a review date. A strip notes older Norwegian data: 1 in 9 and 1 in 6 residents, recorded in 4 in 10 cases.","Sources: Kirkevold and Engedal, BMJ 2005 https://doi.org/10.1136/bmj.38268.579097.55 | Tan et al, BMJ Open 2022 https://doi.org/10.1136/bmjopen-2022-061774"
G158,C16,practitioners,Teaching round,"If the GP repeat list isn't updated after a hospital stay, a stopped medicine can come back in the next monthly supply.

One way it can happen, as an illustrative sequence and not a measured frequency: the hospital stops a tablet and says so in the discharge letter. The care home or the person at home updates their medicines chart. The GP repeat list stays the same. The next monthly order is placed from the repeat list, and the new supply arrives with the stopped tablet in it.

What has been measured is wider. A systematic review of 54 studies of people discharged from hospital to community settings found that, for adults, the median rate of unintended medicine discrepancies after discharge was 50% across 11 studies. The middle half of those studies reported between 39 and 76 in 100, so the spread is wide. Studies defined discrepancies differently, and the review was not limited to care homes. It did not measure the repeat-list route described above.

At each handover the list can differ from the plan: hospital to home, home to GP, GP to pharmacy.

We should name one person (for example the practice pharmacist) to check the repeat list and the next pharmacy order within days of the discharge letter arriving.",1227,G158.png,"Diagram of how a stopped medicine can return. Without a check, a hospital stops a tablet but the GP repeat list stays unchanged and the next supply includes it. With a named person, the repeat list is updated and the supply matches the discharge letter. Review: about half of adults had a discrepancy.","Source: Alqenae et al, Drug Saf 2020 https://doi.org/10.1007/s40264-020-00918-3"
G159,C16,practitioners,Reading the evidence,"'Potentially avoidable' is a label put on emergency admissions using lists of diagnosis codes. A code-based count gives no verdict on whether one resident should have gone to hospital.

How the label works. Admissions are sorted by their diagnosis codes into those on a list of 'ambulatory care sensitive' conditions (the technical name for the list of diagnosis codes behind the label) and those not on it. The lists vary. In an analysis of all emergency admissions in England in 2005/6, the most commonly used NHS list contained 19 of the 36 conditions found in the research literature. The choice of list changed the proportion of admissions counted. That study covered all emergency admissions, not care homes specifically.

How it is used. 'Potentially avoidable emergency admissions' is an outcome in evaluations of support for care homes, for example in a matched cohort study in Rushcliffe, England.

What the 2023 NIHR systematic review noted. The review of ways to reduce unplanned care home admissions described such admissions as 'often necessary' (the authors' framing, not a measured finding). It found that advance care planning was key to the success of most quality improvement programmes, but do-not-hospitalise orders were problematic. The evidence in the review was mostly of low quality.

Our judgement: the count is used to compare services. We should not use it to argue against sending an individual resident to hospital when they need and want it. For any one case, three questions help: could the illness have been prevented, could it have been treated in the home, and what did the person want?",1621,G159.png,"Flow diagram: emergency admissions from a care home are sorted by a list of diagnosis codes into on the list or not. A panel gives three questions for one resident: preventable, treatable at home, what the person wanted. The most used NHS list has 19 of 36 conditions.","Sources: Purdy et al, Public Health 2009 https://doi.org/10.1016/j.puhe.2008.11.001 | Lloyd et al, BMJ Qual Saf 2019 https://doi.org/10.1136/bmjqs-2018-009130 | Chambers et al, Health Soc Care Deliv Res 2023 https://doi.org/10.3310/KLPW6338"
G160,C16,public,Reading the evidence,"About 26 in every 100 people aged 65 and over living in care homes in England and Wales died within a year. About 74 in 100 were still alive a year later. These figures come from 2009 data.

The study followed 9,772 care home residents aged 65 to 104 for one year. They were people already living in a home on one date. They were not counted from the day they moved in, so these figures do not show survival from the day someone moves in.

After allowing for differences in age and sex, death rates were higher in nursing homes than in residential homes. This study can't show whether the type of home affects how long people live: residents of the two kinds of home may differ in how unwell they are.

A group figure tells you about a group. It can't tell you how long one person will live. If you see a median survival figure, it is the point where half the group lived longer and half lived for a shorter time.

If you are asking about someone you love, ask their doctor: what do you expect for this person, and what would change that?",1038,G160.png,"Grid of 100 person icons: 74 solid teal marked alive a year later, 26 hatched orange marked died within a year. England and Wales, 2009, 9,772 care home residents aged 65 to 104. Text says a group figure does not predict one person and suggests asking the doctor.","Source: Shah et al, Age Ageing 2013 https://doi.org/10.1093/ageing/afs174"
G161,C16,both,Ask this,"Reablement is short-term help at home, usually lasting weeks rather than months, to help you do everyday things for yourself again. It works towards goals set with you.

If you or someone you love is offered it after an illness or a hospital stay, this is what the evidence shows so far.

A 2016 Cochrane review (a careful summary of all the trials found on a question) found only 2 trials (811 people) and was very uncertain whether reablement helps more than usual home care. The evidence was of very low quality for all outcomes.

One of those two trials was a small Norwegian trial of 61 people. Those offered 10 weeks of reablement rated their own performance of the activities they had chosen about 1.5 points higher on a 10-point scale than people given usual care. This held at 3 months and at 9 months. The trial did not show a clear difference in physical capacity or quality of life.

A 2026 review of home rehabilitation trials combined the results of the programmes built on reablement. It did not show a clear difference in chosen daily activities or physical performance. The certainty of the evidence was low to very low, and few people were included in the combined results (291 for chosen activities, 555 for physical performance). The small trial's benefit for chosen activities is therefore not firm. This is a gap in the evidence, and we do not know whether reablement helps more than usual care.

Our judgement is that reablement should be offered with clear personal goals and reviewed against them. If it is offered to you, ask:

1. Which goals will the help work on?
2. How long will it last?
3. Is there any charge?
4. When will it be reviewed, and what happens at the end?",1699,G161.png,"Kitchen scene: an older woman with a rollator fills a kettle herself while a care worker stands beside her, watching. Numbered pins mark the kettle, a wall clock and a notebook, matching three questions: goals, how long and any charge, and review. Evidence: few trials, effect uncertain.","Sources: Cochrane review 2016 https://doi.org/10.1002/14651858.CD010825.pub2 | Tuntland et al, BMC Geriatr 2015 https://doi.org/10.1186/s12877-015-0142-9 | Hogstedt et al, BMC Geriatr 2026 https://doi.org/10.1186/s12877-026-07887-9"
G162,C16,practitioners,Teaching round,"Most hours in a week fall outside weekday surgery hours, so write the care plan for the clinician who reads it at 3am.

That reader may be a stranger to the person, working from a screen. In Scotland the Key Information Summary (KIS) is a shared electronic record that out-of-hours and emergency clinicians can see, so a plan written there can reach the person who turns up at night.

A Scottish study looked at 1,304 people who died in 18 general practices in 2017. Of 1,034 with advanced progressive illness, 712 (69%) had a KIS. Among those records, 68% included resuscitation status and 55% included preferred place of care. So about 1 in 3 did not record resuscitation status, and more than 4 in 10 did not record preferred place of care. These were people near the end of life, not all care home or housebound people, and the data are from 2017.

We should write the plan for the reader who has never met the person. A suggested minimum:

1. What to do first if the person becomes unwell.
2. Which treatments they would want and which they would not.
3. Resuscitation status.
4. Preferred place of care.
5. Who to phone.
6. Where the plan is shared, so out-of-hours teams can open it.

This study did not look at care home residents as a group, and it did not count out-of-hours contacts. It shows that key content can be missing from a shared plan. Before you finish a plan, check that an out-of-hours team can open it.",1426,G162.png,"Two illustrative plan cards. Left: a nearly empty entry reading For discussion with family. Right: a card with fields such as what to do if unwell, treatments, resuscitation status, preferred place of care and who to phone. Bars: 68% recorded resuscitation status, 55% place of care, of 712 Scottish records.","Source: Finucane et al, Br J Gen Pract 2019 https://doi.org/10.3399/bjgp19X707117"
G163,C16,practitioners,Teaching round,"Care workers are often in a good position to notice that someone is eating less, sleeping more or seems unlike themselves. A care worker's note that someone is eating less is clinical information.

What happens next depends on how the observation is handed over, and on whether the care worker hears what was decided.

RESTORE2 (Recognise Early Soft Signs, Take Observations, Respond, Escalate) is a UK care home tool for monitoring residents. In a qualitative study of 16 care home staff and 11 primary care clinicians, there was strong support for using it to monitor residents. There were concerns about training, especially for night and temporary staff. That study looked at views, and did not test whether the tool works.

In a US randomised trial across 85 nursing homes (36,717 residents), training and support for the INTERACT tools (a set of tools for staff to flag and respond to a resident getting worse) did not show a clear drop in hospital admissions overall. Fewer potentially avoidable admissions were seen in the trained homes than in the comparison homes, but the difference was not reliable after adjusting for multiple comparisons. The trial tested the training and support, in nursing homes that had not used INTERACT before.

Our judgement is that the useful test of how an observation is handed over is whether the observation leads to a decision, and whether the care worker is told. We should give care workers a structured way to report change, and a named person who must respond and report back.

Who tells your care workers what happened after they raised a concern?",1596,G163.png,"Four-panel illustrated comic, not a real case. A care worker notices a resident eating less, reports it to a nurse in a structured way, the nurse checks and phones the GP, then tells the care worker the decision. A note says INTERACT training did not clearly cut admissions in 85 US nursing homes.","Sources: Kane et al, JAMA Intern Med 2017 https://doi.org/10.1001/jamainternmed.2017.2657 | Wilcox et al, BJGP Open 2023 https://doi.org/10.3399/BJGPO.2023.0014"
G164,C16,public,Who gets left out,"Some housebound people go without routine reviews at their GP practice, and routine care is organised around attending the surgery.

One small study looked at 25 housebound adults aged 60 and over from two Glasgow practices. Of the 25, 23 had missed routine reviews of their long-term conditions since becoming housebound. Between them they had missed 91 reviews. They all had two or more long-term conditions and took five or more regular medicines. It was a small, selected sample and it did not measure how common this is, so it should not be read as a UK figure.

UK researchers describe housebound patients as a group who find it hard to get GP care, have complex needs, and have been little studied. One research team called older housebound people a neglected group in research and clinical care. That is the authors' view, not a measured finding.

If you or someone you care for no longer gets out, tell the practice. Questions to ask:

1. Are they recorded as housebound?
2. Which routine reviews can happen at home?
3. Can the medicines check be done at home?
4. Can vaccines be given at home?

What can be done at home may vary, so ask the practice directly. Practices should plan routine care at home for people who can't get to the surgery.",1253,G164_1.png | G164_2.png,"Grid of 25 house icons: 23 solid teal with hatched marks for housebound people who had missed routine reviews, 2 outline only. A small Glasgow study in two practices that can't show how common this is. || Four questions to ask the practice about housebound people: recorded as housebound, reviews at home, medicines check at home, vaccines at home. What can be done varies by practice.","Sources: Ramos et al, Int J Clin Pharm 2026 https://doi.org/10.1007/s11096-026-02211-2 | Duncan et al, BJGP Open 2026 https://doi.org/10.3399/BJGPO.2025.0234 | Winn et al, BJGP Open 2023 https://doi.org/10.3399/BJGPO.2023.0114"
G165,C17,both,Reading the evidence,"A popular line says loneliness is as harmful as smoking 15 cigarettes a day.

The comparison with smoking appears in a 2010 review that pooled 148 studies of about 309,000 people, followed for 7.5 years on average. People with stronger social relationships were more likely to be alive at the end. A chart in the paper showed that link next to other risk factors, including smoking fewer than 15 cigarettes a day (the slogan says 15). The numbers came from different reviews of different people. The chart did not test the two against each other in the same people.

Most of the studies in the review measured marriage, the size of social networks, the support people had and how involved they were with others. Only 8 of the results it pooled measured loneliness itself.

Later work gives a more careful picture:

1. A 2015 review of studies that allowed for other factors found loneliness linked with a higher chance of dying, about as strongly as social isolation (little contact with others) and living alone.
2. In about 6,500 people aged 52 and over in England, followed for about 7 years, loneliness was no longer linked with death once age, background and health at the start were allowed for. Social isolation still was. That does not show that loneliness has no effect on survival. The result was too uncertain to say either way. The data were compatible with both a slightly lower and a slightly higher risk of dying.
3. Two recent large reviews, one of them of older adults, found that lonely people have a somewhat higher risk of dying during follow-up. In these reviews the link for loneliness was smaller than for isolation and varied a lot between studies.

The reviews differ on how loneliness compares with isolation. All of this compares people as they are, without assigning them, so none of it shows cause.

We should take loneliness seriously because it is painful to live with and lowers quality of life, whatever any cigarette comparison says.

Next time you see the slogan, ask which measure it used and whether that measure was loneliness.",2065,G165_1.png | G165_2.png | G165_3.png,"Text card. The popular claim in quotation marks: loneliness is as harmful as smoking 15 cigarettes a day. Below it: where does the comparison appear? The card says this is a widely repeated claim and not a finding of this post. || Card on what the 2010 review measured: 148 studies, about 309,000 people. Most results measured marriage and living alone, social networks, support and involvement with others. Loneliness: 8 results. The chart set numbers from different reviews beside smoking fewer than 15 cigarettes a day. || Card on about 6,500 people aged 52 and over in England. After allowing for age and health, social isolation was still linked with death and loneliness was not clearly linked. Larger reviews still link loneliness with higher risk of dying. The card says we should still act on loneliness because it is painful.","Sources: https://doi.org/10.1371/journal.pmed.1000316 (2010 review), https://doi.org/10.1073/pnas.1219686110 (English cohort), https://doi.org/10.1177/1745691614568352 (2015 review), https://doi.org/10.1038/s41562-023-01617-6 and https://doi.org/10.1007/s40520-024-02925-1 (recent reviews)"
G166,C17,practitioners,What gets counted,"In Scottish GP records from 2013 to 2016 (550,083 patients), people over 90 were among the most likely to miss appointments repeatedly, even after allowing for how many appointments they had made. So were people living in the most deprived areas. Young adults aged 16 to 30 were also at higher risk, and how a practice ran its appointments contributed too.

In linked Scottish records covering 824,374 patients of all ages, people with more long-term conditions missed more appointments. People who missed appointments were more likely to die in the following 16 months, especially those with long-term mental health conditions. A missed appointment is a risk marker, a sign that something may be wrong. The study does not show that missing it causes death, and the figures cover all ages, not only older people.

A ""did not attend"" entry records the absence and gives no reason. Before an older person is discharged back to the GP for not attending, ask:

1. Did the letter arrive, and could they read it?
2. Could they hear the phone?
3. How would they get there?
4. Who would bring them?
5. Could they afford the fare?
6. Did they remember the date?

These questions are a practical suggestion, not a tested protocol. Our judgement is that for older people, a missed appointment should prompt contact to find the reason before any discharge.",1344,G166.png,"Checklist card: before discharging for non-attendance, ask. Scottish GP records 2013 to 2016: people over 90 and people in the most deprived areas were among the most likely to miss appointments repeatedly. Six questions: letter arrived and readable, hearing the phone, getting there, who would bring them, the fare, remembering the date.","Sources: https://pubmed.ncbi.nlm.nih.gov/29253440/ (repeated non-attendance, Lancet Public Health 2017), https://pubmed.ncbi.nlm.nih.gov/30630493/ (missed appointments and mortality, BMC Medicine 2019)"
G167,C17,both,Care that works,"Callers aged 17 to 23 with about two hours of training lowered loneliness scores in a trial in Texas in 2020. In the trial, people were assigned to calls or no calls by chance.

The 240 people taking part were getting Meals on Wheels at home. They were aged 27 to 101 (about 6 in 10 were 65 or over), more than half lived alone, and all had at least one long-term condition. People with memory or thinking problems were not included.

The 16 callers were mostly university students. They were taught to listen, to let the person choose what to talk about and to ask about the things the person raised. They had no scripts and no therapy training. Each person was assigned to one caller. Calls came every weekday in the first week, then as often as the person chose, between 2 and 5 a week, for 4 weeks.

On a scale of 3 to 9, where higher means lonelier, loneliness scores fell from 6.5 to 5.2 with calls and from 6.5 to 6.3 without, a difference of about 1 point. A second loneliness questionnaire did not show a clear difference. Depression and anxiety scores improved. Physical health scores and the size of people's social networks did not change.

Limits: the trial lasted 4 weeks, in the summer of 2020 during the pandemic. 13 people dropped out of the group that got calls and 1 from the group that did not. The comparison group got no calls, so the trial gives no answer on whether the listening style or simply being called made the difference.

Nobody yet knows whether the benefit lasts once calls stop. A 2024 review of loneliness programmes for older adults found too little evidence to judge telephone programmes as a group. Its searches ended in June 2021.

This is one promising result from one trial. Befriending services could test the same elements: a regular caller, trained to listen, led by what the person wants to talk about.",1849,G167_1.png | G167_2.png,"Four boxes for weeks 1 to 4 of phone calls in a Texas trial of 240 people receiving Meals on Wheels. Week 1: a call every weekday, shown as five phones. Weeks 2 to 4: the person chooses 2 to 5 calls a week. One caller each; callers taught to listen, about 2 hours of training, no scripts. || Bar chart of loneliness scores, scale 3 to 9, higher is lonelier. With calls: 6.5 at start, 5.2 after 4 weeks. No calls: 6.5 at start, 6.3 after 4 weeks. A second questionnaire showed no clear difference. Follow-up was 4 weeks, so long-term effects are unknown.","Sources: https://doi.org/10.1001/jamapsychiatry.2021.0113 (Kahlon et al., JAMA Psychiatry 2021) and https://doi.org/10.1007/s11606-023-08517-5 (review of loneliness interventions, 2024)"
G168,C17,public,Ask this,"After a relative with dementia moved into a care home, carers' depression and anxiety scores stayed about the same on average.

That is from a US study of 1,222 pairs of family carers and relatives with dementia, at 6 sites from 1996 to 2000. In 180 pairs the relative moved into long-term care. After the move, nearly half of those carers were at risk of clinical depression. The effects were strongest in husbands and wives: almost half of spouses visited every day and still helped with their partner's physical care.

We should offer the partner who stays at home their own conversation about how they are managing. That is a judgement. Only a few small trials have looked at support for carers after a care home move, and they did not show clear effects on depression or strain. The study was done in the US and covered carers of people with dementia only. It says nothing about money rules.

Questions you can ask before and after the move:

1. Who will check how I am managing?
2. How does the fees assessment treat our home and my income if I stay in the house?
3. Can any of the pension stay with me?

The fees assessment is the check of what you can afford to pay towards the cost of the care home. Ask whoever carries it out for the answers to questions 2 and 3.",1273,G168.png,"Drawn illustration of an older man with grey hair and glasses at a kitchen table with a notepad and a mug, a walking stick on his chair. Text: when your partner moves into a care home, ask who will check how I am managing, how fees treat our home and income, and whether any pension can stay. US carers were as depressed after the move as before.","Sources: https://doi.org/10.1001/jama.292.8.961 (Schulz et al., JAMA 2004), https://doi.org/10.11124/JBISRIR-2017-003634 (review of support after placement)"
G169,C17,public,"Small detail, real effect","Check on older neighbours who live alone when the weather turns hot.

In the July 1995 Chicago heatwave, researchers compared 339 people who died with 339 matched neighbours who did not. The people most likely to die were those with medical problems who were confined to bed, and those who did not leave home each day. Living on the top floor and living alone were also linked with higher risk. Having friends nearby or group activities, working air conditioning and access to transport were linked with lower risk.

In the August 2003 heatwave in France, a similar study looked at people aged 65 and over living at home. Being unable to get about, living in a poorly insulated home and sleeping on the top floor right under the roof were linked with dying. Dressing lightly and using ways to cool down were linked with surviving.

Both studies compared people who died with others who lived, so they show links and not proof of cause. The French study covered people aged 65 and over living at home; the Chicago abstract gives no age limit. They were done in the United States in 1995 and France in 2003.

Our judgement from these studies is that relatives and neighbours should check daily during a heatwave on older people who live alone or rarely go out, especially those in top-floor flats. They should also help them find ways to cool down.

Who on your street lives alone and rarely goes out? Say hello before the next hot spell.",1436,G169.png,"Drawing of a room with an older woman in a light top sitting in an armchair by a window, and a man standing at the left holding a glass. Six numbered keys: top floor, living alone, not leaving home or confined to bed raised heatwave risk; air conditioning, friends and a way out, light clothing lowered it. Links, not proof.","Sources: https://pubmed.ncbi.nlm.nih.gov/8649494/ (Chicago 1995, NEJM 1996), https://pubmed.ncbi.nlm.nih.gov/17028103/ (France 2003, Eur J Public Health 2006)"
G170,C17,practitioners,Care that works,"All 14 UK studies of welfare rights advice offered in GP surgeries and other health settings reported improved financial security for the people who used it. Welfare rights advice means help to claim the benefits and support a person is entitled to.

That is from a 2022 review of UK studies from 2010 to 2020. Some also reported better mental health, and some people said their physical health improved. Eight of the 14 studies were case studies, and the review rated their quality as generally poor, so neither the money gain nor the health effects are firmly established. That leaves an evidence gap. Weak studies leave open whether advice improves health.

A second 2022 review, of 15 articles on UK free advice services, agreed that advice services are often linked with better mental health and wellbeing. It noted that earlier reviews had described the evidence on health as weak, and that placing advice in health settings looks promising.

Both reviews covered all ages, and the second mainly covered working-age people on low incomes, so neither is a study of older people only.

Our judgement is that health services that see older people on low incomes should offer a route to welfare rights advice, and that better studies should measure the health effects. All 14 studies reported a money gain, but their quality was generally poor, so even that result is not firm.

Does your practice or ward know where to send someone with a money problem?",1456,G170.png,"Two-column card on welfare advice in UK health settings, a 2022 review of studies from 2010 to 2020, all ages. Left: reported in all 14 studies, improved financial security. Right, dashed: not yet measured well; better mental health reported by some, physical health mostly self-reported. Quality was poor; a gap is not evidence of no benefit.","Sources: https://pubmed.ncbi.nlm.nih.gov/35123370/ (Reece et al., Soc Sci Med 2022), https://pubmed.ncbi.nlm.nih.gov/35307896/ (Young and Bates, Health Soc Care Community 2022)"
G171,C17,practitioners,Teaching round,"About 1 in 4 people aged 75 to 85 had been sexually active with a partner in the past year, in a US national survey of 3,005 people aged 57 to 85 (interviewed 2005 to 2006). That was about 4 in 10 men and 1 in 6 women, and women were less likely to have a partner. Among all the sexually active people in the survey (aged 57 to 85), about half had at least one sexual problem that bothered them.

In the same survey, only about 4 in 10 men and 1 in 5 women said they had talked about sex with a doctor since turning 50. The authors noted that both patients and doctors were reluctant to raise it.

Data from England also show a sizeable minority of men and women still sexually active in their 70s and 80s. In the English Longitudinal Study of Ageing (6,201 people aged 50 and over, 2012 to 2013), among those who were sexually active, about 4 in 10 men reported erection problems and about 1 in 3 women reported difficulty with arousal.

Medicines are one reason to ask:

1. Sexual side effects are common with many widely used antidepressants, such as sertraline, citalopram and venlafaxine, and people tend not to mention them unless asked directly. Mirtazapine did not show a clear difference from placebo. These antidepressant data are not specific to older adults.
2. In a blinded trial of five blood pressure tablets in people aged 45 to 69, men on chlorthalidone had more new erection problems over 2 years than men on placebo. About 17 in 100 had a new problem on chlorthalidone compared with 8 in 100 on placebo. The other four medicines did not differ clearly from placebo, and by 4 years the chlorthalidone difference was no longer clear. The trial included people from age 45, so it is not specific to older adults. A new problem should not automatically be blamed on a blood pressure tablet.

We should ask older patients about sex and intimacy, especially when starting or reviewing medicines. Try: ""Has anything changed with sex or intimacy since you started this medicine?""",1990,G171_1.png | G171_2.png,"Bar chart from a US survey of people aged 57 to 85, with headline that about 1 in 4 people aged 75 to 85 were sexually active with a partner in the past year. Talked about sex with a doctor since turning 50: men 38 in 100, women 22 in 100. Self-reported. || Question card: ask, has anything changed with sex or intimacy since you started this medicine? Some antidepressants cause sexual side effects. Blood pressure trial, men 45 to 69, 2 years: new erection problems 17 in 100 on chlorthalidone, 8 in 100 on placebo; other four not clearly different.","Sources: https://doi.org/10.1056/NEJMoa067423 (Lindau et al., NEJM 2007), https://doi.org/10.1007/s10508-014-0465-1 (ELSA, 2016), https://doi.org/10.1097/JCP.0b013e3181a5233f (antidepressants), https://doi.org/10.1161/01.hyp.29.1.8 (blood pressure tablets)"
G172,C18,practitioners,Reading the evidence,"A 1999 study is widely cited as evidence that caring for a spouse harms health. The detail supports a narrower reading.

Schulz and Beach followed 392 spouse carers and 427 non-carers, aged 66 to 96, in four US communities for about 4 years. The higher death rate was seen only in carers who reported mental or emotional strain from caring (adjusted relative risk 1.63, 95% confidence interval 1.00 to 2.65). The lower end of that interval is 1.00, so the finding is borderline.

Carers who reported no strain showed no clear difference from non-carers (relative risk 1.08, 95% confidence interval 0.61 to 1.90).

A 2015 review by Roth, Fredman and Haley then found five later population-based studies in which carers as a whole lived as long as, or longer than, non-carers. The review also notes that most carers report some benefit from caring, and many report little or no strain.

This does not show that caring protects health. These are observational studies, and a 2022 systematic review of 22 studies says the lower mortality may be due to healthier people taking on caring. The same review found that carers still report more depression and anxiety in cross-sectional studies.

Two points follow, both clinical judgement rather than findings. The label of carer does not tell us who needs help first. Reported strain is the more useful signal.

So ask each carer directly whether caring is causing strain, record the answer, and offer support first to those who say yes.",1479,G172.png,"Interval chart of relative risk of death over about 4 years in US spouse carers aged 66 to 96, with non-carers at 1.0. Carers with no strain: 1.08, range 0.61 to 1.90, no clear difference. Carers with strain: 1.63, range 1.00 to 2.65, higher but borderline. Observational; later studies found carers overall lived as long or longer.","Sources: Schulz and Beach, JAMA 1999 https://doi.org/10.1001/jama.282.23.2215 ; Roth et al., Gerontologist 2015 https://doi.org/10.1093/geront/gnu177 ; Janson et al., Int J Environ Res Public Health 2022 https://doi.org/10.3390/ijerph19105864"
G173,C18,both,Reading the evidence,"A review of trials by the Cochrane group found only four trials of respite care for people with dementia and their carers, with 753 people in all. Respite means a planned break for the person giving the care.

The review, published in 2014, rated the evidence as very low quality. The trials were too different to combine. The review found no clear difference between respite and no respite on any measure for carers, and no usable results for the people with dementia themselves. The authors say the result may reflect a lack of good research rather than a lack of benefit. A 2026 search of the main medical research database found no later update from the Cochrane group.

A 2026 review looked at eight studies of respite programmes for carers of people with disability or dementia. Three were randomised trials and five used other designs. It found that respite may be linked with better outcomes for carers. Every one of the eight studies had a flaw that could make its results unreliable, so those findings are preliminary and do not confirm a benefit.

A 2019 review of research based on carers' own accounts describes respite as both a service and a feeling of being rested. A break feels like a real rest when the carer believes the person they care for is benefiting too.

Our judgement, not a finding: we should not withhold breaks because the trials are weak. Having only a few weak trials is a gap in the evidence. It does not show that breaks fail.

To judge a break, ask yourself two questions. Did I get a rest? Did they have a good time, or at least find it tolerable?",1584,G173.png,"Question card headed: after a break, ask two questions. Did you get a rest? Did they have a good time? Respite means a planned break for the person giving the care. A Cochrane review found 4 trials with 753 people, very low quality evidence and no clear benefit or harm; the authors say this may reflect a lack of good research.","Sources: Maayan et al., Cochrane 2014 https://doi.org/10.1002/14651858.CD004396.pub3 ; O'Shea et al., Dementia 2019 https://doi.org/10.1177/1471301217715325 ; Liu et al., Gerontologist 2026 https://doi.org/10.1093/geront/gnag174"
G174,C18,both,What gets counted,"Carers who had a coping programme had fewer symptoms of anxiety and depression over six years. The programme did not show a clear difference in when the person with dementia moved into a care home.

Two trials of programmes for family carers of people with dementia looked at different outcomes in different people.

In the UK START trial, 260 family carers were chosen by chance. Some had an eight-session coping programme and some had usual care. Over six years, and after allowing for other differences between the groups, carers who had the programme scored on average 2 points lower on a 42-point score for anxiety and depression symptoms (a lower score means fewer symptoms). That is a modest difference. Care home admission was not the main thing the trial set out to measure. The trial did not show a clear difference in how soon the person with dementia moved into a care home. The range of results was wide. That is not evidence of no effect.

In a US trial of 406 spouse carers of people with Alzheimer disease, counselling and support was linked with a later nursing home move for the person with the disease. A statistical estimate put the typical delay at about 18 months (557 days).

The two trials differ in people, era and programme, so they should not be compared head to head. Counted only by care home admission, START would show no clear result, although carers' own symptoms were lower.

Our judgement, not a finding: we should judge carer support first by the carer's own health and quality of life. A later care home move is not automatically a better outcome, and an earlier one is not automatically a failure.",1635,G174_1.png | G174_2.png | G174_3.png,"Statement card on dark teal: should carer support be judged by a later care home move? Two trials of programmes for family carers of people with dementia. || Two-column comparison. UK START trial, 260 carers, 8 coping sessions: carers' anxiety and depression lower over 6 years, a modest difference; no clear difference in time to care home move. US trial, 406 spouse carers: later nursing home move, about 18 months by model estimate. Not a head-to-head comparison. || Statement card marked as our judgement: we should judge carer support first by the carer's own health. A later care home move is not automatically a better outcome, and an earlier one is not automatically a failure.","Sources: Livingston et al., START 6-year follow-up, Br J Psychiatry 2020 https://doi.org/10.1192/bjp.2019.160 ; Mittelman et al., Neurology 2006 https://doi.org/10.1212/01.wnl.0000242727.81172.91"
G175,C18,public,Reading the evidence,"In a US study of 217 family carers of people with dementia, 72 in 100 said the person's death was a relief to them.

That followed a long and demanding period of care. Half of the carers had spent at least 46 hours a week helping with daily activities in the year before the death.

On average, within three months of the death, carers had less low mood and loss of interest in things (depressive symptoms), by enough to make a real difference in practice. Within a year, symptoms were substantially lower than while the carers were still caring.

The researchers concluded that intervention and support were needed most before the death.

Three limits. The carers took part in a US trial, so they may not describe all carers. Relief was self-reported. The figures are group averages, and some carers do not follow that pattern.

If you felt relief, many carers in this study did too. Our judgement, not a finding: feeling relief and grief together is understandable. If you are caring now, you do not have to wait for a death to ask for help. Ask your council or a local carers' centre what support they can offer.",1115,G175.png,"Icon array of 100 people, 72 filled and 28 outlined. In a US study of 217 family carers of people with dementia, 72 in 100 said the death was a relief to them. Half had spent at least 46 hours a week helping with daily activities in the year before the death. Depressive symptoms fell within 3 months on average.","Source: Schulz et al., N Engl J Med 2003 https://doi.org/10.1056/NEJMsa035373"
G176,C18,practitioners,Care that works,"A family member who will give the care after discharge needs a handover of their own.

Rodakowski and colleagues pooled randomised trials of discharge planning for older adults discharged to the community (15 study reports covering 13 distinct trial populations, 4,361 patients). Plans that integrated family carers were linked with about a quarter fewer readmissions. At 90 days the reduction was 25% (relative risk 0.75, 95% confidence interval 0.62 to 0.91, from 6 studies). At 180 days it was 24% (relative risk 0.76, 95% confidence interval 0.64 to 0.90, from 5 studies). These are relative reductions. The review text gives no pooled absolute rates.

Three limits. The programmes had several parts, so the carer element could not be isolated. Trial quality was often unclear. The authors say it is not possible to determine the most effective method of carer integration.

What the tested programmes contained: a written care plan (9 of 15 studies), links to community resources (13 of 15), live or video demonstration of care tasks (5 of 15), and teach-back, where the carer shows the task back (7 of 15).

A handover for the carer, built from those parts. Items 1 and 5 are good practice we suggest, not components shown to work.

1. Ask what the carer is willing and able to do, before assigning tasks (our suggestion).
2. Give a written plan.
3. Show each new task, then watch the carer do it.
4. Link the carer to community services.
5. Say who to call with questions (our suggestion).",1496,G176.png,"Illustration, not a real case. A hospital discharge bay: an older man seated beside his walking frame, a nurse kneeling to show the daughter how to help him, and the daughter holding a folder. Five numbered steps for a carer handover. Discharge plans that included carers: about a quarter fewer readmissions at 3 to 6 months.","Source: Rodakowski et al., J Am Geriatr Soc 2017 https://doi.org/10.1111/jgs.14873"
G177,C18,both,Who gets left out,"Home care workers are paid carers who visit people at home. A New York City study used focus groups and peer interviews. The researchers concluded that employers and society underestimate home care workers' grief when a client dies, particularly the loss of the work with that client.

In England, researchers interviewed 29 home care workers and 13 home care managers about caring for people with dementia at the end of life. Workers said a client's death, or getting caught up in a client's family conflict, could leave them emotionally drained, under-prepared and overwhelmed.

What the workers described as supportive: encouragement and learning from experienced colleagues, and managers at their agency acknowledging their feelings. Some were offered time off or were encouraged to attend the client's funeral.

Two limits. Both are qualitative studies, which describe experience and do not test support schemes. The finding about loss of work comes from the New York study; neither study shows that it applies in England.

From this, we suggest three things. These are judgements, not findings.

1. Agencies should tell a care worker promptly and personally when a client dies.
2. Managers should acknowledge the loss, and allow time off where possible.
3. Relatives can tell the care worker themselves, and invite them to the funeral if they wish.",1354,G177.png,"Four-panel illustration, not a real case. A home care worker outside a client's door; tired in her car; in an agency office with a colleague and a manager who says sorry; walking with the client's relative to a funeral gathering. Studies: grief underestimated by employers; colleagues and managers helped.","Sources: Tsui et al., Qual Health Res 2019 https://doi.org/10.1177/1049732318800461 ; Yeh et al., Int J Geriatr Psychiatry 2019 https://doi.org/10.1002/gps.5027"
G178,C18,practitioners,Teaching round,"We should always listen to a carer. Listening does not require sharing anything about the patient.

In our judgement, a carer may have noticed changes that the team has not seen, and may want to say what worries them.

An Irish survey of 159 carers of people with mental illness found that 56% had struggled to get information from the treating team. Lack of the patient's consent was one of the two commonest reasons they were given; the other was that no team member was available. The survey was in mental health services, not older people's services, and the carers were recruited through a support group, so it may not describe our own settings.

This is a judgement about practice, not legal advice. Follow your regulator's guidance and your organisation's policy on sharing information.

What we suggest, as clinical practice rather than as a finding:

1. Listen to what the carer has noticed.
2. Say what we can't share, and why.
3. Ask the patient whom they are happy for information to go to, and for what. If the patient may lack capacity to decide, follow your capacity and best-interests procedures.
4. Record the answer where the next clinician will find it, so the refusal is not repeated at every contact.",1221,G178.png,"Four-step flow. 1 Listen to what the carer has noticed. 2 Say what you can't share, and why. 3 Ask the patient whom they are happy for information to go to. 4 Record the answer where the next clinician will find it. If the patient can't decide, follow capacity procedures. A practice judgement, not legal advice.","Source: Wilson et al., Ir J Med Sci 2015 https://doi.org/10.1007/s11845-014-1172-6"
G179,C18,public,Ask this,"A one-page plan can tell others what the person you care for needs if you are suddenly taken ill.

You can write it in advance. A one-page plan, with a copy given to each person named on it, can cover:

1. Their name and main needs.
2. Their medicines, and where they are kept.
3. Who to call first, and who second.
4. Keys, and how to get into the home.
5. Their daily routine.
6. Their GP and pharmacy.

Write it in plain words, as if for someone who has never met them. Keep a copy where the people named on it can reach it, and check the page every few months and whenever anything changes.

This is practical advice rather than a research finding. A 2026 search of the main medical research database found no study that tests whether having such a plan changes what happens. The lack of a study leaves open whether plans help.

If you would like help to write one, ask your council or a local carers' centre whether they can help.",935,G179.png,"Checklist card: a one-page plan for if you are suddenly ill. Six things to put on it: their name and main needs; their medicines and where they are kept; who to call first and second; keys and how to get in; their daily routine; their GP and pharmacy. Give a copy to each person named. Practical advice, not a research finding.","Sources: none, because this is practical advice rather than a research finding. For help writing a plan, ask your council or a local carers' centre."
G180,C19,practitioners,Teaching round,"The longer a doctor had known a dying patient, the less accurate the doctor's estimate of survival tended to be, in one US study.

Christakis and Lamont followed 468 people referred to hospice programmes in Chicago. 343 doctors gave a survival estimate for each person. Median survival was 24 days. Of the estimates:

1. About 20 in 100 were accurate, meaning within a third of the actual survival time.
2. 63 in 100 were too optimistic.
3. 17 in 100 were too pessimistic.

The longer the doctor had known the patient, and the more recently they had last seen them, the less accurate the estimate tended to be. This is an association in one study from around 2000, in one city, so it does not show that knowing a patient causes the error.

A later systematic review of 42 studies found that clinicians' survival predictions in palliative care were often inaccurate, and that no group of clinicians was consistently more accurate than another.

Our suggestion is a judgement, and the habits have not been tested as a remedy. Give a range rather than a single figure. Say which signs would shorten the survival time. Ask a colleague's view when you know the patient well.",1169,G180_1.png | G180_2.png,"Bar chart: of 468 people referred to hospice in Chicago, doctors' survival estimates were accurate (within a third of actual time) for 20 in 100, too optimistic for 63 in 100 and too pessimistic for 17 in 100. Median survival was 24 days. || Checklist card headed 'Our suggestion: three habits when estimating survival', marked as a judgement not a tested remedy: give a range, say what would shorten it, ask a colleague's view. Notes that accuracy tended to fall the longer the doctor knew the patient (association, one study).","Sources: Christakis and Lamont, BMJ 2000 https://doi.org/10.1136/bmj.320.7233.469 ; White et al., PLoS One 2016 https://doi.org/10.1371/journal.pone.0161407"
G181,C19,both,Weighing it up,"Five minutes of air from a hand-held fan on the face eased breathlessness more than the same fan on the legs. This was a small UK trial of 50 people with advanced illness. Each person tried both, in random order. The effect shown was short-term.

Oxygen is often given for breathlessness. A trial in which neither the people nor the researchers knew who got oxygen tested it in 239 people with serious illness whose blood oxygen was not low. Oxygen through nasal tubes eased breathlessness no more than room air through the same tubes. By day 6, morning breathlessness on a 0 to 10 scale (a lower score means less breathless) fell by 0.9 points with oxygen and 0.7 with room air. So both groups felt a little better, and the trial did not show that the gap between them was real. The improvement could reflect air flow, expectation or the illness changing on its own, and the trial could not separate them.

Two limits apply. The trial excluded people with low blood oxygen, so it says nothing about them. It was in outpatients, not people who were dying.

A small US study looked at people close to death who were not in distress at the start. Observers rated their breathing distress while oxygen, air and no flow were switched every 10 minutes. Most of the 32 people tolerated this without distress. 3 of the 32 (9 in 100) became distressed and went back on oxygen. The authors of the oxygen trial concluded that less burdensome strategies should be considered after a brief check of whether oxygen helps the individual.

Our suggestion, as a judgement: try a fan first. If oxygen is tried, check whether it helps that person, and stop it if it does not.",1657,G181.png,"Two-column comparison. Fan trial, 50 people with advanced illness: a fan on the face for 5 minutes eased breathlessness more than a fan on the legs. Oxygen trial, 239 people whose blood oxygen was not low, 7 days: oxygen eased breathlessness no more than room air; both fell slightly (-0.9 and -0.7 on a 0 to 10 scale). People with low oxygen were not included.","Sources: Galbraith et al., J Pain Symptom Manage 2010 https://doi.org/10.1016/j.jpainsymman.2009.09.024 ; Abernethy et al., Lancet 2010 https://doi.org/10.1016/S0140-6736(10)61115-4 ; Campbell et al., J Pain Symptom Manage 2013 https://doi.org/10.1016/j.jpainsymman.2012.02.012"
G182,C19,public,Ask this,"About 86 in 100 people with advanced dementia (the late stage) developed an eating problem within 18 months, in a US care home study.

Mitchell and colleagues followed 323 care home residents with advanced dementia in the Boston area for 18 months. Over that time:

1. About 86 in 100 developed an eating problem.
2. About 53 in 100 had a fever.
3. About 41 in 100 had pneumonia.
4. About 55 in 100 died.

Among those who died, about 4 in 10 had a hospital transfer, emergency visit, drip or tube feeding in their last 3 months. Residents whose health care proxies (the person who decides for the resident) understood the likely course were much less likely to have these. That finding comes from watching what happened, not from a trial. It does not show that explaining the course caused the difference.

The figures come from US care homes and apply to late-stage dementia only.

We think families should be told clearly what the later stages usually bring, and be invited to plan ahead. Three questions you can put to the care team: What usually happens in the later stages? Would going to hospital help? What will be done for comfort either way?",1150,G182.png,"Question card on dementia: in a US study of 323 care home residents with advanced dementia over 18 months, about 86 in 100 had an eating problem, 53 in 100 fever, 41 in 100 pneumonia and 55 in 100 died. US care homes only. Three questions to ask the care team: what usually happens, would hospital help, what will be done for comfort.","Source: Mitchell et al., N Engl J Med 2009 https://doi.org/10.1056/NEJMoa0902234"
G183,C19,both,What gets counted,"A review of 61 UK studies found that many people's wishes about where to die were not asked, not expressed or not recorded.

Hoare and colleagues reviewed UK studies from 2000 to 2015. Among the preferences that were recorded, most people chose home. Counting the missing views as well, it is not known what share of people prefer home. Where people were asked was also linked with the place they said they preferred.

A larger international review covered 210 studies in 33 countries. It also found that home is the most common stated choice. In 9 better-quality studies of patients (leaving out outliers), the share who preferred home ranged from about 3 in 10 to nearly 9 in 10.

In 10 studies, about 1 in 5 patients changed their preference as illness progressed. Those data came from few studies, mostly of low quality, and the studies did not check whether the change could be chance.

The case for helping people who choose home stands. Each person still needs to be asked.

We should ask each person where they would like to be cared for and to die. We should record the reasons and review the answer as things change. In our view, a well-planned death in a hospice, hospital or care home should not be counted as a failure.",1232,G183.png,"Illustrative three-panel strip headed 'Ask. Record. Review.' A community nurse and an older man talk at a kitchen table over tea: she asks where he would like to be cared for, writes down his answer and reasons, then asks again later as things change. Text notes many preferences were not asked or recorded in 61 UK studies; about 1 in 5 patients changed preference.","Sources: Hoare et al., PLoS One 2015 https://doi.org/10.1371/journal.pone.0142723 ; Gomes et al., BMC Palliat Care 2013 https://doi.org/10.1186/1472-684X-12-7"
G184,C19,public,"Small detail, real effect","The rattling breathing that can come in the last days of life is thought to be saliva and mucus. They collect in the throat when a person can no longer cough up or swallow them. Some call it the death rattle. That is the presumed cause, and it has not been shown directly.

A 2025 review of 14 studies found general agreement that the sound does not distress the dying person. Only 2 of the studies looked at patients, so this has not been measured well.

Relatives react differently. In a UK interview study of 25 bereaved relatives, 17 had heard the sound. 10 of them were distressed by it and 7 were not. Relatives were distressed when they thought the person might be choking or drowning. Some saw the sound as a useful sign that death was close. These are small interview studies. They show what these relatives said, not how common each reaction is.

Changing the person's position is one of the usual ways to manage it. A review of trials found no evidence that any medicine or other measure was better than a dummy treatment (placebo) for treating the sound once it has started. It concluded that relatives need time, explanation and reassurance.

A Dutch hospice trial of 157 dying people tested an injection of hyoscine butylbromide. It was given as soon as dying was recognised, before any rattle. About 13 in 100 developed the rattle, compared with 27 in 100 given placebo. That trial tested prevention, before the rattle started. Restlessness was reported in 28 in 100 on the injection and 23 in 100 on placebo, and we do not know whether that gap was more than chance. Dry mouth was reported in 10 in 100 on the injection and 15 in 100 on placebo.

If you hear this sound, ask the nurse to explain what it is and how it is being managed. You can also ask whether changing the person's position could help.",1819,G184.png,"Bedside scene: an older man lies in a hospital bed, a woman sits beside him and a nurse stands at the bedside. Three numbered markers explain noisy breathing near death: saliva collects in the throat, changing position is one usual way to manage the sound, and ask the nurse to explain. Studies generally find it does not distress the person; few looked at patients.","Sources: Wee et al., Palliat Med 2006 https://doi.org/10.1191/0269216306pm1138oa ; Wee and Hillier, Cochrane 2008 https://doi.org/10.1002/14651858.CD005177.pub2 ; van Esch et al., JAMA 2021 https://doi.org/10.1001/jama.2021.14785 ; Fagan et al., 2025 https://doi.org/10.1177/10499091251382508"
G185,C19,both,Who gets left out,"Family carers of people who died of cancer in England reported caring for a median of about 69 and a half hours a week. This covers the last 3 months of life. Median means the middle value: half of the carers reported more and half reported less.

The figure comes from a national postal survey by Rowland and colleagues. People who registered a death from cancer in England between 1 and 16 May 2015 were sent a survey about the last 3 months of life. 1,504 completed surveys came back, 28.5% of those sent. Over 9 in 10 respondents reported spending time on care. Among the 72.5% who gave details of money spent, the median was £370 over the 3 months.

There are limits. The survey covers cancer deaths only. It relies on what carers remembered and reported, and fewer than 3 in 10 replied. It is not clear whether the hours include time spent on call.

The authors note that the value of carers' contributions is often underestimated or overlooked in evaluations.

We think a plan for dying at home should ask the main carer three questions. How many hours can you give? What is it costing you? Who covers the rest? In our view, a plan that leaves those unanswered risks relying on unpaid time the carer may not have.",1220,G185.png,"Bar drawn to scale: a week of 168 hours split into seven days, with the first 69 and a half hours shaded. Carers of people who died of cancer in England in 2015 reported a median of 69 h 30 min of care a week; over 9 in 10 gave care. For scale only. Self-reported by 1,504 bereaved relatives (28.5% replied).","Source: Rowland et al., Palliat Med 2017 https://doi.org/10.1177/0269216317690479"
G186,C19,practitioners,Teaching round,"When a person with Parkinson's can no longer swallow, 'stop all oral medicines' on the chart stops their Parkinson's medicines too.

1. Stopping suddenly can harm. Sudden withdrawal can bring severe stiffness, pain and anxiety and, in rare cases, parkinsonism-hyperpyrexia syndrome, a dangerous reaction with high fever that resembles neuroleptic malignant syndrome.

2. Stopping can still be a choice. A 2025 practice review says experts differ: some argue the medicines can be tapered off at the end of life in some people with limited harm, others continue them until death. If symptoms are controlled with palliative treatments, it says one can choose to omit them, although stopping suddenly carries the risk in point 1. So ask what is making the person uncomfortable, and decide on purpose whether to stop them.

3. Before a patch, the review's steps include levodopa dispersed in carbonated water or thickened fluid, and a nasogastric tube if that fits the person's wishes. If neither is possible, a rotigotine skin patch is the most widely used non-oral option. No trials show it works at the end of life, and the advice rests on case series and expert opinion. Skin absorption can fall with sweating, weight loss and poor circulation, which may limit the patch.

4. Converting from levodopa to the patch dose is approximate: about 30 mg of levodopa to 1 mg of rotigotine, and the maximum patch dose of 16 mg a day corresponds to 480 mg of levodopa. Too high a dose is linked with confusion, hallucinations and agitation. In one Australian audit of people with Parkinson's who died, only 7 of 52 eligible people received the recommended dose. Agree the dose with pharmacy or the Parkinson's team.

5. Check the chart for dopamine blockers. A 2025 practice review lists metoclopramide and haloperidol among medicines contraindicated in Parkinson's. It gives the list in its section on surgery, so it does not say whether the list applies in the last days of life. In the same audit, 43 in 100 of the people with Parkinson's were prescribed a contraindicated dopamine blocker, and 31 in 100 of those prescriptions were given. The audit summary does not say which drugs. Check every anti-sickness, calming and sedative medicine against its dopamine-blocking effect, and ask pharmacy or the Parkinson's team.",2312,G186.png,"Four-step flow for Parkinson's when a person can no longer swallow: 1 can no longer swallow; 2 ask what is causing discomfort, stopping medicines suddenly can bring severe stiffness, decide on purpose; 3 if a non-oral route is chosen a rotigotine patch is most used, no trials, high dose linked with confusion; 4 check the chart for contraindicated drugs. Doses approximate.","Sources: Beckers et al., J Parkinsons Dis 2025 https://doi.org/10.1177/1877718X251356896 ; Hewer et al., J Pain Symptom Manage 2024 https://doi.org/10.1016/j.jpainsymman.2023.10.002 ; Kim et al., J Palliat Med 2023 https://doi.org/10.1089/jpm.2022.0193"
G187,C19,practitioners,Reading the evidence,"Most people flagged by the surprise question were still alive 6 to 18 months later, in pooled data from 16 studies.

The surprise question asks: would I be surprised if this patient died in the next 12 months? Downar and colleagues pooled 16 studies (17 cohorts, 11,621 patients) that followed people for death at 6 to 18 months after the question, although the question asks about 12 months.

In plain terms:

1. Of 100 people who died in that window, about 67 had been flagged by the question and about 33 had not.
2. Of 100 people flagged, about 37 died in that window and about 63 did not.

The second figure depends on how many people in the group die, so it will be different in a hospice, a ward and a general practice list. The question also worked less well in illnesses other than cancer, and most of the studies had a moderate to high risk of bias. The authors judged it a poor to modest predictor of death.

Our view, which is a judgement: use the question to start conversations and care planning with the person and their family. About 4 in 10 of the people it flagged died in the window, so a flag is a reason to talk. It gives no date and is no reason to limit treatment.",1187,G187.png,"Two 10 by 10 person grids. Of 100 people flagged by the surprise question, 37 died within the window (solid) and 63 did not (outline). Of 100 people who died, 67 had been flagged and 33 had not. Pooled from 16 studies and 11,621 patients, death within 6 to 18 months. A prompt for conversation, not a forecast.","Source: Downar et al., CMAJ 2017 https://doi.org/10.1503/cmaj.160775"
G188,C19,public,Care that works,"Grief that stays intense and disabling has a name: prolonged grief disorder.

Combining 14 studies, about 1 in 10 (9.8%) of adults bereaved by a non-violent death had it. Studies with older participants on average found higher rates. The studies differed from each other and used differing definitions of the disorder. The authors advise caution with the figure.

A grief-focused therapy has been tested in older adults. Shear and colleagues randomly assigned 151 people aged 50 and over (average age 66) with long-lasting intense grief, which the trial called complicated grief. After 20 weeks, about 7 in 10 (70.5%) had improved with grief-focused therapy. About 3 in 10 (32.0%) had improved with interpersonal psychotherapy, a talking therapy used for depression. Age made no clear difference to the result. This was one US trial that compared two treatments, so it does not show how either compares with no treatment.

We think anyone whose grief stays intense and disabling should be offered an assessment and grief-specific help, whatever their age.

If your grief is not easing, you can tell your GP and ask what help is available.",1138,G188.png,"Illustration of a quiet conversation: an older bearded man holding a mug sits in an armchair opposite a woman counsellor with a closed notepad, in a room with a window and plant. Text: prolonged grief disorder affects roughly 1 in 10 bereaved adults; a US trial of people 50 and over found grief-focused therapy helped about 7 in 10 against about 3 in 10.","Sources: Lundorff et al., J Affect Disord 2017 https://doi.org/10.1016/j.jad.2017.01.030 ; Shear et al., JAMA Psychiatry 2014 https://doi.org/10.1001/jamapsychiatry.2014.1242"
G189,C19,both,Who gets left out,"In high-income countries, people from the most deprived neighbourhoods were more likely to die in hospital than at home. The comparison was with people from the least deprived neighbourhoods.

Davies and colleagues searched for studies of how deprived people's neighbourhoods were and the healthcare they had in the last year of life. They found 209 and combined the results of 112 of them, all of which watched what happened without assigning treatments. Compared with the least deprived, people in the most deprived neighbourhoods were:

1. More likely to die in hospital than at home.
2. More likely to have hospital care in the last 3 months of life.
3. Less likely to receive specialist palliative care, meaning care from a team that focuses on symptom relief and support in serious illness.

The more deprived the area, the more likely a death in hospital rather than at home, and the less likely specialist palliative care. The differences were modest and varied between studies, just over half of which were from North America. Because the studies watched what happened without assigning treatments, they do not show why the gaps exist.

A planned hospital death can be the right place for a person. The concern is the gap in specialist support.

We should report end-of-life care by deprivation, and plan how to reach people in the poorest areas.",1355,G189.png,"Diagram of five steps rising from least deprived fifth to most deprived fifth, not to scale. Arrows show that the poorer the neighbourhood, the more likely a hospital death rather than a home death, and the less likely specialist palliative care; hospital care in the last 3 months is a most-versus-least comparison. Review of 112 observational studies.","Source: Davies et al., PLoS Med 2019 https://doi.org/10.1371/journal.pmed.1002782"
G190,C19,public,Ask this,"Palliative care can be given alongside treatment for the illness itself, as it was in a US lung cancer trial. It is care that focuses on symptoms, support and planning ahead.

Temel and colleagues randomly assigned 151 people with newly diagnosed advanced lung cancer that had spread. One group had early palliative care integrated with standard cancer care. The other had standard cancer care alone. 107 people completed the 12-week assessments, and 27 had died by then. The early palliative care group had a better quality of life. Fewer had depressive symptoms (16 in 100 compared with 38 in 100). Limits: this was one small US trial, in one cancer. It does not show the same benefit for other illnesses or for older people with other conditions.

A Canadian interview study involved 48 people with advanced cancer and 23 carers. Their first impressions of palliative care were of death and hopelessness. That led to fear and avoidance, and these impressions often came from conversations with health professionals. Participants who received early palliative care described it as 'ongoing care' that improved their 'quality of living'. They still felt the term carried a stigma (a sense of shame or disapproval). This is a small study based on interviews. It shows what these people said, not how common the view is.

If palliative care is suggested to you or to someone you care for, you can ask whether it would be given alongside the current treatment. You can also ask what it would add.",1494,G190.png,"Concept diagram: two parallel arrows of equal length, treatment aimed at the illness and palliative care (symptoms, support, planning ahead), both running from diagnosis to later in the illness along a time axis. Box: in a lung cancer trial, among 107 assessed, depressive symptoms 16 in 100 versus 38 in 100.","Sources: Temel et al., N Engl J Med 2010 https://doi.org/10.1056/NEJMoa1000678 ; Zimmermann et al., CMAJ 2016 https://doi.org/10.1503/cmaj.151171"
G191,C19,public,Reading the evidence,"On three US television programmes in 1994 to 1995, about 2 in 3 people given CPR appeared to survive to leave hospital.

CPR (cardiopulmonary resuscitation) means pressing on the chest, sometimes with shocks and breaths, to try to restart a heart that has stopped.

Diem and colleagues watched 97 episodes of three US programmes in 1994 and 1995. CPR was shown 60 times, and 67% of the people given it appeared to survive to leave hospital. The patients shown were mostly young people with injuries. A later study of two US dramas in 2010 and 2011 found about 7 in 10 survived the CPR itself. That is an earlier point than leaving hospital, so it is not directly comparable.

In the UK National Cardiac Arrest Audit, 22,628 adults in 144 hospitals were given CPR by the hospital team. Fewer than 1 in 5 (18.4%) survived to leave hospital. About 7 in 10 arrests were the most common kind of heart stop (a rhythm that is not treated with a shock). About 1 in 10 of those people survived to leave hospital. About 1 in 6 arrests were the less common kind that can be treated with a shock, and about 5 in 10 of those people survived to leave hospital. Survival varied substantially between hospitals. The figures have not been adjusted for differences between patients and cover adults of all ages. The data are now more than a decade old.

These are averages across many people and give no prediction for any one person. This post takes no side on whether to have CPR. You can ask your doctor what CPR is likely to achieve for you, or for the person you care for, rather than relying on television.",1594,G191.png,"Two 10 by 10 person grids: on US television in the 1990s, 67 in 100 given CPR appeared to survive to leave hospital; in UK hospital audit data, 18 in 100 did. About 1 in 10 for the most common kind of heart stop. The figures are not like for like and not a prediction for any one person.","Sources: Diem et al., N Engl J Med 1996 https://doi.org/10.1056/NEJM199606133342406 ; Nolan et al., Resuscitation 2014 https://doi.org/10.1016/j.resuscitation.2014.04.002 ; Portanova et al., Resuscitation 2015 https://doi.org/10.1016/j.resuscitation.2015.08.002"
G192,C20,both,Reading the evidence,"People with more positive views of their own ageing lived 7.5 years longer, on average. The figure comes from one US study. Quote it with its limits.

The study followed 660 people aged 50 and over in Ohio. Their views of ageing were measured once, up to 23 years before the follow-up ended. The 7.5 years remained after adjusting for age, sex, socioeconomic status (money and background), loneliness and how well people could manage daily tasks.

Three things to know before you repeat it:

1. It is one group of 660 people in one US state.
2. This is a link, which does not show cause. People who were already in poorer health, in ways the study did not measure, may have viewed ageing more negatively. A study of this kind has no way to rule that out.
3. When the results of 19 studies that followed people for years were combined, views of ageing had a small link with later health and survival. The link was weaker where follow-up was longer. That analysis did not express the link as years of life.

This is a judgement, not a finding: we should oppose ageist treatment because it is unfair, whatever the survival figure. The argument against ageism needs no survival statistic to support it, and it is stronger when the statistics used for it are quoted accurately.

If you use the 7.5 years in a talk or a report, say where it comes from and what it shows.",1364,G192.png,"Statement card: in one US study of 660 people aged 50 and over in Ohio, people with more positive views of ageing lived 7.5 years longer. Three notes: one study; a link, not a cause; 19 studies pooled show a small link, weaker with longer follow-up.",Sources: https://doi.org/10.1037//0022-3514.83.2.261 https://doi.org/10.1037/a0038016
G193,C20,practitioners,Care that works,"Among 673 people aged 75 or over, with suspected pulmonary embolism and a clinical score that was not high, a fixed D-dimer cut-off of 500 µg/L ruled out a clot without a scan in about 6 in 100. An age-adjusted cut-off did so in about 30 in 100. The study found no extra missed clots among those 673 people.

This comes from ADJUST-PE, a prospective study of 3346 emergency outpatients with suspected pulmonary embolism. It ran in 19 centres in Belgium, France, the Netherlands and Switzerland between 2010 and 2013. The age-adjusted cut-off was age × 10 µg/L for people aged 50 or over. It was used only after a clinical probability score (the simplified revised Geneva score or a two-level Wells score).

People with a D-dimer between 500 µg/L and their age-based limit were not scanned or treated, and were followed for 3 months. In the whole study (age 50 or over), 1 of 331 people in that group had a clot within 3 months (0.3%, 95% confidence interval 0.1% to 1.7%). The true rate could be as high as 1.7%, so this is not zero risk.

There are limits. It was a management study with no randomised comparison. The 75 and over result is a subgroup. In that group 200 of the 673 were ruled out without a scan with the age-adjusted cut-off, against 43 of the 673 with the fixed one, so a small risk of a missed clot is not excluded. Assays and units differ between laboratories.

If you work in acute or emergency care, check whether your pathway and laboratory use it, and in what units.",1490,G193.png,"Bar chart of 673 people aged 75 or over with suspected pulmonary embolism and a clinical score not high. D-dimer alone ruled out a clot in 43 (6.4%) with the fixed 500 cut-off and 200 (29.7%) with the age-adjusted cut-off. Of 331 untreated people in the wider study, 1 had a clot within 3 months.",Source: https://doi.org/10.1001/jama.2014.2135
G194,C20,public,Ask this,"If a doctor does not offer you a treatment, you can ask: what would you advise if I were 20 years younger, and why?

The question asks for the reasoning without accusing anyone. Sometimes the advice should differ. A benefit can take years to arrive, and a person may not live long enough to receive it.

One example comes from cancer screening, which means tests in people with no symptoms. An analysis that combined the results of trials of breast and bowel cancer screening found a delay before benefit. On average, screening prevented 1 cancer death for every 1000 people screened only after about 10 years. The researchers suggest screening is most appropriate for people expected to live more than 10 years. Their criterion is how long a person is expected to live, which is a reason about expected benefit. This example applies to screening. Other treatments have their own time scales.

Other reasons should be about your own health and what you want from treatment. We should expect doctors to give those reasons, and you can ask to hear them. If the only reason given is your age, you can ask what the reasoning is behind it.

Next time a treatment is declined or not mentioned, try the question and listen for the reasons.",1232,G194.png,"Illustration of a consultation: an older man with grey hair and glasses, a walking stick beside him, sits facing a woman doctor, with two blank speech bubbles above. Text asks what you would advise if I were 20 years younger, then lists reasons about you versus only a number.",Source: https://doi.org/10.1136/bmj.e8441
G195,C20,practitioners,Teaching round,"Add up the US guidelines for five common conditions and one imagined 79-year-old woman would be prescribed 12 medicines, plus a complicated non-drug regimen, if every guideline were followed. The conditions were COPD, type 2 diabetes, osteoporosis, high blood pressure and osteoarthritis. The analysis was published in 2005, it used US and international guidelines, and the patient was hypothetical. Most of the guidelines did not discuss how their advice applies to older people with several conditions.

Two UK papers found something similar:

1. A BMJ review found 133 potentially serious drug-drug interactions between drugs recommended in the NICE type 2 diabetes guideline and drugs recommended in NICE guidelines for 11 other common conditions. The guideline flagged few of them. These are possible interactions between recommendations. The review looked at the recommendations, not at patients.
2. Applying five NICE guidelines to two imagined patients produced a heavy treatment burden and a complex follow-up and self-care routine, with no guidance on which recommendations to put first.

Guidelines have been updated since these papers, so the numbers show the problem rather than today's totals. Each guideline covers one condition. Single-condition guidelines are not built to weigh the combined effect of their advice for a person with several conditions, and they give little help in deciding which advice to put first.

Reviewing the whole plan as one plan is a judgement about good practice. We should ask the person what they most want, then check each medicine and each task against it.",1605,G195.png,"Diagram: five single-condition guidelines (COPD, type 2 diabetes, osteoporosis, high blood pressure, osteoarthritis) feed one plan for an imagined 79-year-old woman, shown with 12 medicine bottles. A UK review found 133 potentially serious interactions with the NICE diabetes guideline drugs. Judgement: review the whole plan.",Sources: https://doi.org/10.1001/jama.294.6.716 https://doi.org/10.1136/bmj.h949 https://doi.org/10.1093/ageing/afs100
G196,C20,practitioners,Teaching round,"""Can you make a hot drink?"" has three possible answers: what the person says they can do, what they manage in a test, and what they actually do at home on an ordinary day.

A 1998 paper in The Gerontologist called these three ""tenses"" of function: hypothetical (what people say they can do), experimental (what they do in a test) and enacted (what they do at home). It used data from the MacArthur Studies of Successful Aging in the US. These showed ""a consistent pattern of discordance"" between what people said they could do and what they actually did at home, meaning the two did not match. The abstract gives no numbers, so the size of the gap is not quoted here.

A later US study of 5,888 older adults (Cardiovascular Health Study, 1989 to 1990) found that self-reported difficulty with walking and strength agreed only moderately with measured tests, with agreement scores (kappa) of 0.55 to 0.60, where 1.00 would be perfect agreement. The authors say commonly used self-reported disability items should not be assumed to stand in for the walking and grip tests used to define frailty.

A score that goes into a discharge decision, a care package or a trial outcome records one of the three. Which one it records is a question to ask before relying on it. Asking about an ordinary morning at home is still asking what the person says. Watching what they do at home is a different measurement.

That is a judgement about good practice. We should state in the discharge letter or the trial report which kind of function a score records, and add what the person does day to day.",1583,G196.png,"Three-panel illustrative strip of one imagined older man and one task, making a hot drink. Says: he tells a nurse he can do it. Test: he fills a kettle with a therapist watching. At home: he does it with no one watching. A function score can record any one of the three.",Sources: https://doi.org/10.1093/geront/38.1.101 https://doi.org/10.1186/s12877-023-04105-8
G197,C20,public,Care that works,"Adults aged 65 or over were more likely to recover in NHS talking therapy services in London than working-age adults. Talking therapy means a course of sessions with a trained worker, which can include guided self-help.

The study covered 100,179 people treated for depression or anxiety in eight London services between 2008 and 2019. At the end of treatment, about 53 in 100 of those aged 65 or over had recovered, as the services measured it. For those aged 18 to 64, it was about 41 in 100. Fewer older people dropped out: 18 in 100, against 32 in 100.

There are limits to these figures. The study looked at routine service records and did not assign people to treatments. The 53 and 41 in 100 are not adjusted, and older people started with milder symptoms. After allowing for how unwell people were at the start, older adults were still more likely to recover, but the gap was smaller. This post does not give a figure for the smaller gap.

Older people who reach these services may differ from older people who never do, and some differences between the groups may remain. The gap was larger for anxiety. For depression alone, older adults were still more likely to recover after allowing for how unwell people were at the start. The gap was no longer clear when each older person was compared with working-age adults who were similar in other ways. The data come from London services only.

Older people were also few among those treated. Fewer than 4 in 100 people treated in these services were 65 or over, although about 18 in 100 of the population are that age, a background figure the authors cite. That comparison is rough, because need as well as population share counts.

We should treat depression and anxiety in later life as treatable, and offer older people talking therapy on the same terms as younger adults. That is a judgement about fair access.

If you are over 65 and feeling low or anxious, you can ask your GP about talking therapy.",1961,G197.png,"Two icon arrays of 100 people. Aged 65 or over: about 53 recovered, 18 dropped out. Aged 18 to 64: about 41 recovered, 32 dropped out. Eight London NHS talking therapy services, 2008 to 2019. Observational; older people started with milder symptoms and may be a selected group.",Source: https://doi.org/10.1016/j.jad.2021.06.084
G198,C20,practitioners,Who gets left out,"Many studies leave out people with cognitive impairment or adults who lack capacity to consent for themselves. Figures from two different settings show how often, and the law is the third point.

1. In a review of 434 original studies in one leading geriatrics journal over two years (2008 and 2009), at least 127 (29%) explicitly excluded people with cognitive impairment. Very few gave any justification.
2. Among about 80 UK trials completed between 2015 and 2018 in conditions where impaired capacity is common, 15 allowed adults who lacked capacity to take part. That search of a trial registry was not comprehensive.
3. In England and Wales, the law already allows inclusion. Drug trials follow the Clinical Trials Regulations 2004, with a legal representative's consent. Other research follows the Mental Capacity Act 2005, with the advice of a consultee (someone who knows the person and says what they would want).

The authors of a UK framework paper say adults with impaired capacity are frequently excluded, partly because researchers are unfamiliar with the legal and ethical frameworks. The UK INCLUDE framework for trials with people who lack capacity to consent gives trial teams four key questions and worksheets for designing trials that include them. Its effect on inclusion has not yet been evaluated.

This is a judgement, not a finding: we should include adults who lack capacity in studies of conditions common in later life, with the legal safeguards, unless the protocol gives a scientific reason not to. Exclusion without a stated reason is unfair to them, and it leaves their care with less evidence.

When you review a protocol, ask whether each exclusion is justified in writing.",1708,G198_1.png | G198_2.png | G198_3.png,"Two findings: 15 of about 80 UK trials allowed adults who lacked capacity; at least 127 of 434 studies in one geriatrics journal excluded people with cognitive impairment, few with justification. || Judgement, not a finding. Default: exclude anyone lacking capacity to consent. Reversed: include, with legal safeguards, unless there is a scientific reason. || In England and Wales, drug trials can use a legal representative's consent under the 2004 Regulations; other research uses the Mental Capacity Act 2005 and a consultee. The INCLUDE framework is not yet evaluated.",Sources: https://doi.org/10.1111/j.1532-5415.2011.03847.x https://doi.org/10.1186/s13063-019-3603-1 https://doi.org/10.1186/s13063-024-07944-x
G199,C20,both,Who gets left out,"Two or more long-term conditions became common at ages 10 to 15 years younger in the most deprived areas of Scotland than in the most affluent.

That comes from a study of 1,751,841 people registered with 314 Scottish general practices, using data from March 2007. It describes whole populations, so each person's course will differ. It is cross-sectional, so it compares age groups at one point in time.

The same study found that slightly more people with two or more long-term conditions were under 65 (210,500) than 65 or over (194,996), although the proportion was highest in older people.

One implication is offered here as interpretation. A service or study that opens at a fixed age may reach people in the most deprived areas later in the course of their conditions. At the same age, people in deprived areas may be further into their conditions.

This is a judgement: services and studies for older people should not rely on age alone to decide who is eligible. If the aim is to reach people who need them, eligibility based on need fits better. It would also give more attention to people who are poorly served. Need could mean, for example, how much help a person needs with everyday tasks.

When you see an age threshold on a service or a study, ask whom it reaches late.",1285,G199.png,"Diagram, not to scale: in the most deprived areas of Scotland, two or more long-term conditions become common 10 to 15 years earlier than in the most affluent areas. A fixed starting age cuts across both lines. Implication: conditions have been common for longer. Judgement: use need, not age alone.",Source: https://doi.org/10.1016/S0140-6736(12)60240-2
G200,C20,public,What gets counted,"The typical 85-year-old woman in a Newcastle study had 5 chronic diseases from a list of 18 that the researchers counted, and the typical man had 4. The counts drew on GP records and some tests done at a health assessment, for the 729 people with complete data.

About 3 in 4 people rated their health as good, very good or excellent compared with others their age. That was 646 of the 832 who answered.

The Newcastle 85+ Study recruited people born in 1921 who were registered with GPs in Newcastle and North Tyneside, including people living in care homes. The most common recorded conditions were high blood pressure (over half of people) and osteoarthritis (about half). About 6 in 10 had hearing loss on assessment.

A disease count reflects what was recorded and tested. A self-rating records how a person sees their own health. There are two cautions. The question asked people to compare themselves with others of the same age, and answers of that kind may be more optimistic. And this study looked at one point in time. It did not follow people over the years.

A long problem list does not tell you how a person rates their own health. If you are a relative, a carer or a clinician, you can ask the person how they would rate their own health, and listen to the answer before assuming.",1296,G200.png,"Comparison from the Newcastle 85+ Study, people born in 1921. Counted: a typical woman had 5 chronic diseases and a typical man 4. Rated their own health good, very good or excellent compared with others their age: 78 in 100 (646 of 832 who answered).",Source: https://doi.org/10.1136/bmj.b4904
