id,category,audience,series,caption,characters,images,alt_text,source_reply
G001,C01,public,Ask this,"Weeks after a fall, even a minor knock to the head, blood can collect slowly between the brain and the skull.

Watch for new unsteadiness or falls, headache, weakness on one side, slower thinking or drowsiness. It is more common in later life and with blood thinners.

Tell the doctor about the fall, however small it seemed, and ask whether a brain scan is needed. It is often treatable. Sudden or severe symptoms need emergency help.",435,G001.png,"Illustrative timeline. An older woman sits on her kitchen floor after a fall, hand to her forehead. Weeks later she is tired rising from her armchair: new unsteadiness, headache, one-sided weakness, muddled thinking or drowsiness. At the GP with her son: mention the fall, ask about a scan. A head diagram shows a slow bleed between brain and skull. Often treatable; sudden or severe: emergency help.",Sources: https://doi.org/10.1007/s13670-016-0166-9 (review) https://doi.org/10.3389/fneur.2023.1206996 (Swiss cohort) https://pubmed.ncbi.nlm.nih.gov/28306417/ (UK cohort) https://doi.org/10.1093/ageing/afad240 (Age and Ageing review) https://doi.org/10.1056/NEJMoa2313472 https://doi.org/10.1056/NEJMoa2409845 https://doi.org/10.1056/NEJMoa2401201 (2024 embolisation trials)
G002,C01,both,Weighing it up,"Varifocals blur the kerb at your feet: looking down, you see it through the reading part of the lens.

In a trial of 606 people at raised risk of falling, distance glasses for walking outside did not clearly cut falls overall.

In a planned comparison within this one trial, people who went out a lot fell less with them. People who rarely went out fell more often outdoors.

If you go out a lot, ask your optometrist about distance glasses. If you rarely go out, the researchers suggest one pair.",497,G002_1.png | G002_2.png,"Two views of a street through glasses. Through varifocals, the far road is sharp in the upper distance part, but the kerb at your feet is blurred in the lower reading part. Through single-lens distance glasses the kerb is sharp. Below, an older Black man in a green jacket, carrying a bag, pauses at the kerb and looks down. || Bar chart, VISIBLE trial, 606 people, average age 80, 13 months. Everyone: 1.5 falls per person with distance glasses, 1.7 with usual care, no clear difference. Planned subgroup often out: 1.3 against 2.2, fewer falls. Rarely out: outdoor falls 0.9 against 0.6, more. Subgroups of one trial; about half used the glasses as advised; non-fall injuries 26 against 17 in 100.","Sources: https://doi.org/10.1136/bmj.c2265 (VISIBLE trial, BMJ 2010) https://doi.org/10.1093/ageing/afac205 (World Falls Guidelines 2022)"
G003,C01,practitioners,Reading the evidence,"Per 1000 older people followed for a year, exercise meant about 195 fewer falls (from 850): 23% fewer. It also meant about 72 fewer people falling at all (from 480): 15% fewer. Both figures come from the 2019 Cochrane review of exercise for older people living at home.

Someone who falls three times counts three times in the first number, once in the second.

When you quote a falls result, say whether it counts falls or people.",431,G003_1.png | G003_2.png,"Bar chart, illustration based on Cochrane 2019: 1000 older people living at home followed for a year. Falls: 850 without exercise, about 655 with exercise, 195 fewer. People with at least one fall: 480 without exercise, about 408 with exercise, 72 fewer. 23% fewer falls, 15% fewer people falling. Averages, not a forecast for one person. || Card: the gap can be wider. Cochrane 2026, multifactorial programmes against usual care or attention control, low-certainty evidence. Rate of falls, shown by a line stepping down: may be about a quarter lower (rate ratio 0.76). People who fall at least once, shown by a level line: little or no difference (risk ratio 0.95). Say which count you mean and give numbers per 1000.","Sources: https://doi.org/10.1002/14651858.CD012424.pub2 (Cochrane 2019, exercise) https://doi.org/10.1002/14651858.CD012221.pub3 (Cochrane 2026, multifactorial) https://doi.org/10.1001/jama.2024.4166 (USPSTF review 2024)"
G004,C01,public,Care that works,"If you're choosing a class to prevent falls, ask four things. Will I do balance exercises standing up? Will it get harder as I improve? Does it run 3 or more times a week? Will it last at least 12 weeks, with a way to keep going?

Seated classes build strength and can be a start, but they have not been shown to prevent falls.

If there's no suitable class nearby, ask about a home programme such as Otago.",407,G004.png,"Drawing of a balance class: an older woman stands with a hand just above a chair back, an older man in glasses practises stepping, a physiotherapist demonstrates. Four questions before joining: balance exercises standing up? Harder as I improve? 3 or more times a week? At least 12 weeks, and can I keep going? Seated classes have not been shown to prevent falls; ask about a home programme.",Sources: https://doi.org/10.1002/14651858.CD012424.pub2 (Cochrane 2019) https://doi.org/10.1093/ageing/afac205 (World Falls Guidelines 2022) https://doi.org/10.3390/ijerph18041902 (seated exercise review) https://doi.org/10.1093/ageing/afq102 (Otago review)
G005,C01,both,What gets counted,"Worry about falling and the physical risk of falling often don't match.

In a Sydney study of 500 people aged 70 to 90, 11 in 100 were very worried despite a low physical risk. Another 20 in 100 were unworried despite a high one. Both groups had injurious or repeated falls over the next year.

It is one study, with approximate groups. The lesson for any falls check still holds: measure worry and balance, not one alone.",422,G005.png,"Grid of worry about falling against measured physical risk, Sydney study of 500 people aged 70 to 90 followed for a year. Matched: low risk, low worry 29 in 100; high risk, high worry 40 in 100. Mismatches: low risk, high worry 11 in 100, almost 4 in 10 had injurious or repeated falls; high risk, low worry 20 in 100, about 1 in 3. Suggested help is the researchers' untested proposal.","Sources: https://doi.org/10.1136/bmj.c4165 (Delbaere et al., BMJ 2010) https://doi.org/10.1093/ageing/afac205 (World Falls Guidelines 2022)"
G006,C01,practitioners,Reading the evidence,"'Half of people who lie on the floor for more than an hour die within six months' comes from a 1981 study: half of 20 people.

Its authors concluded that falls at home often signal severe ill health, so the deaths can't all be put down to the lie. In a larger 1993 cohort, more fallers who couldn't get up died, but that could have been chance.

Long lies are still linked with serious injury and admission, and guidelines treat an hour on the floor as high risk. Teach the figure with its size.",495,G006_1.png | G006_2.png,"Card: the line 'half of people who lie on the floor for more than an hour die within six months' comes from a 1981 study of 125 fallers aged 65 and over. 20 lay over an hour, shown as 20 person icons, 10 filled: half of those 20 died within 6 months. A quarter of all fallers died within a year. Small observational series: a link, not a cause. || Timeline. 1993, US, 1103 people aged 72 and over: fallers without serious injury who couldn't get up had a lasting loss of everyday abilities more often, 35 against 26 in 100; death difference could be chance. 2008, Cambridge, people over 90: long lies linked with serious injury, 12 of 20 admitted; deaths not reported. 2022 guidelines: an hour on the floor marks high risk.",Sources: https://doi.org/10.1136/bmj.282.6260.266 (Wild 1981) https://pubmed.ncbi.nlm.nih.gov/8416408/ (Tinetti 1993) https://doi.org/10.1136/bmj.a2227 (Fleming 2008) https://doi.org/10.1093/ageing/afac205 (World Falls Guidelines 2022)
G007,C01,both,Ask this,"Is there anything you've stopped doing because you're worried about falling? Ask yourself, or ask your mother or father.

In an Italian study, 3 in 4 people who were afraid of falling had cut back at least one activity.

If the answer is yes, tell the GP or physiotherapist what has stopped. Guidelines recommend strength and balance exercise, a talking therapy (CBT) or help from an occupational therapist.",407,G007.png,"Question card: anything you've stopped doing because you worry about falling? Four drawn examples: a man with a stick walking in a park, a woman stepping onto a bus holding the pole, a bath with grab rails and a towel, a woman with a cake tin at a friend's door. If yes, tell the GP or physiotherapist; ask about strength and balance exercise, a talking therapy (CBT) or an occupational therapist.","Sources: https://doi.org/10.1093/ageing/afac205 (World Falls Guidelines 2022) https://doi.org/10.1111/j.1532-5415.2007.01639.x (Deshpande 2008, InCHIANTI) https://doi.org/10.1093/ageing/afy010 (CBT review)"
G008,C01,public,"Small detail, real effect","Falls are easily forgotten. In a US study, 13 to 32 in 100 people with a confirmed fall did not recall falling in the months they were asked about.

Write each fall down on the day. Note the date and time, where you were and what you were doing. Note how you felt just before, whether you could get up, and how long you were on the floor.

Take the note to your appointments. Those details are what the doctor needs.",416,G008.png,"Printable falls note: write each fall down on the day. In a US study, 13 to 32 in 100 people with a confirmed fall did not recall falling in the months they were asked about. Blank table, five columns: date and time; where; what you were doing; how you felt just before; could you get up, how long on the floor. Take it to every appointment; an hour or more on the floor is a sign of high risk.","Sources: https://doi.org/10.1111/j.1532-5415.1988.tb06155.x (Cummings 1988) https://doi.org/10.1017/S1041610211002122 (Zieschang 2012, dementia) https://doi.org/10.1093/ageing/afac205 (World Falls Guidelines 2022)"
G009,C01,practitioners,Reading the evidence,"When 227 falls in two Canadian care homes were filmed, about 4 in 10 came from shifting body weight the wrong way during an ordinary movement. Trips and slips together were about 1 in 4.

The commonest moments were walking forward, standing still and sitting down. Cameras covered shared areas only.

We should give sitting down, standing up and transfers the same attention as trip hazards. That is a judgement, not a tested intervention.",439,G009_1.png | G009_2.png,"Bar chart of causes of 227 falls filmed in two Canadian care homes, 2007 to 2010: shifting body weight the wrong way 93 (41%), trip or stumble 48 (21%), hit or bump 25, loss of support 25, collapse 24 (11% each), slip 6 (3%). Cameras in shared areas only, not bedrooms or bathrooms; causes judged from video. || Illustrative care home lounge, five numbered moments: a man by a window, a woman walking with a wheeled frame, a woman lowering into an armchair, a care worker beside a man rising from a wheelchair, a chair pulled into the walkway. Counts: walking forward 54 falls, standing still 29, sitting down 28, moving to or from a chair about 1 in 5, a quarter of 48 trips over chair or table legs.","Source: https://doi.org/10.1016/S0140-6736(12)61263-X (Robinovitch et al., Lancet 2013)"
G010,C01,practitioners,Teaching round,"Before putting falls down to age, watch the walk.

Repeated falls without a clear cause in the first 3 years of a Parkinson-like illness: think progressive supranuclear palsy (PSP), and question the diagnosis.

Short, wide-based steps, feet barely lifted, unsteady on turning: think normal pressure hydrocephalus. Selected people often improve after a shunt.

Much worse with eyes closed: think neuropathy (check B12) or inner-ear balance loss.",444,G010_1.png | G010_2.png | G010_3.png | G010_4.png,"Illustrative drawing: a clinician raises her hand in front of a seated older man's eyes, arrows showing up-and-down movement. Text: repeated falls in the first 3 years, think PSP; check up-and-down eye movements; question a Parkinson's diagnosis. Early falls were recorded in about 4 in 100 of 124 autopsy-confirmed Parkinson's cases and about 1 in 3 of 28 PSP cases. || Illustrative drawing: an older South Asian woman walks a hospital corridor with short steps, a physiotherapist a pace behind with a hand ready. An inset shows footprints from above, short steps set wide apart. Text: think normal pressure hydrocephalus; more unsteady on turning; bladder urgency and slowed thinking are common but often not all three; selected people often improve after a shunt. || Illustrative drawing: an older man in socks stands with feet together, shoes beside him, while a clinician stands behind with both hands ready near his back, not touching. Text: much worse with eyes closed, think loss of position sense, for example neuropathy (check B12), or inner-ear balance loss; read the test with the rest of the examination. || Card: watch every person who falls walk, turn and stand with eyes closed. 'Old age' is not a diagnosis.",Sources: https://doi.org/10.1002/mds.26987 (PSP criteria) https://doi.org/10.1038/s41531-025-01206-6 (PD criteria and autopsy data) https://doi.org/10.2176/nmc.st.2020-0292 (NPH guideline) https://doi.org/10.7861/clinmedicine.15-2-145 (B12 review)
G011,C01,practitioners,Teaching round,"Some older people stop walking when you start talking to them.

In a 1997 Swedish study of 58 people in sheltered housing, 10 of the 12 who did this fell within 6 months, against 11 of the 46 who kept walking. In a stroke study, this sign missed about half of those who later fell. Among healthy older volunteers, few people showed it at all.

If someone stops to talk, do a full falls assessment. If they keep walking, don't be reassured.",439,G011.png,"Illustrative comic. A physiotherapist asks an older man with a stick a question while walking; he stops to answer; they sit and she takes notes. Panel 4: 1997 Swedish study of 58 people in sheltered housing; stopped walking, 10 of 12 fell within 6 months; kept walking, 11 of 46 fell (filled squares); later studies weaker. Present: look harder with a full falls assessment. Absent: no reassurance.",Sources: https://doi.org/10.1016/S0140-6736(97)24009-2 (Lundin-Olsson 1997) https://doi.org/10.1136/jnnp.2003.016014 (stroke study 2004) https://doi.org/10.1186/s11556-026-00423-z (healthy volunteers 2026)
G012,C02,practitioners,Teaching round,"A dynamometer and a chair can find probable sarcopenia (loss of muscle strength and mass).

European definition since 2019: grip below about 27 kg in men or 16 kg in women, or more than 15 seconds for five chair rises without arms, means low strength.

The European group says that is enough to look for causes and start treatment. The guideline's strongly recommended treatment is strength exercise.

A muscle scan can come later, if it will change the plan.",459,G012.png,"Flow diagram of the European sarcopenia definition, 2019. Step 1: weak grip (below about 27 kg in men, 16 kg in women) or five chair rises over 15 seconds means probable sarcopenia; look for causes and start strength exercise. Step 2: low muscle quantity confirms it. Step 3: walking 0.8 m/s or slower marks it severe. A scan can come later if it will change the plan.",Sources: EWGSOP2 https://doi.org/10.1093/ageing/afy169 ; ICFSR guideline https://doi.org/10.1007/s12603-018-1139-9 ; Sayer and Cruz-Jentoft 2022 https://doi.org/10.1093/ageing/afac220
G013,C02,practitioners,Teaching round,"You can forget yesterday's physio and still learn from it.

In 23 lab studies, people with Alzheimer's disease still improved at movement tasks with practice, if more slowly. In a trial in 122 people with mild to moderate dementia, adapted strength training beat gentle placebo exercise for strength and chair rises. Degree of cognitive impairment did not predict who improved.

Poor recall alone should not end rehabilitation. Practise the same movement the same way, in the real place.",487,G013.png,"Illustrative four-panel drawing, not a real patient. A physiotherapist and an older woman with a walking frame practise standing from a bedside chair. Day 1 she stands with effort; day 3 she asks if they have met before yet stands more smoothly; then same chair, frame and order, one task at a time; poor recall is a reason to change the method.",Sources: van Halteren-van Tilborg 2007 https://doi.org/10.1007/s11065-007-9030-1 ; Hauer 2012 https://doi.org/10.1111/j.1532-5415.2011.03778.x ; Palma 2023 https://doi.org/10.1177/00315125231182732
G014,C02,public,"Small detail, real effect","Stand up straight, arms loose. The top of your walking stick should reach the crease on the inside of your wrist.

Hold it in the hand opposite your painful or weak leg. If the rubber tip is worn smooth, replace it.

In one English clinic survey of 50 stick users, 44 in 100 sticks were the wrong length and 54 in 100 were in poor condition.

If both legs are weak or balance is poor, ask a physiotherapist whether a frame suits you better.",440,G014.png,"Drawing of an older man standing upright in a hallway with a walking stick, numbered 1 to 3. Check 1: stick top level with the wrist crease (dotted line). Check 2: stick in the hand opposite the painful or weak leg. Check 3: replace a worn rubber tip. In one English clinic survey of 50 users, 44 in 100 sticks were the wrong length.",Sources: Bradley and Hernandez 2011 https://pubmed.ncbi.nlm.nih.gov/21842786/ ; Sheehan and Millicheap 2008 https://doi.org/10.1002/msc.122 ; Liu 2011 https://doi.org/10.1016/j.archger.2010.04.003
G015,C02,both,Care that works,"In care homes studied by Berlin researchers publishing in the early 1990s, residents got attention when they needed help and rarely when they managed alone. Training staff changed this.

Modern trials are mixed: better walking and bathing in 12 US homes, no clear change in independence on 28 Dutch wards, where nurses named time pressure and staff shortages.

Supported self-care needs time and training built into the rota, not only goodwill.",444,G015.png,"Illustrative drawing of a care home bedroom: an older woman with a walking frame beside her bed, a care assistant next to her with hands open, not reaching in, and a second care worker at the door. Text: training staff to encourage self-care changes what staff do; resident gains were seen in some trials (12 US homes) and not others (28 Dutch wards).",Sources: Baltes 1994 https://pubmed.ncbi.nlm.nih.gov/8054165/ ; Baltes and Wahl 1992 https://pubmed.ncbi.nlm.nih.gov/1388862/ ; Resnick 2009 https://doi.org/10.1111/j.1532-5415.2009.02327.x ; Vluggen 2024 https://doi.org/10.1016/j.ijnurstu.2024.104914 ; Bleijlevens 2026 https://doi.org/10.1016/j.ijnsa.2026.100525
G016,C02,practitioners,Reading the evidence,"Should frail older people be promised fewer complications from exercise before surgery?

A Montreal trial in 110 frail patients (average age 78) compared a 4-week programme before bowel cancer surgery with the same programme after it. Complications did not differ clearly. Pooled reviews disagree, and certainty for complications is low or very low.

Offer prehabilitation for possible gains in fitness and recovery. Do not promise it will prevent complications.",462,G016.png,"Two-column card on prehabilitation in frail older people. Can say: may help fitness and recovery (moderate certainty, adults with cancer). Should not promise: fewer complications (low or very low certainty; frail trials unclear). Carli 2020: 110 frail patients, no clear difference in 30-day complications; about 1 in 7 kept to the after-surgery programme.",Sources: Carli 2020 https://doi.org/10.1001/jamasurg.2019.5474 ; McIsaac 2022 (PREHAB) https://doi.org/10.1016/j.bja.2022.04.006 ; McIsaac umbrella review https://doi.org/10.1016/j.bja.2021.11.014 ; Liu 2026 https://doi.org/10.3389/fonc.2026.1777929 ; López-González 2025 https://doi.org/10.3390/ijerph22091381
G017,C02,both,Who gets left out,"UK researchers reported that crossing times assume a walking speed of 1.2 metres per second (2.7 mph).

In a 2005 survey in England, 85% of women and 76% of men aged 65 and over walked slower than that, timed over a short walk.

A larger English study counted measurements, not people: only 1 in 10 in people over 60 was fast enough. Women, the oldest, the poorest and people in worse health were least likely to be fast enough.

The researchers concluded crossing times should be reconsidered.",494,G017.png,"Bar chart, Health Survey for England 2005, 3,145 adults aged 65 and over. Walked slower than 1.2 m/s: women 85%, men 76%. Slower or unable to do the 8-foot walk: women 93%, men 84%. 1.2 m/s is the crossing speed UK researchers reported as assumed.",Sources: Asher 2012 https://doi.org/10.1093/ageing/afs076 ; Webb 2017 https://doi.org/10.1016/j.jth.2017.02.009 ; Hassan 2016 https://doi.org/10.7307/ptt.v29i5.2225
G018,C02,public,Ask this,"Key in the door. Front step. Toilet. Armchair. Kettle. Bed. That is the first hour home.

About 3 in 10 older people admitted to an acute hospital (one that treats sudden illness) left less able than before. They found it harder to wash, dress, use the toilet or get out of a bed or chair. Some of that starts with the illness.

Before discharge, ask the ward therapist which of these six they have seen your relative do. Ask whether the rest can be practised.",460,G018.png,"Checklist card: the first hour home. Has each been seen? Key in the door, front step, toilet, armchair, kettle, bed, each with an empty tick box. About 3 in 10 older people leave acute hospital less able to do basic self-care than before admission. A practical checklist, not a tested tool.",Sources: Loyd 2020 https://doi.org/10.1016/j.jamda.2019.09.015 ; Lockwood 2015 https://doi.org/10.2340/16501977-1942
G019,C02,public,Who gets left out,"Average age 87. Oldest 98.

In a 1994 US care home trial, residents who did 10 weeks of strength training more than doubled their strength on average (up 113%, against 3% without training), and walked about 12% faster while the others slowed slightly.

A review of 67 care home trials found smaller gains: a little better at everyday activities, strength and balance, with no extra deaths.

Care home residents should be offered strength exercise suited to them.",462,G019.png,"Bar chart of average percentage change from each person's own starting level in a 1994 trial of 100 care home residents over 10 weeks. Strength: trained +113%, not trained +3%. Walking speed: trained +12%, not trained -1%. Pooled care home trials show smaller gains in everyday activities, strength and balance.",Sources: Fiatarone 1994 https://doi.org/10.1056/NEJM199406233302501 ; Crocker 2013 Cochrane https://doi.org/10.1002/14651858.CD004294.pub3 ; Pinheiro 2022 https://doi.org/10.1016/j.jamda.2022.06.009
G020,C02,both,What gets counted,"In the last 4 weeks, how far from your front door did you get, and how often?

That is what a life-space assessment asks, on a scale of 0 to 120. Daily-living scores stop at washing, dressing and crossing a room.

In a US study, older people admitted to hospital for a medical illness lost about 10 of those 120 points. As a group, they had not regained them two years later.

Rehabilitation should count the distance beyond the door too.",438,G020.png,"Diagram of five concentric rings around a house: 1 other rooms, 2 outside your door, 3 neighbourhood, 4 your town, 5 beyond your town. A dashed line at the house wall is labelled daily-living scores stop here. After a medical admission about 10 points of 120 were lost and not regained on average up to 2 years later.",Sources: Brown 2009 https://doi.org/10.7326/0003-4819-150-6-200903170-00005 ; Baker 2003 https://doi.org/10.1046/j.1532-5415.2003.51512.x ; Brown 2016 https://doi.org/10.1001/jamainternmed.2016.1870
G021,C02,practitioners,Care that works,"Two 20-minute exercise sessions a day, for hospital patients averaging 87, in a Spanish trial.

Usual care patients went home 5 points worse on a 100-point scale of everyday activities. Exercisers were about 2 points better. No harms were recorded.

A 3-day repeat in three hospitals showed a smaller benefit, and pooled trials show no clear gain in independence, with no rise in falls. Dose seems to count, in the authors' view.",429,G021_1.png | G021_2.png | G021_3.png,"Bar chart of change in Barthel index (0 to 100) from admission to discharge in 370 medical inpatients, average age 87: usual care -5 points, exercise twice a day +2 points. Patients could walk and take part. || Card: two 20-minute sessions a day. Morning supervised strength, balance and walking; evening light ankle weights and a corridor walk; weekends included, median 5 days. || Card: when the dose was smaller. 3 hospitals with 3 exercise days: smaller benefit, no clear difference in everyday activities. 24 trials pooled: no clear gain in independence at discharge; falls not increased.",Sources: Martínez-Velilla 2019 https://doi.org/10.1001/jamainternmed.2018.4869 ; Martínez-Velilla 2022 https://doi.org/10.1001/jamainternmed.2021.7654 ; Hartley 2022 Cochrane https://doi.org/10.1002/14651858.CD005955.pub3
G022,C03,public,Weighing it up,"Leg function can keep improving for close to a year after a broken hip, on average. That is from one large US study, run in 1990 and 1991, of people who had lived at home. Most walking gains came in the first 6 months; later gains were smaller.

In the first weeks a person is usually still early in recovery. In our view, a permanent care home decision should wait for rehabilitation, where safe.

A care home can be the right choice. Ask: what rehabilitation is planned, and when will we decide?",497,G022.png,"Timeline of recovery after a broken hip: first weeks in hospital, about 4 months for mood, arm function and thinking at their best, up to 6 months for most walking gains, close to 1 year for leg function at its best, all averages. A dotted rising line is illustrative only. Decide after rehabilitation where safe.",Sources: https://doi.org/10.1093/gerona/55.9.m498 https://doi.org/10.1186/s12877-016-0332-0 https://doi.org/10.1002/14651858.CD007125.pub3 https://doi.org/10.1093/ageing/afw188
G023,C03,both,"Small detail, real effect","A broken hip often hurts little lying still and a lot when moved.

A nerve block is an injection of local anaesthetic near the nerves to the hip. In a review of trials it reduced pain on movement within half an hour, compared with no block. One injection lasts several hours. Given early in the emergency department, it can cover the X-ray and the move to the ward.

If someone you love has broken a hip, ask: has a nerve block been offered?",441,G023.png,"Flow of five steps after a broken hip: nerve block in the emergency department, X-ray, move to the ward, nursing care, surgery with another block advised. A fading bar shows one injection gives several hours of relief. Pain on movement was about 2.5 points lower out of 10 within half an hour.",Sources: https://doi.org/10.1002/14651858.CD001159.pub3 https://doi.org/10.1111/anae.15291 https://www.nice.org.uk/guidance/cg124 https://publichealthscotland.scot/resources-and-tools/health-strategy-and-outcomes/scottish-national-audit-programme-snap/scottish-hip-fracture-audit-shfa/overview-of-shfa/
G024,C03,practitioners,Reading the evidence,"In the HIP ATTACK trial, surgery at a median of 6 hours after diagnosis did not clearly reduce deaths at 90 days (9 vs 10 in 100) or major complications, compared with a median of 24 hours.

Ontario cohort data link waits over a day with slightly more deaths at 30 days. That is a link, not proof of cause.

NICE asks for surgery on the day of admission or the day after. UK anaesthetic guidance says within 36 hours of the fracture. The aim is no avoidable delay.",464,G024.png,"Bar chart from the HIP ATTACK trial of 2,970 people. Died by 90 days: 9 in 100 with surgery at a median 6 hours, 10 in 100 at a median 24 hours. Death or major complication: 22 in 100 in both groups. No clear difference. Observational and guideline timings are noted below.",Sources: https://doi.org/10.1016/S0140-6736(20)30058-1 https://doi.org/10.1001/jama.2017.17606 https://doi.org/10.1111/anae.15291 https://www.nice.org.uk/guidance/cg124 https://publichealthscotland.scot/resources-and-tools/health-strategy-and-outcomes/scottish-national-audit-programme-snap/scottish-hip-fracture-audit-shfa/overview-of-shfa/
G025,C03,public,Weighing it up,"A Dutch study followed 172 very frail care home residents who chose whether to have surgery after a broken hip. Of those who chose none, about 8 in 10 died within a month, compared with 1 in 4 after surgery. The frailest chose no operation. Relatives rated quality of life as not lower by more than a preset margin. Researchers judged pain undertreated.

We should be able to discuss care without an operation for a few people, with strong pain relief. It should never be a default because of age.",497,G025.png,"Two columns comparing paths after a broken hip for a very small group with short life expectancy. Operation: surgery, then pain relief, getting up and rehabilitation. Care without an operation should include strong pain relief, careful nursing, family support and a written palliative care plan.",Sources: https://doi.org/10.1001/jamasurg.2022.0089 https://www.nice.org.uk/guidance/cg124 https://publichealthscotland.scot/resources-and-tools/health-strategy-and-outcomes/scottish-national-audit-programme-snap/scottish-hip-fracture-audit-shfa/overview-of-shfa/
G026,C03,practitioners,Teaching round,"In a German insole study, none of 16 older people kept to a partial weight-bearing limit throughout after hip fracture surgery; 11 put more than twice the permitted weight through the leg. A second small, non-randomised study found that older people told to restrict weight walked more slowly but loaded the leg as much as those allowed full weight.

NICE says to operate aiming for full weight-bearing straight away.

If a restriction is written, ask for the reason and the plan for moving safely.",498,G026.png,"Icon array of 16 older people after hip fracture surgery. 11 icons marked with double chevrons put more than twice the permitted weight through the leg; the other 5, marked with a bar, did not keep to it throughout. None of 16 kept to partial weight-bearing. Young adults with ankle fractures mostly did (14 of 18).",Sources: https://doi.org/10.2106/JBJS.17.01222 https://doi.org/10.1007/s00402-019-03193-9 https://www.nice.org.uk/guidance/cg124
G027,C03,practitioners,Teaching round,"NICE lists nine problems to find and treat straight away so they don't delay hip fracture surgery, from anaemia and anticoagulation to dehydration and chest infection.

UK anaesthetic guidance says not to wait for an echocardiogram, and not to delay for aspirin or clopidogrel. UK guidance says 36 hours is enough time to correct the medical obstacles to surgery, if the work starts at once on arrival at hospital.

We should expect any delay to name the problem and when it will be fixed.",489,G027.png,"Checklist for the first hours of a hip fracture. Treat straight away: anaemia, anticoagulation, dehydration, electrolyte imbalance, uncontrolled diabetes, uncontrolled heart failure, correctable arrhythmia or ischaemia, acute chest infection, flare of chronic chest condition. Not a reason to wait: echocardiogram, aspirin or clopidogrel, routine tests.",Sources: https://www.nice.org.uk/guidance/cg124 https://doi.org/10.1111/anae.15291 https://doi.org/10.1016/j.injury.2015.03.024 https://publichealthscotland.scot/resources-and-tools/health-strategy-and-outcomes/scottish-national-audit-programme-snap/scottish-hip-fracture-audit-shfa/overview-of-shfa/
G028,C03,public,Ask this,"A normal hip X-ray is usually right, but not always. The NICE guideline estimates X-rays find 90 to 98 in every 100 broken hips.

If the person still can't take weight on the leg the next day and a fracture is still suspected, NICE says to offer an MRI. If MRI isn't available within 24 hours, consider CT. In a review of older people with normal X-rays but a still-suspected fracture, MRI found one needing surgery in about 4 in 10.

Ask: ""Could the X-ray have missed a fracture? Is an MRI needed?""",499,G028.png,Illustrative three-panel comic. An older woman after a fall is seen with a doctor after a normal hip X-ray. The next morning a care worker beside her bed sees she still can't take weight on the leg. The care worker asks whether an MRI could show a fracture the X-ray missed.,Sources: https://www.nice.org.uk/guidance/cg124/chapter/recommendations https://doi.org/10.1148/radiol.2020192167
G029,C03,public,Ask this,"Being next of kin does not give you the legal right, in England and Wales, to consent to your mother's hip operation.

If she can't decide, someone she appointed as a health and welfare attorney (named in a legal document) may. Otherwise the doctor responsible decides in her best interests, and must take her wishes and values into account. Scotland's law differs: a doctor completes a certificate of incapacity (a form saying she can't decide).

Ask: who is deciding, and on what basis?",488,G029_1.png | G029_2.png,"Card 1: in England and Wales, next of kin can't consent to surgery for an adult who can't decide; an attorney or deputy decides, or the responsible doctor. In Scotland, a doctor completes a certificate of incapacity. The person's wishes must be taken into account. || Card 2: three questions to ask: who is making the decision and on what basis; could they decide with help or at another time; how will what they would want be taken into account.",Sources: https://doi.org/10.1177/0269215519852987 https://doi.org/10.1016/j.bjae.2018.01.006 https://doi.org/10.1016/j.bjae.2018.04.001 https://doi.org/10.7759/cureus.20322
G030,C03,both,"Small detail, real effect","Trouble swallowing is common after a hip operation: about 1 in 3 older people in one Australian unit. Many don't notice it themselves. It is linked with chest infection from food or drink going the wrong way.

At the first drink, the person should sit fully upright. Watch for coughing or choking, a hoarse or changed voice, or several swallows for one mouthful. If you see them, ask the ward for a swallowing assessment.",421,G030.png,"Annotated scene: an older man sits upright in a high-backed chair holding a cup, with a nurse standing nearby. Four numbered pins mark signs to watch: coughing or choking, hoarse voice, several swallows per mouthful, food left in the mouth. About 1 in 3 older people had swallowing trouble in one Australian unit.",Sources: https://doi.org/10.1093/ageing/aft037 https://doi.org/10.1016/j.archger.2023.105312 https://doi.org/10.1093/ageing/afab032 https://doi.org/10.1002/lary.28194 https://doi.org/10.2147/CIA.S107750
G031,C04,public,Ask this,"Denosumab (Prolia) is a bone injection given every 6 months. If a dose is missed, its effect wears off fast.

In a follow-up of a large trial, spinal fractures rose from about 1 to about 7 per 100 women a year after stopping.

If you have it, ask: when is the next one due, and who is booking it? If it is to stop, UK guidance is a planned switch to another bone medicine. If the date has passed, ring the surgery now.",418,G031.png,"Illustrative timeline of one year on a 6-monthly bone injection: injection at the GP surgery at month 0, hospital stay at month 3, move to a care home with a new GP at month 5, next injection due at month 6 with the question who books it. Two questions: when is it due, who is booking it. If stopping, plan a switch; if overdue, ring the surgery now.",Sources: Cummings 2018 https://pubmed.ncbi.nlm.nih.gov/29105841/ ; NOGG 2022 https://pubmed.ncbi.nlm.nih.gov/35378630/ ; Tsourdi 2021 https://pubmed.ncbi.nlm.nih.gov/33103722/ ; Lyu 2020 https://pubmed.ncbi.nlm.nih.gov/32716706/
G032,C04,both,Reading the evidence,"Vertebroplasty means injecting cement into a broken spinal bone. In five trials against a sham procedure (made to look real, but no cement), pain at one month averaged 4.3 out of 10 after cement and 5 after the sham, a gap smaller than patients notice. Pain eased in both groups.

One trial in fractures under 6 weeks old with severe pain did find benefit.

UK guidance says not routine. Pain relief that keeps you moving, physiotherapy and bone treatment come first.",467,G032.png,"Bar chart of average pain at one month out of 10 in five sham-controlled trials of vertebroplasty, 541 people: 4.3 with cement, 5 with sham. The gap is smaller than patients notice. One trial in fractures under 6 weeks old found benefit: low pain at two weeks in 44 in 100 after cement, 21 in 100 after sham.",Sources: Cochrane 2018 https://pubmed.ncbi.nlm.nih.gov/30399208/ ; Clark 2016 (VAPOUR) https://pubmed.ncbi.nlm.nih.gov/27544377/ ; NOGG 2022 https://pubmed.ncbi.nlm.nih.gov/35378630/
G033,C04,both,Weighing it up,"A weekly alendronic acid tablet means an empty stomach, a glass of plain water and 30 minutes upright before breakfast.

In trials, about a year of treatment spared 1 in 100 women a fracture outside the spine. Those women were 63 to 74 on average, not near the end of life.

For someone likely to live only months, stopping can be right. Denosumab is the exception: ask for a plan. Stopping the tablet should never mean less comfort or pain relief.",448,G033.png,"Drawing of an older woman sitting in an armchair beside a bedside table with a jug and glass of water, with a numbered list of the weekly tablet routine: nothing to eat or drink first, tablet with plain water, sit or stand 30 minutes, then breakfast. About 1 year of treatment spared 1 in 100 women a fracture outside the spine. Near the end of life consider stopping; denosumab needs a plan.",Sources: Deardorff 2022 https://pubmed.ncbi.nlm.nih.gov/34807231/ ; STOPPFrail 2017 https://pubmed.ncbi.nlm.nih.gov/28119312/ ; Greenspan 2015 https://pubmed.ncbi.nlm.nih.gov/25867538/ ; NOGG 2022 https://pubmed.ncbi.nlm.nih.gov/35378630/
G034,C04,both,Reading the evidence,"Two huge trials, VITAL and D-Health, found vitamin D alone did not prevent broken bones. About 6 in 100 broke a bone either way.

Most people were healthy, and in VITAL most were not short of vitamin D. Evidence for people who are short is thin, not absent.

Vitamin D with calcium slightly cut hip fractures when trials were combined. Hip fractures are commoner in care homes, so more are estimated to be prevented there. On a bone medicine, UK guidance says you still need enough vitamin D.",492,G034_1.png | G034_2.png | G034_3.png,"Two 10 by 10 grids, 6 filled in each. In the VITAL trial about 6 in 100 broke a bone over about 5 years, with vitamin D (769 of 12,927) and with a dummy pill (782 of 12,944). Vitamin D alone did not mean fewer broken bones. || Big number: 2 in 100 had very low vitamin D. The trial was mostly healthy adults aged 50 and over, not designed to test people short of vitamin D; authors say results may not apply to people with osteoporosis or in care homes. || Bars labelled as estimates: with calcium, about 1 fewer hip fracture per 1000 people a year at home and about 9 fewer per 1000 in care homes. On a bone medicine you still need enough vitamin D.",Sources: LeBoff 2022 (VITAL) https://pubmed.ncbi.nlm.nih.gov/35939577/ ; Waterhouse 2023 (D-Health) https://pubmed.ncbi.nlm.nih.gov/37011645/ ; Avenell 2014 Cochrane https://pubmed.ncbi.nlm.nih.gov/24729336/ ; NOGG 2022 https://pubmed.ncbi.nlm.nih.gov/35378630/
G035,C04,practitioners,What gets counted,"A 1990 trial of fluoride raised spine density 35% more than placebo. Spinal fractures were not reduced (163 v 136); other fractures numbered 72 v 24.

For approved drugs, density tracks benefit across whole trials. But it explains only part of the benefit: with alendronate, about 16% of the fall in spinal fractures. One person's repeat scan varies more than real differences between people.

Before blaming the drug for a small scan change, check it is taken correctly and look for new fractures.",498,G035.png,"Bar chart of fracture counts in a 4-year sodium fluoride trial of 202 women. Spine density was 35% higher with fluoride. Spinal fractures: 163 with fluoride, 136 with placebo, no clear difference. Other fractures: 72 with fluoride, 24 with placebo. Counts of fractures, not women.",Sources: Riggs 1990 https://pubmed.ncbi.nlm.nih.gov/2407957/ ; Black 2020 https://pubmed.ncbi.nlm.nih.gov/32707115/ ; Cummings 2002 https://pubmed.ncbi.nlm.nih.gov/11893367/ ; Bell 2009 https://pubmed.ncbi.nlm.nih.gov/19549996/ ; NOGG 2022 https://pubmed.ncbi.nlm.nih.gov/35378630/
G036,C04,practitioners,Reading the evidence,"Denosumab is often the choice when kidneys rule out a bisphosphonate.

In a US study of women aged 65 and over on dialysis, about 41 in 100 starting denosumab had a severe drop in calcium within 12 weeks, against 2 in 100 on a bisphosphonate tablet. Observational, and many drops were found on routine bloods.

Correct calcium and vitamin D first, check calcium before each dose, recheck within 2 weeks if creatinine clearance is under 35, and involve the kidney team.",468,G036.png,"Checklist for denosumab with low kidney function. In women 65 and over on dialysis, severe low calcium within 12 weeks: 41 in 100 on denosumab against 2 in 100 on a bisphosphonate (observational). Correct calcium and vitamin D first, check calcium before each injection, recheck within 2 weeks if CrCl is below 35, report symptoms, involve the kidney team.",Sources: Bird 2024 JAMA https://pubmed.ncbi.nlm.nih.gov/38241060/ ; Bird 2024 Ann Intern Med https://pubmed.ncbi.nlm.nih.gov/39556837/ ; NOGG 2022 https://pubmed.ncbi.nlm.nih.gov/35378630/
G037,C04,practitioners,Teaching round,"Most thigh pain in people on long-term bisphosphonates has other causes. But atypical thigh-bone fractures, rare stress fractures, often give days to months of thigh, groin or hip ache first, and can affect both sides.

Ask about this pain at every review. If present, image the whole femur. If an atypical fracture is found, image the other one.

Modelled estimates: 149 hip fractures prevented for 2 atypical fractures per 10,000 White women with osteoporosis over 3 years.",475,G037.png,"Line drawing of two thigh bones, the upper shaft of one shaded and marked 1, a numbered mark 2 at the hip for warning ache, the other bone dotted to show both sides can be affected. Ask about thigh, groin or hip pain at reviews; image the whole femur; if found, image the other side. Modelled: 149 hip fractures prevented against 2 atypical per 10,000 White women over 3 years.",Sources: Shane 2014 ASBMR task force https://pubmed.ncbi.nlm.nih.gov/23712442/ ; Black 2020 NEJM https://pubmed.ncbi.nlm.nih.gov/32813950/ ; NOGG 2022 https://pubmed.ncbi.nlm.nih.gov/35378630/
G038,C04,public,"Small detail, real effect","Take the weekly bone tablet first thing with a full glass of plain water, sitting or standing, and wait at least 30 minutes before food, other drinks or other tablets.

Less than 1 part in 100 is absorbed even done right. In volunteer studies, coffee or orange juice cut absorption by about 60 per cent, and breakfast by more than 85.

If swallowing becomes painful or you get new heartburn, stop and ask your pharmacist.",421,G038.png,"Four-panel illustrative comic. An older man takes the weekly bone tablet with a full glass of plain water before breakfast, then stands. His partner, with a walking stick, waits by the kettle: no coffee, juice, food or other tablets for 30 minutes. In volunteers coffee or juice cut absorption by about 60%. After 30 minutes they sit to breakfast.",Sources: Gertz 1995 https://pubmed.ncbi.nlm.nih.gov/7554702/ ; de Groen 1996 https://pubmed.ncbi.nlm.nih.gov/8793925/ ; NOGG 2022 https://pubmed.ncbi.nlm.nih.gov/35378630/
G039,C04,practitioners,Teaching round,"Five years of bisphosphonate tablets, or three of zoledronate, is a review date, not an automatic stop.

UK guidance: continue if 70 or over, previous hip or spinal fracture, prednisolone 7.5 mg a day or more, a fracture on treatment, or still high risk. Lower-risk people can take an 18 month to 3 year break.

Denosumab is different (see the earlier post). Write the reassessment date in the record.",401,G039.png,"Flow diagram. After 5 years of tablets or 3 of zoledronate, reassess fracture risk; a holiday is not automatic. Higher risk (70 or over, hip or spinal fracture, prednisolone 7.5 mg a day or more, fracture on treatment, still high risk): continue. Lower risk: planned break of 18 months to 3 years, then reassess. Denosumab has no holiday.",Sources: NOGG 2022 https://pubmed.ncbi.nlm.nih.gov/35378630/ ; Adler 2016 ASBMR https://pubmed.ncbi.nlm.nih.gov/26350171/ ; Black 2006 FLEX https://pubmed.ncbi.nlm.nih.gov/17190893/ ; Black 2012 https://pubmed.ncbi.nlm.nih.gov/22161728/
G040,C04,public,Ask this,"Men starting long-term hormone treatment for prostate cancer lose bone fastest in the first 6 to 12 months. In US records, among men who lived at least 5 years, 19 in 100 who had hormone treatment had broken a bone, against 13 in 100 who did not. That is a link, not proof.

Aromatase inhibitors for breast cancer remove almost all oestrogen and also speed bone loss.

UK guidance: a fracture risk check when treatment starts. If nobody has mentioned your bones, ask.",467,G040.png,"Question card. Hormone treatment for prostate cancer and aromatase inhibitors for breast cancer both speed bone loss. Suggested question: can my fracture risk be checked now, at the start? In men with prostate cancer who lived 5 or more years, 19 in 100 on hormone treatment had broken a bone against 13 in 100 without, a link not proof.",Sources: Shahinian 2005 https://pubmed.ncbi.nlm.nih.gov/15647578/ ; Brown 2020 https://pubmed.ncbi.nlm.nih.gov/32995252/ ; NOGG 2022 https://pubmed.ncbi.nlm.nih.gov/35378630/ ; Hadji 2017 https://pubmed.ncbi.nlm.nih.gov/28413771/
G041,C05,practitioners,What gets counted,"""Improving since admission"" can still mean worse than before the illness.

A US study followed 2,293 medical inpatients aged 70 and over. 35 in 100 went home less able to wash or dress than two weeks before admission. 23 in 100 had declined before arriving and had not regained it by discharge.

The data are over 20 years old, but a 2020 review found about 3 in 10 lost independence in daily activities after a hospital stay.

We should record the level before illness and the gap at discharge.",495,G041_1.png | G041_2.png,"Illustrative line diagram, no numbers. Function starts high two weeks before, drops to its lowest at admission, then rises by discharge but stays below the starting level. A solid teal bracket marks the gain since admission; a dashed orange bracket marks the gap still left. || Bar divided into 100 parts for 2,293 people aged 70+ on US medical wards: 23 lost function before admission and did not regain it, 12 lost it during the stay, 20 lost it before admission but regained it, 45 everyone else. 35 in 100 went home less able. Data over 20 years old.",Sources: https://doi.org/10.1046/j.1532-5415.2003.51152.x | https://doi.org/10.1016/j.jamda.2019.09.015 | https://doi.org/10.1111/j.1525-1497.2001.00625.x
G042,C05,practitioners,Teaching round,"""Any difficulty with stairs?"" can get a no from someone taking them one step at a time.

In a 1990s Baltimore study of more able women in their 70s, some reported no difficulty but had changed how they walked or climbed stairs. They were already slower and weaker, and more likely to develop difficulty within 18 months. A Finnish study found a similar pattern.

Ask: ""Have you changed how or how often you do this because of your health?"" Whether acting early prevents disability is untested.",493,G042.png,Three-panel comic. A clinician asks a woman in her late 70s about difficulty with stairs and she says no. At home she climbs one step at a time holding the rail with both hands. The clinician then asks whether she has changed how or how often she climbs. Illustrative; linked to later difficulty in Baltimore studies.,Sources: https://doi.org/10.1016/s0895-4356(01)00357-2 | https://doi.org/10.1093/gerona/55.1.m43 | https://doi.org/10.1016/j.archger.2011.08.018 | https://doi.org/10.1016/j.apmr.2007.06.016
G043,C05,public,Care that works,"Being called frail describes where you are now. It can change in both directions.

16 studies followed 42,775 older people living at home for about 4 years on average. 14 in 100 became less frail and 29 in 100 more frail. Among frail people, 40 in 100 moved to a milder early stage and 3 in 100 lost all signs of frailty.

Guidelines name exercise with strength training as the first treatment, plus protein or calories if you are losing weight.

Ask when your frailty will be looked at again.",493,G043.png,"Ten by ten array of 100 person icons: 14 teal with up arrows are less frail, 57 grey are the same, 29 orange with down arrows are more frail, about 4 years later on average. Pooled from 16 studies of 42,775 people living at home. Improvement among frail people was mostly to prefrail.",Sources: https://doi.org/10.1016/j.arr.2019.01.010 | https://doi.org/10.1001/archinte.166.4.418 | https://doi.org/10.1007/s12603-019-1273-z
G044,C05,practitioners,Teaching round,"Two people can both score 6 on the Clinical Frailty Scale for different reasons.

The scale counts the help a person needs, from any cause. Its developers say level 6 fits someone with moderate dementia who can dress only with prompting, and someone with intact thinking who needs standby help because of a physical disability.

We should write the reason next to the number, e.g. ""CFS 6 (moderate dementia; walks independently)"".",430,G044.png,"Two drawn scenes, both scoring CFS 6. On the left an older man with moderate dementia walks on his own while a carer helps with dressing. On the right a woman with intact thinking sits on a shower stool, a walking frame beside her, with a support worker standing by. Write the reason next to the number.","Source: Rockwood and Theou, Can Geriatr J 2020 https://doi.org/10.5770/cgj.23.463"
G045,C05,public,Ask this,"""CFS 6"" in a hospital letter means the Clinical Frailty Scale: 1 is very fit, 9 is terminally ill.

Level 4 means symptoms slow you down but you need no daily help. Levels 5 to 8 describe increasing need for help; 6 means help outside the home, with housework and bathing.

It should describe your usual self, such as two weeks before the illness. Ask what yours was based on and what it is being used for.",406,G045_1.png | G045_2.png,"Ladder of Clinical Frailty Scale levels in plain words: 1 to 3 fit or managing well; 4 slowed down; 5 help with money, transport, heavy housework; 6 help outside the home and bathing; 7 all personal care; 8 as 7, near end of life; 9 under about 6 months. Ask what the score was based on. || Three questions to ask about a frailty score: what was it based on, does it describe me before this illness, and what is it being used for. A drawn older Black woman and her adult son sit at a kitchen table with a paper between them.","Source: Rockwood and Theou, Can Geriatr J 2020 https://doi.org/10.5770/cgj.23.463"
G046,C05,public,Care that works,"Difficulty at home can come from your body or your home.

A US trial of 300 older people on low incomes sent an occupational therapist, nurse and handyperson to half. At 5 months they reported less difficulty with basic daily tasks such as washing and dressing, on an overall score, than those given social visits. The difference was not clear by 12 months. A 2025 trial after hospital did not clearly improve daily tasks.

If tasks are getting harder, ask for someone to look at you and your home.",498,G046.png,"Drawn living room and staircase. An older Black woman with a walking stick talks with an occupational therapist; a nurse sits at a table; a handyperson kneels at the stair rail. Numbered pins match a key: therapist up to 6 visits, nurse up to 4, handyperson repairs, the person's own goal. US trial of 300 people: less daily difficulty at 5 months, not clear at 12.",Sources: https://doi.org/10.1001/jamainternmed.2018.6026 | https://doi.org/10.1111/jgs.70116
G047,C05,practitioners,Reading the evidence,"Comprehensive geriatric assessment in hospital: in 29 trials, about 60 in 100 were alive and at home 3 to 12 months later, against 56 in 100 without. Fewer went into care homes. Deaths were the same.

For frail people at home, 21 studies showed probably little or no difference in deaths or care home moves, and possibly fewer unplanned admissions (weak evidence).

The tested model is a team assessment plus a plan that is followed up. Judgement: a service using the name should show both.",490,G047_1.png | G047_2.png,"Paired bars per 100 people from a Cochrane review of hospital specialist assessment, with versus without. Alive and at home: about 60 versus about 56. Moved into a care home: about 15 versus about 19. Died: 23 versus 23. Teal solid bars are with, hatched grey are without. || Statement card on Cochrane evidence from 21 studies of frail older people at home: little or no difference in deaths or care home moves; may reduce unplanned admissions, low certainty. What was tested: team assessment, a coordinated plan, and follow-up.",Sources: https://doi.org/10.1002/14651858.CD006211.pub3 | https://doi.org/10.1002/14651858.CD012705.pub2 | https://doi.org/10.1136/bmj.d6553
G048,C05,practitioners,Reading the evidence,"Who counts as frail depends on the tool used.

35 published frailty tools were applied to the same 5,377 people aged 60 and over in England. The 29 with a published cut-off labelled between about 1 in 100 and about 7 in 10 of them frail. For almost 9 in 10 pairs of tools, agreement on who was frail was moderate at best.

The authors concluded most tools can't be swapped. Before applying a frailty study, check which tool and cut-off it used.",444,G048.png,"Question card. In the same 5,377 people aged 60+ in England, the share called frail across 29 frailty tools with a published cut-off ranged from about 1 in 100 to about 7 in 10. Most tool pairs agreed only weakly to moderately. Three questions: which tool, which cut-off, and were the people studied identified like the person in front of you.",Sources: https://doi.org/10.1093/aje/kwx061 | https://doi.org/10.1111/j.1532-5415.2012.04054.x | https://doi.org/10.1093/ageing/afaa219
G049,C06,practitioners,Teaching round,"Swollen ankles that start after amlodipine can be a side effect of the drug.

In Ontario, about 14 in 1,000 people aged 66 or over started on a calcium channel blocker such as amlodipine were given a loop diuretic within 3 months. After other blood pressure tablets it was about 7 in 1,000. Dispensing data show who got the diuretic, not why.

Before adding a water tablet, consider a lower dose, a different drug, or whether it is still needed.",445,G049.png,"Diagram of a prescribing cascade. A calcium channel blocker such as amlodipine is started, ankle swelling follows as a known side effect, and a loop diuretic is added. A dashed box shows an illustrative further drug. Advice: review the first drug. In Ontario, people 66+ given a diuretic within 3 months: 14 per 1,000 after a calcium channel blocker, 7 per 1,000 after an ACE inhibitor or ARB.",Sources: Savage 2020 https://doi.org/10.1001/jamainternmed.2019.7087 ; Makani (J Hypertens) 2011 https://doi.org/10.1097/HJH.0b013e3283472643 ; Makani (Am J Med) 2011 https://doi.org/10.1016/j.amjmed.2010.08.007 ; Woodford 2020 https://doi.org/10.1007/s40266-019-00730-4 ; Growdon 2025 https://doi.org/10.1001/jamanetworkopen.2025.45274
G050,C06,both,Reading the evidence,"'Common' in a medicine leaflet means between 1 in 100 and 1 in 10 people. At most 10 in 100.

In a small UK study, statin users told constipation was 'common' guessed 34 in 100 would get it. The figure used was 2.5 in 100. People given the number guessed about 8 in 100: too high, but closer.

'Uncommon' means up to 1 in 100. 'Rare' means up to 1 in 1,000. If a leaflet gives only the word, ask the pharmacist for the number.",426,G050.png,"Bar chart on a scale of people in 100. Told a side effect was 'common', statin users guessed 34 in 100 on average. Told the number, they guessed 8 in 100. The figure used in the study was 2.5 in 100. Below, the five leaflet frequency words with their ranges, from very common to very rare. Source: Knapp 2004, 120 statin users in Leeds.",Sources: Knapp 2004 https://doi.org/10.1136/qhc.13.3.176 ; Büchter 2014 https://doi.org/10.1186/1472-6947-14-76 ; Berry 2003 https://doi.org/10.2165/00002018-200326010-00001
G051,C06,public,What gets counted,"A medication review can happen without you in the room.

In 2017 interviews, 23 GPs and pharmacists said most reviews were done from the notes, without the patient, because of workload. Stopping a medicine was harder, because it needs a conversation.

A small study, and patients were not asked.

We think a review of your medicines should include you. You can ask your practice for one: what you take, what worries you, and whether each medicine still helps.",459,G051.png,"Three-panel illustrative comic. A GP at her desk beside a stack of repeat prescription requests, then an older man at his kitchen table with a pill organiser and phone wondering if his review included him, then the two talking over his medicine boxes. Study note: in 2017, 23 GPs and pharmacists said most reviews were done without the patient. Small study.",Sources: Duncan 2019 https://doi.org/10.3399/bjgp19X701321 ; Agwunobi 2025 https://doi.org/10.1136/bmjopen-2024-097012
G052,C06,both,"Small detail, real effect","A used fentanyl patch (a strong painkiller) still holds a substantial amount of medicine. Enough to seriously harm a child or a pet.

Take the old patch off before the new one goes on. In one Swedish region's incident reports, 7 of 13 too-high-dose reports involved an old patch left on.

Keep heat pads and hot water bottles off it: heat speeds absorption.

Fold used patches sticky sides together; dispose of them as the pharmacist advises. Unusual sleepiness or slow breathing needs urgent help.",498,G052.png,"Drawn bedroom scene: an older woman and man sit on the edge of a bed, he holding a notepad. Numbered markers point to the arm, the bed covers and a medicine bag on a high shelf. Three checks for a strong pain patch: take the old one off first, no heat over it, fold used patches sticky sides together. A used patch can still harm a child or pet.",Sources: Marquardt 1995 https://doi.org/10.1177/106002809502901001 ; Hilado 2020 https://doi.org/10.7759/cureus.6755 ; Lövborg 2014 https://doi.org/10.1186/2050-6511-15-31 ; Ashburn 2003 https://doi.org/10.1016/s1526-5900(03)00618-7
G053,C06,practitioners,Reading the evidence,"A European trial called OPERAM studied 2,008 people aged 70 or over in hospital. About half were assigned to a medicines review. It flagged a possible medicines change for 86 in 100 reviewed.

At 2 months, about 42 in 100 in both groups were on a medicine judged overused. Over a year, about 22 in 100 in both groups were readmitted because of a medicine. No clear difference.

When you read a medicines-review trial, check each step against the control group, not only within the reviewed group.",496,G053.png,Chain diagram of the OPERAM medicines review trial. Within the reviewed group: 86 in 100 had a recommendation; about 6 in 10 of those had at least one change by 2 months. Compared with control: about 42 in 100 on an overused medicine in each group; about 22 in 100 readmitted for a medicine within a year in each group. No clear difference in readmission; quality of life about 2 points higher.,"Sources: OPERAM, Blum 2021 https://doi.org/10.1136/bmj.n1585 ; Cochrane, Cole 2023 https://doi.org/10.1002/14651858.CD008165.pub5"
G054,C06,practitioners,Reading the evidence,"Discharging doctors were asked which older patients would have a medicines problem needing healthcare in the next 8 weeks. Their predictions showed no clear link with who did.

In the same English study of 1,116 people aged 65 or over, 37 in 100 had some harm within 8 weeks, mostly side effects. About 8 in 100 were readmitted because of it.

Doctors did better when confident. Still, we think follow-up after discharge should not rest on a hunch.",448,G054.png,"Icon array of 100 people, 37 hatched orange for harm from medicines within 8 weeks of leaving hospital and 63 grey for none recorded. Cohort: 1,116 people aged 65 or over, five English hospitals. About 29 in 100 needed NHS care, about 8 in 100 were readmitted. Doctors' predictions at discharge showed no clear link with who was harmed.",Sources: Parekh 2018 (incidence) https://doi.org/10.1111/bcp.13613 ; Parekh 2018 (prediction) https://doi.org/10.1111/bcp.13690
G055,C06,public,Ask this,"When people are admitted to hospital, their medicine list often has something missing. A list built from the boxes at home will miss the six-monthly bone injection (denosumab). It also misses anything from a hospital clinic and anything you buy, including vitamins and herbal remedies.

In one small English survey (39% replied), about 1 in 3 older people on prescriptions also took a supplement or herbal remedy.

Tell the hospital team about these, and add eye drops, inhalers, patches and creams.",499,G055.png,"Checklist titled medicines that are not in the boxes at home: injections every few months such as 6-monthly denosumab, anything supplied by a hospital clinic, anything you buy such as vitamins and herbal remedies, then eye drops, inhalers, patches and creams. About 1 in 3 older people in one small English survey also took a supplement or herbal remedy.",Sources: Tam 2005 https://doi.org/10.1503/cmaj.045311 ; Agbabiaka 2018 https://doi.org/10.3399/bjgp18X699101 ; Agbabiaka 2017 (review) https://doi.org/10.1007/s40266-017-0501-7 ; Cummings 2009 https://doi.org/10.1056/NEJMoa0809493 ; Shah and Barnett 2015 https://doi.org/10.1002/psb.1415
G056,C06,both,Weighing it up,"For a frail older person on insulin or a diabetes tablet like gliclazide, a low HbA1c (average blood sugar test) can mean over-treatment.

In Norfolk, about 3 in 10 people aged 70+ with diabetes on these drugs had an HbA1c below 53 mmol/mol (low), as often with kidney disease or dementia. HbA1c does not show low blood sugars, linked with falls.

UK specialists say usual targets are too tight in frailty. Ask: any low blood sugars, and is this dose still needed? Don't change doses alone.",490,G056.png,"Dark question card: a low HbA1c on insulin or gliclazide, ask two questions. Have there been any low blood sugars? Is this dose still needed? A schematic line graph, not measured data, shows blood sugar dipping below a dotted average line. HbA1c shows the average, not low sugars. In Norfolk about 3 in 10 people aged 70+ on these drugs had HbA1c below 53.",Sources: Hambling 2017 https://doi.org/10.1111/dme.13380 ; Lipska 2015 https://doi.org/10.1001/jamainternmed.2014.7345 ; Strain 2018 https://doi.org/10.1111/dme.13644 ; Farrell 2017 https://pubmed.ncbi.nlm.nih.gov/29138153/ ; Mattishent 2021 https://doi.org/10.3389/fendo.2021.571568 ; Munshi 2011 https://doi.org/10.1001/archinternmed.2010.539 ; Crabtree 2022 https://doi.org/10.1080/17446651.2022.2079495
G057,C06,public,Ask this,"Parkinson's medicine times are set for each person. One recent English hospital audit (a check of its own practice), citing NICE standards, set a target of giving each dose within 30 minutes of that time.

In a Dublin study, 52 in 100 doses were more than 30 minutes late. Missed doses are linked with longer stays, though that does not show cause.

If someone you care for is admitted, ask for doses at their own times, whether they can use their own supply, and for a plan if they can't swallow.",497,G057.png,"Drawn hospital bay: an older man sits in a chair with his own pill organiser and walking frame in front of him, while his daughter holding a folder and a nurse stand by. Three questions: can doses be given at their own times, can they keep their own supply, and what is the plan if they can't swallow. A Dublin study found 52 in 100 doses over 30 minutes late.",Sources: Richard 2022 https://doi.org/10.1002/mdc3.13408 ; Yu 2023 https://doi.org/10.1016/j.parkreldis.2023.105491 ; Lertxundi 2017 https://doi.org/10.1016/j.parkreldis.2016.12.028 ; Omer 2025 https://doi.org/10.7759/cureus.97619 ; Delf and Wright 2026 https://doi.org/10.1155/padi/8428752
G058,C06,public,"Small detail, real effect","If you take a water tablet or a blood pressure tablet such as ramipril or losartan, ask a pharmacist before buying ibuprofen or naproxen. Take extra care if you take both.

Two UK studies, one Scottish, link that mix with sudden kidney injury. Only the Scottish study also found a risk when just one of the two was taken. In that study, more people were affected with all three: about 1 extra kidney injury per 158 people taking an anti-inflammatory for a year with both, not a few days.",487,G058_1.png | G058_2.png,"Three tablets, a water tablet, a blood pressure tablet such as ramipril or losartan, and an anti-inflammatory painkiller such as ibuprofen, point by arrows to a drawn kidney. Ask a pharmacist first. The combination is linked with sudden kidney injury, with larger absolute risk when all three are taken together. || Icon array of 158 people with 1 highlighted: about 1 extra kidney injury per 158 people on all three medicines for a year. With only one of the two other medicines: fewer than 1 extra in 300 per year. Blood-test kidney injury in Tayside; a link, not proof of cause.",Sources: Lapi 2013 https://doi.org/10.1136/bmj.e8525 ; Dreischulte 2015 https://doi.org/10.1038/ki.2015.101
G059,C06,practitioners,Care that works,"In 33 Tayside practices, high-risk anti-inflammatory and antiplatelet prescribing fell from about 37 to 22 per 1,000 patients at risk, and was about 20 a year after payments stopped (post hoc).

The programme: training, a list of each practice's patients on 9 named risky combinations, and paid time to review each one.

Stomach bleeding admissions fell; kidney injury admissions showed no clear difference.

We think a short named list may work better than a general call to review everything.",494,G059.png,"Bar chart of high-risk anti-inflammatory and antiplatelet prescribing in 33 Tayside practices, per 1,000 patients at risk: 37 before, 22 at the end of the programme, 20 a year after payments stopped (hatched, post hoc check). The programme gave training, a patient list and paid review time.",Sources: Dreischulte 2016 https://doi.org/10.1056/NEJMsa1508955 ; process evaluation https://doi.org/10.1186/s13012-016-0531-2 ; IMPPP 2025 https://doi.org/10.1016/j.lanhl.2025.100774
G060,C06,both,"Small detail, real effect","About 1 in 7 older people at home report trouble swallowing pills (small review). In one German survey of adults, more than half of those with difficulty had altered their tablets themselves.

Crushing a slow-release tablet (often marked MR, SR or XL) can release the whole dose at once. Crushing a tablet coated against stomach acid can stop it working.

Before crushing anything, ask a pharmacist. There may be a liquid or a dissolving (dispersible) tablet.",459,G060.png,"Drawn kitchen table: an older woman holds a glass of water by a pill organiser and phone while an older man holds a tablet crusher. Numbered markers point to the glass, crusher, tablets and phone. Before crushing: ask how tablets go down, crushing can change a medicine, don't crush slow-release tablets, ask a pharmacist first. Hiding medicine in food needs a formal decision.",Sources: Mc Gillicuddy 2016 https://doi.org/10.1007/s00228-015-1979-8 ; Schiele 2013 https://doi.org/10.1007/s00228-012-1417-0 ; Mc Gillicuddy 2019 https://doi.org/10.1016/j.sapharm.2019.01.004 ; Serrano Santos 2016 https://doi.org/10.1016/j.ijpharm.2016.02.036 ; Prescrire 2014 https://pubmed.ncbi.nlm.nih.gov/25325120/ ; Saran 2022 https://doi.org/10.3399/BJGPO.2022.0001 ; Majkic 2025 https://doi.org/10.1192/bjb.2025.28
G061,C07,public,Ask this,"Near the end of life, an implanted defibrillator (ICD) can keep giving shocks. In one Swedish hospital, 31 in 100 people whose devices were read after death had been shocked in their last 24 hours.

A do-not-resuscitate decision does not switch the shocks off. That needs a separate step by the heart rhythm team.

Switching them off needs no operation, is painless and can be reversed. The part that stops the heart going too slowly keeps working.

If you have an ICD, ask your device clinic early.",499,G061.png,"Drawn clinic room: an older woman in a cardigan sits calmly beside her adult son while a cardiac physiologist, seated facing her, holds a small round programming wand near her chest, over her clothes. Numbered pins 1 to 4 mark the wand, her face, a heart outline and a paper on the desk. The four numbered points below say what switching off shocks involves.",Sources: https://doi.org/10.1161/CIRCULATIONAHA.113.002648 https://doi.org/10.1093/ehjqcco/qcag038 https://doi.org/10.1503/cmaj.210327 https://doi.org/10.1093/ageing/afae246
G062,C07,both,Care that works,"A DNACPR decision is about CPR only: not trying to restart the heart if it stops. UK guidance says every other treatment and all care should still be offered on its merits.

In a UK study, 231 nurses planned care for the same written case. Those given a DNACPR form planned fewer checks, calls for help and treatments. Those whose form put the CPR decision in a wider plan planned the same care as with no form.

If someone you care for has a DNACPR decision, ask: what will still be done?",489,G062.png,"Two-column card. A narrow left column headed Not recommended shows a crossed circle beside CPR. A wider right column headed Still offered on its merits lists seven items with tick icons: regular checks, calls for senior help if unwell, pain and symptom relief, food and drink, other treatments, rehabilitation, company. Banner: Ask what will still be done.",Sources: https://doi.org/10.3310/hsdr04110 https://doi.org/10.1111/jep.12559 https://doi.org/10.1371/journal.pone.0070977 https://doi.org/10.1016/j.resuscitation.2022.06.020
G063,C07,both,What gets counted,"A trial of daily aspirin (ASPREE) in 19,114 healthy people aged 70+ counted staying alive without dementia or lasting disability.

Aspirin did not improve it. About 21 in 1000 people a year in each group died, or developed dementia or lasting disability. Serious bleeding was more common on aspirin: about 4 in 100 against 3 in 100 over about 5 years.

This applies to people who had never had a heart attack or stroke. If you have, keep taking aspirin unless your doctor says otherwise.",487,G063.png,"Two bar pairs from the ASPREE trial. Lost disability-free survival per 1000 people a year: aspirin 21.5, dummy tablet 21.2, no clear difference. Serious bleeding over a median 4.7 years per 100 people: aspirin 3.8, dummy tablet 2.8, more bleeding on aspirin. Note: keep taking aspirin after a heart attack or stroke unless your doctor advises otherwise.",Sources: https://doi.org/10.1056/NEJMoa1800722 https://doi.org/10.1056/NEJMoa1805819 https://doi.org/10.1016/j.lanhl.2025.100764 https://doi.org/10.1016/S0140-6736(09)60503-1
G064,C07,both,Who gets left out,"Stroke symptoms at 85 need the same immediate 999 call as at 55.

In 9 pooled trials, 1729 people were over 80. About 18 in 100 given clot-busting treatment were left with little or no disability 3 to 6 months later, against 13 in 100 without it. Across all ages, about 3 in 100 treated people had a fatal brain bleed within a week, against fewer than 1 in 100 untreated.

Whether treatment is possible depends on time since onset and a brain scan. Call 999 straight away, whatever the age.",490,G064.png,"Flow of five boxes: stroke symptoms at any age, call 999 straight away, brain scan to rule out bleeding, team checks time since onset and other criteria, clot-busting treatment if suitable within 4.5 hours. Below, two equal boxes: over 80, about 18 in 100 treated vs about 13 in 100 not treated had no significant disability; and the bleeding risk, about 3 in 100 vs under 1 in 100.",Sources: https://doi.org/10.1016/S0140-6736(14)60584-5 https://doi.org/10.1016/S0140-6736(12)60768-5 https://doi.org/10.1177/2396987321989865
G065,C07,both,Care that works,"A US trial included 718 people aged 70 and over starting cancer treatment. Some cancer teams got a geriatric assessment of each person: daily function, falls, memory, mood, nutrition, medicines and support at home.

Serious side effects over 3 months: about 51 in 100 with the assessment, 71 in 100 without it. Fewer falls too. Survival was similar, though the trial was not built to test it.

Starting cancer treatment? You can ask the team whether an assessment is possible.",476,G065_1.png | G065_2.png | G065_3.png,"Checklist of seven things a geriatric assessment covers before cancer treatment at 70+: daily function, falls, memory, mood, nutrition, medicines, support at home. || Bars from a US trial of 718 people aged 70+ with incurable cancer. Serious side effects over 3 months: about 51 in 100 with assessment vs 71 in 100 usual care. Falls: about 12 vs 21 in 100. Survival was similar; the trial was not designed to test it. || Text card on dark teal: ask the cancer team if an assessment is possible. A second US trial of 605 people found serious side effects 51 vs 61 in 100, with no clear difference in admissions or survival. UK specialists report few patients can get it.",Sources: https://doi.org/10.1016/S0140-6736(21)01789-X https://doi.org/10.1001/jamaoncol.2021.4158 https://doi.org/10.1200/JCO.23.00933 https://doi.org/10.1016/j.jgo.2024.102133
G066,C07,public,Ask this,"Researchers count a one-hour blood test as a whole day of health care contact.

In six US trials in advanced prostate, lung and pancreatic cancer, people 65+ had contact on nearly 1 day in 5 in the year after joining.

In a bowel cancer drug trial, days at home did not differ clearly overall, but were higher on the drug in people with no KRAS mutation (a gene change in the tumour), a group picked out after the trial.

Ask how many days a treatment will take, and what you may gain.",485,G066.png,"Drawn waiting area: an older man in a jumper sits with a coat folded on his lap beside his adult daughter, who holds a cup; a paper bag rests at her feet and an older woman with a wheeled frame waits beyond. Headline: nearly 1 day in 5 in contact with health care in the first year after joining a cancer trial. Question below about days and what treatment might give back.",Sources: https://doi.org/10.1001/jamanetworkopen.2025.0778 https://doi.org/10.1200/OP.22.00737 https://doi.org/10.1007/s00520-024-08844-1
G067,C07,practitioners,Teaching round,"By about 75, QRISK2 puts almost everyone above the 10% statin threshold, even with ideal numbers.

STAREE (2026) studied 9971 Australians aged 70+. Over 6 years a statin cut major cardiovascular events from about 8 to 6 in 100, but did not clearly change staying alive without dementia or disability. More muscle, liver and diabetes-related problems on the statin.

After 75, treat a score above 10% as a reason to discuss the person's goals, time to benefit, frailty and preference.",483,G067.png,"Age ruler from 50 to 85 (QRISK2, ideal risk factors): men cross 10% between 60 and 70, women between 65 and 75. Below, STAREE trial bars, 9971 people aged 70+, about 6 years: major cardiovascular events statin 6 vs dummy tablet 8 in 100; lost disability-free survival 13 vs 14 in 100. Crude figures; then weigh preferences, time to benefit and frailty.",Sources: https://doi.org/10.3399/bjgp17X692141 https://doi.org/10.1016/S2666-7568(21)00088-X https://doi.org/10.1056/NEJMoa2607314 https://doi.org/10.1001/jamainternmed.2020.6084
G068,C07,practitioners,Reading the evidence,"SPRINT, the trial behind US and European blood pressure targets, found fewer cardiovascular events with a lower target in over-75s well enough to join: about 2.6 in 100 a year against 3.9 in 100 on the higher target. Kidney function fell more often on the lower target in people with normal kidneys.

It did not enrol people in care homes, with dementia, diabetes or previous stroke, or whose systolic fell below 110 on standing.

For them, use the standing reading, falls and the person's goals.",496,G068.png,"Checklist card on blood pressure after 75 with six tick boxes: was the person in the trial population, standing reading, a fall on standing, previous injurious falls, which reading was used, and what the person wants. Intro: SPRINT showed about 2.6 vs 3.9 cardiovascular events in 100 a year in over-75s well enough to join.",Sources: https://doi.org/10.1001/jama.2016.7050 https://doi.org/10.1001/jamainternmed.2020.5028 https://doi.org/10.3399/bjgp20X708053 https://doi.org/10.1001/jama.2023.18497
G069,C07,public,Weighing it up,"NICE, the body that advises the NHS in England, says people with failing kidneys should be offered dialysis or conservative kidney care (active care without dialysis).

A US study of 20,000 older veterans, set up to copy a trial, found early dialysis was linked with little clear difference in survival over 3 years, against usual medical care. It was also linked with 2 weeks fewer days at home over those 3 years.

Ask what each option would mean for your time and symptoms.",476,G069.png,"Two equal boxes side by side: Dialysis, regular sessions to clean the blood; and Conservative kidney care, active care without dialysis. Below, an observational finding in older US veterans about survival and days at home, and a closing prompt to ask about time at home, travel, hospital visits and symptoms.",Sources: https://doi.org/10.1186/s12882-021-02461-4 https://doi.org/10.7326/M23-3028
G070,C07,public,Ask this,"What will a normal day look like three months after a major operation? You can ask your surgical team.

A US study from 2004 followed 372 people aged 60 and over (average age 69) after planned abdominal surgery. Getting back to usual washing and dressing took about 3 months on average, and household tasks about 6 months. At 6 months, about 1 in 10 had not recovered basic daily activities.

Also ask: best case, worst case, most likely?",438,G070.png,"Question card with three numbered questions to ask before a major operation: what a normal day looks like at three months; best, worst and most likely case; alternatives and what each means for daily life. Evidence panel: US study of 372 people aged 60+, washing and dressing recovered in about 3 months, household tasks about 6.","Sources: https://doi.org/10.1016/j.jamcollsurg.2004.05.280 https://doi.org/10.1056/NEJMsa012528 (quoting the Montgomery judgment, Montgomery v Lanarkshire Health Board [2015] UKSC 11) https://doi.org/10.1186/s12884-021-03574-2"
G071,C07,practitioners,Teaching round,"In US interviews, older people were generally open to stopping cancer screening. Many found 'you may not live long enough to benefit from this test' harsh, and preferred 'this test would not help you live longer'.

In a US survey of 881 people aged 65+, ranking explanations in a hypothetical scenario, the favourite explanation was 'your other health issues should take priority'. Least liked: no explanation.

Lead with benefit and priorities, and offer prognosis to those who want it.",487,G071.png,"Three-panel illustration of a doctor facing an older man in a consulting room, each with a speech bubble of wording tested in US research: you may not live long enough to benefit (many found harsh); this test would not help you live longer (preferred by many); your other health issues should take priority (most preferred in a survey of 881).",Sources: https://doi.org/10.1001/jamainternmed.2017.1778 https://doi.org/10.1001/jamaoncol.2018.2100 https://doi.org/10.1007/s11606-019-05258-2
G072,C07,practitioners,Teaching round,"A time-limited trial in intensive care: consensus is to agree with the person or family the treatment, how long it runs, the signs it is working, and what happens at review (carry on, focus on comfort, or extend).

A before-and-after study in three US intensive care units (not only older people), almost 9 in 10 family meetings named signs of improvement after training, against about 1 in 5 before. Hospital deaths did not change.

Write down the signs, the date, and the plan for either result.",497,G072.png,"Timeline from Start to Review date with a shaded treatment period and numbered markers 1 to 4, then three arrows to Carry on, Focus on comfort and Extend. Numbered list: agree, name, define the signs of working or not, and review on the agreed date.",Sources: https://doi.org/10.1513/AnnalsATS.202310-925ST https://doi.org/10.1001/jamainternmed.2021.1000 https://doi.org/10.1016/j.chest.2023.12.014
G073,C08,practitioners,Weighing it up,"Severe dementia on its own is not a reason to stop donepezil. NICE says not to stop these medicines in Alzheimer's disease because of severity alone.

In the DOMINO-AD trial of 295 people at home, those who kept taking it did better over a year on thinking and daily activities. In an extra analysis, about 37 in 100 who stopped moved to a care home within a year, vs about 20 in 100. Over the next 3 years, similar numbers in each group moved.

In our view, stop for side effects or changed goals.",498,G073.png,"Comparison card. Left: sickness or diarrhoea, fainting or slow pulse, our view that goals changed are reasons to review or stop. Right: severe dementia alone is not a reason (NICE). Below, bars: about 37 in 100 who stopped donepezil moved permanently to a care home within a year, against about 20 in 100 who continued; analysis done after the trial.",Sources: NICE NG97 https://www.nice.org.uk/guidance/ng97 | DOMINO-AD https://doi.org/10.1056/NEJMoa1106668 | care home analysis https://doi.org/10.1016/S1474-4422(15)00258-6 | Cochrane https://doi.org/10.1002/14651858.CD009081.pub2
G074,C08,practitioners,Reading the evidence,"Mirtazapine is sometimes used for agitation in dementia, partly because it seems safer than an antipsychotic.

In the UK SYMBAD trial of 204 people with Alzheimer's disease, it did no better than a dummy tablet at 12 weeks. Agitation eased in both groups.

By 16 weeks, 7 of 102 people on mirtazapine had died, against 1 of 102 on the dummy tablet. Too few to be sure the drug caused it. With no benefit shown, that possible harm still counts.",443,G074.png,"Two panels. Schematic sketch: agitation lines for mirtazapine and dummy tablet fall together over 12 weeks, no clear difference. Icon arrays of 102 squares each: 1 filled for the dummy tablet, 7 filled for mirtazapine, deaths by 16 weeks. Note: tested after the trial, too few deaths to be sure of cause.",Sources: SYMBAD https://doi.org/10.1016/S0140-6736(21)01210-1 | US care home prescribing https://doi.org/10.1001/jamainternmed.2018.0379
G075,C08,both,What gets counted,"In the GREAT trial, people with early dementia each chose up to three everyday activities to manage better. About half were randomly assigned to work on them at home with a therapist; the rest had usual care.

On a 0 to 10 scale, goal ratings rose about 2.6 points with therapy, against about 0.9 with usual care. Quality of life, mood and memory scores showed no clear difference.

The people giving the ratings knew their group. In our view, services should count the person's own goals too.",493,G075_1.png | G075_2.png,"Bars from 0 to 3 points on a 0 to 10 goal scale: average gain in own goal ratings at 3 months about 2.6 with home rehabilitation, about 0.9 with usual care. Rated by participants who knew their group. GREAT trial, 475 people with mild to moderate dementia. || Standard scores showed no clear difference: quality of life, mood, confidence, memory and thinking, each marked with an equals sign. The therapy aimed at own goals, not memory scores.",Sources: GREAT trial https://doi.org/10.3310/hta23100 | goal analysis https://doi.org/10.1002/gps.5076
G076,C08,both,Reading the evidence,"In the DAPA trial in England, 494 people with mild to moderate dementia did 4 months of fairly hard gym exercise or usual care. Fitness rose during the classes (measured only in their group).

At 12 months from the start, memory and thinking scores were slightly worse in the exercise group, by an amount of uncertain importance. Falls and daily activities did not show a clear difference.

In our view, offer exercise for strength and enjoyment. Do not promise it will slow memory loss.",487,G076.png,"Drawn community exercise class: a man with a walking stick rises from a chair while a physiotherapist stands ready beside him, an older woman walks, a carer sits holding a cup. Three pins: 1 fitness rose about 18 metres in a 6 minute walk (exercise group only); 2 memory and thinking not slowed, slightly worse; 3 no clear difference in falls, daily activities or quality of life.",Sources: DAPA https://doi.org/10.1136/bmj.k1675 | strength training in dementia https://doi.org/10.1111/j.1532-5415.2011.03778.x | exercise and falls https://doi.org/10.1002/14651858.CD012424.pub2
G077,C08,both,Who gets left out,"About 1 in 7 people who saw a Swedish GP with memory symptoms, of any cause, met the criteria for lecanemab, a new Alzheimer's drug, after full tests.

About 1 in 6 were on a blood thinner, which rules it out. About 1 in 4 had marked small-vessel changes on MRI.

In a separate US study of 237 older people with early memory problems and amyloid (a protein linked with Alzheimer's) on a brain scan, about 8 in 100 met the trial's rules.

Ask: would someone like me have been in the trial?",488,G077_1.png | G077_2.png,"Funnel: 607 people seeing a GP in Sweden with memory symptoms narrowing to 86 who met lecanemab criteria after full tests, about 1 in 7. Two separate boxes: about 1 in 6 on a blood thinner, about 1 in 4 with marked small-vessel changes on MRI. Reasons overlap. || Three bars scaled to count: 237 older people with early memory problems and amyloid, 112 meeting inclusion rules, 19 remaining after exclusions, about 8 in 100. Below, 44 squares with 4 filled: frail people meeting trial rules, from a separate study of 120.",Sources: Swedish primary care https://doi.org/10.1186/s13195-026-02019-2 | US population study https://doi.org/10.1212/WNL.0000000000207770 | frailty https://doi.org/10.1186/s13195-026-01966-0 | UK licence https://doi.org/10.1002/bcp.70021
G078,C08,practitioners,Teaching round,"Some people with dementia react severely to antipsychotics. The risk is particularly high in people with Lewy body disease, which is often missed or labelled as Alzheimer's disease.

Before prescribing, ask four questions. Does alertness vary a lot? Are there visual hallucinations, often people or animals? Does the person act out dreams in sleep? Is the person slow, stiff or tremulous?

Treat a yes as a reason to pause and ask for advice first. It is not a diagnosis.",471,G078.png,"Checklist of four questions before an antipsychotic, for dementia with Lewy bodies: does alertness vary a lot, does the person see people or animals not there, do they act out dreams, are they slow, stiff or tremulous. Each has an empty tick box and a line icon. Any yes: think of Lewy body disease and get specialist advice first. A teaching prompt, not a diagnosis.",Sources: Lewy body consensus https://doi.org/10.1212/WNL.0000000000004058 | neuroleptic sensitivity https://doi.org/10.1136/bmj.305.6855.673 | NICE NG97 https://www.nice.org.uk/guidance/ng97
G079,C08,public,"Small detail, real effect","If you or your parent takes donepezil, rivastigmine or galantamine, ask whether anyone has checked the pulse since it started.

These tablets can slow the heart. When the results of several trials are added together, people taking them fainted more often than on a dummy tablet. In Canadian data, hospital visits for fainting were about 32 per 1000 people a year in those taking them, against about 19 in those not (a link, not proof of cause).

Report dizziness or fainting.",475,G079_1.png | G079_2.png,"Illustrative comic in three panels at a pharmacy. A pharmacist asks an older woman and her son whether she has felt dizzy or fainted since starting donepezil, checks her pulse at the wrist, and tells them to report dizziness or fainting because a faint can look like a fall. || Bars: hospital visits for fainting per 1000 people a year, about 32 for older people with dementia taking these tablets and about 19 for those not taking them. Ontario, Canada, 2002 to 2004. Shows a link, not that the tablet caused every faint.",Sources: Ontario cohort https://doi.org/10.1001/archinternmed.2009.43 | pooled trials https://doi.org/10.1111/j.1532-5415.2011.03450.x | slow pulse admissions https://doi.org/10.1371/journal.pmed.1000157
G080,C08,both,What gets counted,"How many of your relative's GP appointments last year were with the same GP?

In an English study of 9,324 people with dementia, those with the most consistent GP had fewer medicines on average: 8.5 vs 9.7, before allowing for age, illness and frailty. They also had fewer that are often unsafe in older age. A link, not cause.

A named GP scheme was not followed by more visits to the same GP. In our view, ask to book with the same GP each time.",447,G080_1.png | G080_2.png,"Paired bars on a zero axis. Average medicines: 8.5 for the most consistent GP, 9.7 for the least consistent. Prescriptions often unsafe in older age: 2.1 and 2.5. 9,324 people with dementia in England. Averages before adjustment; smaller gap after adjustment. A link, not proof of cause. || Ask to book with the same GP each time. A named GP scheme was not followed by more continuity in England. Keep a note of who you saw.",Sources: https://doi.org/10.3399/BJGP.2021.0413 | Quebec https://doi.org/10.1111/jgs.17049 | named GP https://doi.org/10.1136/bmjopen-2019-029103 | 2025 editorial https://doi.org/10.3399/BJGP.2025.0199 | simple measure https://doi.org/10.3399/bjgp19X701813
G081,C08,public,Reading the evidence,"Planned music sessions probably do not calm agitation or aggression in dementia, a 2025 Cochrane review of 30 trials found. Low mood probably eases slightly by the end of a course, with no benefit shown a month later.

A later trial of 1,021 care home residents with dementia and low mood tested music therapy groups and choir singing. At 6 months, neither had eased low mood more than usual care.

Offer music because the person enjoys it. If they are distressed, look for the cause.",484,G081.png,"Care home lounge: an older man stands singing beside a care worker seated with a guitar, an older woman with a hearing aid sits and listens with hands raised, a man in a wheelchair listens. Below: music trials found probably no reduction in agitation or aggression, low mood probably eased slightly by the end of a course, and no benefit shown a month after sessions stopped (weak evidence).",Sources: Cochrane review https://doi.org/10.1002/14651858.CD003477.pub5 | care home trial https://doi.org/10.1016/j.lanhl.2025.100783
G082,C08,practitioners,Care that works,"Sixty-nine UK nursing homes tested staff training in person-centred care, social activity tailored to each resident (aiming for an hour a week), and GP review of antipsychotics.

After 9 months, residents had slightly better quality of life and slightly less agitation, rated by staff. Effects were small. Antipsychotic use did not fall, but under 1 in 10 were on one at the start.

In our view, the activity hour is a reasonable place for a home to start, though it was not tested on its own.",493,G082.png,"Nursing home lounge with four numbered pins for the WHELD programme: 1 staff training in person-centred care, 2 tailored social activity, 3 GP prompted to review antipsychotics, 4 two champions per home. A care worker kneels showing a man a photo album; others sit at a table with seed packets. Effects small: slightly better quality of life, slightly less agitation, no change in antipsychotic use.",Source: WHELD trial https://doi.org/10.1371/journal.pmed.1002500
G083,C08,public,Ask this,"After a diagnosis of mild or moderate dementia, you can ask whether a cognitive stimulation group runs near you.

It is a small group, usually twice a week for 7 weeks, with talk, word games, puzzles and music. NICE, the body that sets health guidance in England, says it should be offered.

A review of 37 trials found a small, short-term improvement in memory and thinking, and more joining in. Gains in well-being were slight.

Ask the memory service or GP.",460,G083.png,"Question card: is there a cognitive stimulation group near me? For mild to moderate dementia. Drawn scene of a small group round a table: a woman in a headscarf reaching to place a puzzle piece, a man with a hearing aid, a woman beside a parked walking frame, and a leader holding a blank picture card. Small group, usually twice a week for 7 weeks; modest short-term gain in memory and thinking.",Sources: NICE NG97 https://www.nice.org.uk/guidance/ng97/chapter/recommendations | Cochrane https://doi.org/10.1002/14651858.CD005562.pub3 | trial https://doi.org/10.1192/bjp.183.3.248
G084,C09,practitioners,Teaching round,"An MMSE score of 20 to 24 did not change the likelihood that a patient lacked capacity for a treatment decision (JAMA systematic review).

Below 20 made incapacity more likely. Above 24 made it less likely, but did not rule it out. The MMSE was not designed to assess capacity.

A score can prompt an assessment of the decision. It does not replace one.",353,G084.png,"Diagram of an MMSE scale from 0 to 30 in three zones. Below 20: incapacity for a treatment decision is more likely (likelihood ratio 6.3). 20 to 24: no clear change (0.87). Above 24: incapacity less likely, but not ruled out (0.14). A bracket reads: Then assess the decision. Pooled studies of treatment decisions in medical patients; MMSE bands only.","Sources: Sessums et al, JAMA 2011 https://doi.org/10.1001/jama.2011.1023 ; Kim and Caine, Psychiatr Serv 2002 https://doi.org/10.1176/appi.ps.53.10.1322"
G085,C09,practitioners,Teaching round,"'Are we ready for our wash, sweetheart?' Meant kindly. This is elderspeak: pet names, 'we' for 'you', a sing-song voice.

In 80 filmed care episodes (nursing home residents with dementia), when behaviour changed after staff spoke, it turned to resistance about 55 times in 100 after elderspeak, 26 after adult talk. A link, not proof.

In a small trial, staff training cut elderspeak. Resistance fell too, but not clearly at 3 months. We should treat it as a care-quality problem staff can change.",497,G085.png,"Illustrative phrases in two columns. Elderspeak: 'Are we ready for our wash, sweetheart?', 'Good girl.', 'We'll just pop this on, shall we?'. Adult talk: 'Would you like a wash now or after breakfast?', 'Thank you.', 'I'm going to put your cardigan on now.' In 80 filmed episodes, behaviour changes were to resistance about 55 times in 100 after elderspeak and 26 after adult talk. A link, not proof.","Sources: Williams et al, 2009 https://doi.org/10.1177/1533317508318472 ; Williams et al, Gerontologist 2017 https://doi.org/10.1093/geront/gnw047 ; Shaw et al, J Am Geriatr Soc 2022 https://doi.org/10.1111/jgs.17910"
G086,C09,public,Care that works,"Across 13 studies, nearly 4 in 10 adults at routine appointments brought someone along.

A US study filmed 93 visits by people aged 65 to 95. Those patients were more likely to take an active part in decisions when the person with them asked questions and asked what they thought. That is a link, not proof.

Before you go, agree what your parent wants to say and what they want you to add. Then ask: 'What do you think?'",421,G086.png,"Illustrative three-panel comic. Panel 1: in a clinic, a daughter answers for her older mother, who looks down; a doctor sits at a desk. Panel 2: the evening before, at a kitchen table, they agree who says what. Panel 3: the daughter asks ""What do you think, Mum?"" In a US study of 93 visits, patients took part more when companions asked what they thought. A link, not proof.","Sources: Wolff and Roter, Soc Sci Med 2011 https://doi.org/10.1016/j.socscimed.2011.01.015 ; Clayman et al, Soc Sci Med 2005 https://doi.org/10.1016/j.socscimed.2004.08.004 ; Laidsaar-Powell et al, Patient Educ Couns 2013 https://doi.org/10.1016/j.pec.2012.11.007 ; Greene et al, J Am Geriatr Soc 1994 https://doi.org/10.1111/j.1532-5415.1994.tb07490.x"
G087,C09,practitioners,Reading the evidence,"Teach-back is often taught as a technique that improves understanding.

A 2026 review of 18 randomised trials (about 2,000 people) found no clear effect on what patients knew, at very low certainty. Confidence and short-term self-reported adherence improved, but the certainty was low or very low and the size of the effect was very uncertain.

That is an evidence gap. Teach-back has not been shown to fail. Use it to find what your own explanation missed.",457,G087_1.png | G087_2.png,"Summary of 18 randomised trials of teach-back in one conversation, adults generally. Knowledge: no clear pattern, very low certainty. Confidence in managing health: increased, very low certainty. Sticking to advice, self-reported and short term: increased, low certainty. Certainty is shown in words and by filled segments. || Statement card: Use it to test your explanation. A judgement, not a trial finding: teach-back has not been shown to improve what patients know, but it can show what an explanation missed.","Sources: Vick et al, J Gen Intern Med 2026 https://doi.org/10.1007/s11606-026-10678-y ; Talevski et al, PLoS One 2020 https://doi.org/10.1371/journal.pone.0231350 ; Jansen et al, J Clin Oncol 2008 https://doi.org/10.1200/JCO.2007.15.2322"
G088,C09,both,Reading the evidence,"Talking Mats are picture cards and a mat for asking a person how each part of daily life is going.

One small study (18 couples with dementia): both partners felt more involved. A 2026 Swedish trial (101 people in home care, groups set by chance): high involvement in both groups, no clear difference.

A picture method may help some conversations. We should ask the person directly, not only the family, whichever method is used.",430,G088.png,"Illustration: an older woman with dementia places a picture card on a mat at a kitchen table while her husband sits opposite, watching and listening. Text: Ask the person with dementia directly. A small study of 18 couples found both felt more involved; a 2026 trial of 101 people found high involvement in both groups and no clear difference.","Sources: Murphy and Oliver, Health Soc Care Community 2013 https://doi.org/10.1111/hsc.12005 ; Bångsbo et al, BMC Geriatr 2026 https://doi.org/10.1186/s12877-026-07518-3 ; Collins et al, Int J Older People Nurs 2024 https://doi.org/10.1111/opn.12594"
G089,C09,both,Who gets left out,"For many Deaf people who sign, British Sign Language is a first language and written English is a second. Research with Deaf patients finds pen and paper often does not fix the problem, and relatives who interpret can leave things out. Some people prefer a relative for particular appointments, and that is their choice.

For talks about diagnosis, treatment, consent or going home, ask the service to book a qualified BSL interpreter. Booking is the service's job.",465,G089.png,"Illustrative drawing of two scenes of a health appointment with an older Deaf man. Left: a doctor writes notes on a pad and he looks at them with a frown. Right: a qualified BSL interpreter signs beside the doctor and he watches attentively. Text: Ask for a qualified BSL interpreter. For many Deaf people who sign, BSL is a first language and written English can be hard to follow.","Sources: Rogers et al, PLOS Glob Public Health 2025 https://doi.org/10.1371/journal.pgph.0003535 ; Emond et al, BMJ Open 2015 https://doi.org/10.1136/bmjopen-2014-006668 ; Terry et al, J Public Health 2024 https://doi.org/10.1093/pubmed/fdae112"
G090,C09,practitioners,Who gets left out,"After a stroke, some people lose words but may keep their judgement. About 1 in 3 people in hospital after a stroke have aphasia, a difficulty with language. That is a median across studies. Some also have problems with memory or reasoning.

Key words written down, pictures of the options, trained partners and more time can help, though none has been tested on its own. Our judgement: where one is available, ask the speech and language therapist to help before the capacity conversation.",490,G090.png,"Illustrative annotated bedside scene. An older man with aphasia after a stroke sits attentively in a chair. On the table in front of him are a pad of key words and picture cards of options. An assessor with a notepad and a speech and language therapist stand by. Pins: 1 key words written down, 2 pictures of the options, 3 a trained conversation partner, 4 more time.","Sources: Flowers et al, Arch Phys Med Rehabil 2016 https://doi.org/10.1016/j.apmr.2016.03.006 ; Kim et al, J Speech Lang Hear Res 2020 https://doi.org/10.1044/2020_JSLHR-19-00182 ; Stipinovich et al, 2023 https://doi.org/10.1111/1460-6984.12925 ; Jayes et al, Disabil Rehabil 2026 https://doi.org/10.1080/09638288.2026.2662096 ; Jayes et al, Int J Lang Commun Disord 2021 https://doi.org/10.1111/1460-6984.12585 ; Hughes et al, BJPsych Adv 2015 https://doi.org/10.1192/apt.bp.114.013110"
G091,C09,public,"Small detail, real effect","In two small studies, speaking more slowly did not, on its own, help people with Alzheimer's disease follow a sentence.

Saying it again, in the same or other words, helped (15 people). Grammatically simple sentences worked (18 couples at home). A calm pace is not wrong.

Elderspeak means talking to an older adult the way people talk to a small child. Plain wording avoids pet names, a sing-song voice and 'shall we'.",419,G091_1.png | G091_2.png | G091_3.png,"Two small studies of Alzheimer's disease (15 people; 18 couples at home). Helped: simple sentences, saying it again in the same or other words. Did not help on its own: speaking more slowly. || Plain wording: one idea per sentence, saying it again, checking you were understood. Elderspeak: pet names such as love or sweetheart, a high sing-song voice, and we or shall we, which makes the choice for the person. || If the person is also hard of hearing: face them and speak clearly. Clear is different from high-pitched or sing-song. The studies were small and old, and a calm pace is not wrong.","Sources: Small et al, Psychol Aging 1997 https://doi.org/10.1037//0882-7974.12.1.3 ; Small et al, J Speech Lang Hear Res 2003 https://doi.org/10.1044/1092-4388(2003/028) ; Kemper and Harden, Psychol Aging 1999 https://doi.org/10.1037//0882-7974.14.4.656 ; Shaw and Gordon, Innov Aging 2021 https://doi.org/10.1093/geroni/igab023 ; Picheny et al, J Speech Hear Res 1985 https://doi.org/10.1044/jshr.2801.96"
G092,C09,public,Ask this,"National guidance from the Academy of Medical Royal Colleges (2018) recommends that clinic letters are written to the patient, not about the patient to the GP.

At one large London eye hospital, 4.6 million letters were written between 2013 and 2025, some before the guidance. A computer rule judged about 2 in 100 to be written to the patient. About 95 in 100 were harder to read than recommended. One hospital, patients of all ages.

You can ask: 'Could you write the letter to me, please?'",492,G092.png,"Illustrative clinic letters. Written about you: 'Dear Dr Patel, I reviewed this 81-year-old woman in clinic.' Written to you: 'Dear Mrs Grant, Today we talked about your dizziness. What we found. What happens next. Who to call.' Ask: Could you write the letter to me, please? At one London eye hospital, about 2 in 100 of 4.6 million letters (2013 to 2025) were judged to be written to the patient.","Sources: Academy of Medical Royal Colleges, Please, write to me (2018) https://www.aomrc.org.uk/reports-guidance/please-write-to-me-writing-outpatient-clinic-letters-to-patients-guidance/ ; Ong et al, BMJ Health Care Inform 2026 https://doi.org/10.1136/bmjhci-2026-102086 ; Gupta et al, Int J Clin Pract 2021 https://doi.org/10.1111/ijcp.13907 ; Lonergan et al, BMJ Open Qual 2019 https://doi.org/10.1136/bmjoq-2019-000721"
G093,C09,practitioners,Teaching round,"A judge found that an 82-year-old woman with dementia had capacity to decide where to live (CC v KK, England, 2012). Several professionals had judged that she lacked it.

The judge said the person must be presented with detailed options so their capacity to weigh them can be fairly assessed. One first-instance ruling.

We should say what help there would be at home, and what a care home could mean, before asking 'Can you manage at home?'",441,G093.png,"Checklist card for capacity to decide where to live, England and Wales. Before asking 'Can you manage at home?': specialists recommend saying: 1 why a move is suggested; 2 what the other options are, for example home with carers several times a day; 3 what each choice could mean, including that a care home may become permanent and that home with help has no guarantee. Based on CC v KK, 2012.","Sources: Hughes et al, BJPsych Adv 2015 https://doi.org/10.1192/apt.bp.114.013110 ; Ruck Keene et al, Int J Law Psychiatry 2019 https://doi.org/10.1016/j.ijlp.2018.11.005 ; Emmett et al, Int J Law Psychiatry 2013 https://doi.org/10.1016/j.ijlp.2012.11.009 ; Foulkes et al, Int J Lang Commun Disord 2024 https://doi.org/10.1111/1460-6984.13020"
G094,C09,both,Reading the evidence,"Relatives asked to predict a person's answers to imagined end-of-life treatment questions matched them about 2 times in 3 (16 studies, 2,595 pairs).

Ordinary chats beforehand did not improve this. In a US trial, a trained professional led a structured conversation that ended in a written record of the person's goals. The person chosen to speak for them then understood those goals much better.

Write down your views and reasons, and go through them with that person, ideally with a professional.",499,G094_1.png | G094_2.png,"Icon array of 100 paired answers about imagined end-of-life treatment. 68 in 100 matched and 32 in 100 did not. From 16 studies with 2,595 pairs of patients and relatives. Talking it through beforehand in an ordinary way did not improve matching in these studies. || Statement card: talk it through in a structured way, and write it down. In a US trial of 313 pairs, a structured conversation with a trained professional and a written record left relatives understanding the person's goals much better than usual care.","Sources: Shalowitz et al, Arch Intern Med 2006 https://doi.org/10.1001/archinte.166.5.493 ; Kirchhoff et al, J Am Geriatr Soc 2010 https://doi.org/10.1111/j.1532-5415.2010.02760.x ; Liu et al, J Pain Symptom Manage 2024 https://doi.org/10.1016/j.jpainsymman.2024.01.027"
G095,C10,practitioners,Teaching round,"Leg pain on walking in an older person: ask whether it goes when they sit, and whether leaning forward on a shopping trolley eases it.

In a review of 4 studies (741 people), those two answers were the strongest single pointers to lumbar spinal stenosis. Calf pain that eases on standing still points to the arteries; artery pain is usually not helped by bending forward.

Both can coexist, so check foot pulses or ankle pressure anyway. A scan can confirm stenosis; read it with the history.",492,G095.png,"Comparison card: leg pain on walking, spine or arteries. Spine side, with a drawn older man bending forward: no pain sitting, eases on bending forward. Artery side, older woman with a stick: calf pain eases on standing still, bending forward does not help. The two can occur together, so check foot pulses or ankle pressure.","Sources: Suri et al., JAMA 2010 https://doi.org/10.1001/jama.2010.1833 ; Nadeau et al., Can J Surg 2013 https://doi.org/10.1503/cjs.016512 ; Uesugi et al., J Orthop Sci 2012 https://doi.org/10.1007/s00776-012-0311-z"
G096,C10,public,Weighing it up,"Knee replacement eases pain for most people, but some still have pain afterwards.

A 2025 review of 68 studies (average age about 70) found troublesome knee pain in about 22 in 100 people at 3 months and about 13 in 100 at a year. The authors think the true figures are probably higher.

In a Canadian survey, people whose expectations were not met were the most likely to be dissatisfied. So before surgery, ask: what are my chances of still having pain afterwards? What else could I try first?",495,G096.png,"Grid of 100 person icons, 13 hatched orange and 87 outlined teal. About 13 in 100 still had troublesome knee pain a year after knee replacement; about 22 in 100 at 3 months. The true figures are probably higher. Two questions to ask: chances of pain afterwards, and what else to try first.","Sources: Cheng et al., BMJ Open 2025 https://doi.org/10.1136/bmjopen-2024-088975 ; Bourne et al., Clin Orthop Relat Res 2010 https://doi.org/10.1007/s11999-009-1119-9"
G097,C10,public,"Small detail, real effect","Co-codamol and co-dydramol both contain paracetamol. So do some cold and flu remedies.

Take two together and you can pass the usual maximum without meaning to. That is 4 g in 24 hours, or eight 500 mg tablets. A US study had people show how they would take real products over a day. 4 in 10 of those aged 61 to 80 would have doubled up and gone over 4 g. It was a pretend task.

If you weigh under 50 kg or are frail, ask whether a lower maximum suits you. Ask a pharmacist to check your total.",495,G097.png,"Drawn kitchen table where an older Black woman in glasses and cardigan reaches for medicine boxes beside a blister strip and a mug, with numbered markers 1 to 5. Key: co-codamol, co-dydramol, cold and flu remedies, plain paracetamol, and a lower maximum if under 50 kg or frail. Usual maximum 4 g in 24 hours.","Sources: Wolf et al., J Gen Intern Med 2012 https://doi.org/10.1007/s11606-012-2096-3 ; Chidiac et al., Drug Saf 2024 https://doi.org/10.1007/s40264-024-01472-y ; Reid et al., Br J Clin Pharmacol 2022 https://doi.org/10.1111/bcp.15394 ; Craig et al., Br J Clin Pharmacol 2012 https://doi.org/10.1111/j.1365-2125.2011.04067.x"
G098,C10,public,Weighing it up,"Doses of morphine often go up in the last days of life, because symptoms change.

Studies of people dying in hospices and palliative care units have not found that raising doses to relieve symptoms shortens life. The studies only watched what happened and mostly involved people with cancer. One found a small link between higher doses and shorter survival, but dose explained very little of it.

If you worry about this, tell the nurse or doctor and ask how the dose is matched to the symptoms.",495,G098.png,"Text card on deep teal: near death, morphine doses often rise because symptoms change. Hospice and palliative care studies found no consistent link between symptom-matched doses and shorter life; one large study found a small link that dose explained very little of. Observational, mostly cancer. Ask how the dose is matched.","Sources: Sykes and Thorns, Lancet Oncol 2003 https://doi.org/10.1016/s1470-2045(03)01079-9 ; Boland et al., Pain 2015 https://doi.org/10.1097/j.pain.0000000000000306 ; Thorns and Sykes, Lancet 2000 https://doi.org/10.1016/S0140-6736(00)02534-4 ; Portenoy et al., J Pain Symptom Manage 2006 https://doi.org/10.1016/j.jpainsymman.2006.08.003"
G099,C10,practitioners,Reading the evidence,"In the PRECISE trial, 207 adults with sciatica took pregabalin or placebo. It showed no clear difference in leg pain at 8 weeks or 1 year.

About 64 in 100 on pregabalin had at least one side effect against 43 in 100 on placebo, and dizziness was more common on pregabalin. Pooled reviews agree for gabapentin too.

Average age was early to mid 50s. In our judgement, dizziness in an older person who is already unsteady is a reason not to start it for sciatica, and to review existing prescriptions.",500,G099.png,"Two bar charts for the PRECISE sciatica trial of 207 adults. Leg pain at 8 weeks out of 10: pregabalin 3.7, placebo 3.1, no clear difference. At least one side effect: pregabalin 64 in 100 (68 of 106), placebo 43 in 100 (43 of 101). Kidney impairment excluded.","Sources: Mathieson et al., NEJM 2017 https://doi.org/10.1056/NEJMoa1614292 ; Enke et al., CMAJ 2018 https://doi.org/10.1503/cmaj.171333 ; Shanthanna et al., PLoS Med 2017 https://doi.org/10.1371/journal.pmed.1002369 ; Khorami et al., J Clin Med 2021 https://doi.org/10.3390/jcm10112482"
G100,C10,public,What gets counted,"A knee X-ray is a poor guide to how much your knee will hurt, or what you can do with it.

Many people with arthritis changes on the X-ray have little pain, and many with knee pain have fairly normal X-rays. Within one person, the worse knee on X-ray is more often the painful one, so it still means something.

European guidance says typical knee arthritis doesn't need an X-ray to diagnose. Ask: what can I do to keep this knee moving, and what should make us look again?",473,G100_1.png | G100_2.png | G100_3.png,"Two schematic knee outlines, one with a narrowed joint space and one with a normal space, above an older man walking and an older woman seated. Many people with X-ray arthritis changes have little pain; many with knee pain have fairly normal X-rays. || Text card. Within one person, the worse knee on X-ray is more often the painful one. Typical symptoms: no X-ray needed to diagnose knee osteoarthritis. Something unusual or another possible cause: imaging helps; consider imaging for unexpected worsening. || Drawn physiotherapy room: an older woman and a physiotherapist sit facing each other. Better questions than what the X-ray shows: what can I do to keep this knee moving, and what should make us look again?","Sources: Bedson and Croft, BMC Musculoskelet Disord 2008 https://doi.org/10.1186/1471-2474-9-116 ; Neogi et al., BMJ 2009 https://doi.org/10.1136/bmj.b2844 ; Sakellariou et al. (EULAR), Ann Rheum Dis 2017 https://doi.org/10.1136/annrheumdis-2016-210815 ; Bunzli et al., Clin Orthop Relat Res 2019 https://doi.org/10.1097/CORR.0000000000000784"
G101,C10,practitioners,Teaching round,"'Weak opioid' says little about tramadol's safety in older people.

It also raises serotonin and depends on a liver enzyme that some antidepressants block. It can cause serotonin toxicity, low sodium, low blood sugar and seizures.

In UK adults (observational), about 4.6 in 10,000 starting tramadol were admitted with low sodium in the first month, against 1.9 in 10,000 starting codeine. Uncommon, about double, wide uncertainty.

Check antidepressants, sodium, seizures, kidneys first.",488,G101.png,"Checklist card: before tramadol in an older person, check antidepressants, sodium, seizure history and kidney function. Low sodium admissions in the first month were about 4.6 versus 1.9 per 10,000 people, tramadol versus codeine; UK observational data, wide uncertainty, uncommon.","Sources: Fournier et al., Am J Med 2015 https://doi.org/10.1016/j.amjmed.2014.10.046 ; Fournier et al., JAMA Intern Med 2015 https://doi.org/10.1001/jamainternmed.2014.6512 ; Prescrire 2016 https://pubmed.ncbi.nlm.nih.gov/27042732/ ; Roulet et al., Drugs 2021 https://doi.org/10.1007/s40265-021-01515-z"
G102,C10,public,Weighing it up,"Is quinine on your repeat list for cramps?

In trials, cramps fell from about 9 to 6 or 7 a fortnight on quinine. Rare serious harms include a sudden fall in platelets (blood cells that help clotting) and heart rhythm problems.

UK prescribing advice in 2015 was to pause it every 3 months. In an English GP trial, advice to stop led about 1 in 4 more people to stop. Cramps did not clearly rise, though a rise was not ruled out.

Ask when it was last reviewed, and if a pause could be tried.",492,G102.png,"Illustrative four-panel comic, not real people. An older man asks a pharmacist whether quinine for night cramps still helps. She gives the trial figures, advises a pause every 3 months and a medicines check; he pauses it and tries calf stretches. Evidence for benefit is mixed.","Sources: El-Tawil et al., Cochrane 2015 https://doi.org/10.1002/14651858.CD005044.pub3 ; Rabbitt et al., Age Ageing 2016 https://doi.org/10.1093/ageing/afw139 ; Coppin et al., Br J Gen Pract 2005 https://pubmed.ncbi.nlm.nih.gov/15808033/ ; Garrison et al., Arch Intern Med 2012 https://doi.org/10.1001/archinternmed.2011.1029 ; Hawke et al., Cochrane 2021 https://doi.org/10.1002/14651858.CD008496.pub3"
G103,C10,practitioners,What gets counted,"A pain score taken while someone lies still says little about the pain of standing or walking.

In surgical trials that measured both, pain on movement was about 2 to 3 times as high as pain at rest in the first 3 days, depending on the trial. Of the trials reviewed, only about 4 in 10 measured it.

UK guidance on older people asks how pain affects what they can do. We would record pain on standing next to pain at rest, before therapy starts.",446,G103.png,"Hospital bay drawing with numbered markers: an older woman lying in bed, and the same woman standing with a walking frame beside a physiotherapist. Key: ask pain at rest, ask during movement, watch face and body if she can't say, ask what stops her. Pain on movement was 2 to 3 times rest pain after surgery.","Sources: Srikandarajah and Gilron, Pain 2011 https://doi.org/10.1016/j.pain.2011.02.008 ; Corbett et al., Pain 2019 https://doi.org/10.1097/j.pain.0000000000001431 ; Knox et al., Pain Med 2023 https://doi.org/10.1093/pm/pnad034 ; Schofield, Age Ageing 2018 https://doi.org/10.1093/ageing/afx192"
G104,C11,both,Weighing it up,"In short trials of people aged 60 and over, sleeping tablets added about 25 minutes of sleep a night on average compared with a dummy pill, self-reported.

Memory problems, confusion and daytime tiredness were also more common. About 1 more person in 6 had a side effect of any kind than with a dummy pill (a rough guide, from different trials).

Guidelines recommend CBT for insomnia, a talking treatment, first for long-term insomnia. If a tablet is offered, ask what gain to expect.",485,G104_1.png | G104_2.png,"Two panels. Average gain: about 25 more minutes of sleep a night and 0.63 fewer wakings a night. More common with the tablets: memory problems and confusion, and daytime tiredness. From 24 trials in 2,417 people aged 60 and over. || Two small grids of person icons. About 1 in 13 more people reported better sleep than with a dummy pill (1 of 13 shaded). About 1 in 6 more people had a side effect of any kind (1 of 6 shaded). Different trials, so not the same people; a rough guide.","Sources: Glass et al., BMJ 2005 https://doi.org/10.1136/bmj.38623.768588.47 ; Berry et al., JAMA Intern Med 2013 https://doi.org/10.1001/jamainternmed.2013.3795 ; AGS Beers Criteria 2023 https://doi.org/10.1111/jgs.18372 ; European Insomnia Guideline 2023 https://doi.org/10.1111/jsr.14035"
G105,C11,practitioners,Teaching round,"Does the person act out dreams, shouting, punching or kicking in sleep? Ask the bed partner too.

It can be REM sleep behaviour disorder. In specialist centres, about 6 in 100 confirmed cases a year went on to develop Parkinson's disease or Lewy body dementia. That is not a prognosis for everyone who acts out dreams. In a Swiss study, only 21 of 368 people who reported it had the disorder.

If in doubt, refer for a sleep study. Make the bedroom safe. Review medicines.",472,G105.png,"Checklist of four steps for acting out dreams in later life. 1 Ask the bed partner and the person about chasing or attacking dreams and injuries. 2 Assess: refer for a sleep study if in doubt; severe sleep apnoea can look similar. 3 Protect: clear hazards, pad furniture and headboard, soft rug. 4 Talk: review medicines.","Sources: Postuma et al., Brain 2019 https://doi.org/10.1093/brain/awz030 ; McKeith et al., Neurology 2017 https://doi.org/10.1212/WNL.0000000000004058 ; Haba-Rubio et al., Sleep 2018 https://doi.org/10.1093/sleep/zsx197 ; Howell et al., J Clin Sleep Med 2023 https://doi.org/10.5664/jcsm.10424"
G106,C11,both,Care that works,"Older people were given a booklet on the risks of long-term benzodiazepines (calming and sleeping tablets) and a plan for cutting down. At 6 months about 27 in 100 had stopped, against 5 in 100 given usual care (no booklet). This was a Quebec pharmacy trial; stopped meant no more refills.

Cutting down can be uncomfortable, so ask your pharmacist for a slow, agreed plan.",373,G106_1.png | G106_2.png,"Two grids of 100 person icons. After a booklet on tablet risks and a plan for cutting down, about 27 in 100 older long-term benzodiazepine users had stopped at 6 months, against about 5 in 100 with usual care. 303 people aged 65 to 95, Quebec pharmacies. || Read it with care. 29 of 77 people who tried to taper in a second Quebec trial reported withdrawal symptoms; none needed hospital care. Both trials were in Quebec pharmacies. Mailing information did not reduce high-risk medicine use in a US trial in dementia. Ask your pharmacist for written information and a slow plan.","Sources: Tannenbaum et al., JAMA Intern Med 2014 https://doi.org/10.1001/jamainternmed.2014.949 ; Martin et al., JAMA 2018 https://doi.org/10.1001/jama.2018.16131 ; Singh et al., JAMA Intern Med 2024 https://doi.org/10.1001/jamainternmed.2024.5632"
G107,C11,public,"Small detail, real effect","In a sleep laboratory, a standard high-pitched smoke alarm woke about 56 in 100 adults with hearing loss from deep sleep. A lower-pitched alarm woke 92 in 100, a vibrating pad 80 to 84 in 100, a flashing light 27 in 100.

Small study: 38 adults aged 18 to 80 with mild to moderately severe hearing loss, deep sleep only.

If you take your hearing aids out at night, ask your fire and rescue service for a home fire safety visit and whether they can fit an alarm with a vibrating pad.",483,G107_1.png | G107_2.png,"Bar chart of how many out of 100 adults with hearing loss were woken from deep sleep in a laboratory: standard high-pitched alarm 56, lower-pitched alarm 92, vibrating pad 80 to 84, flashing light 27. 38 adults aged 18 to 80. || Illustration of an older Black woman asleep in bed, a hearing aid, glass and phone on the bedside table, a vibrating pad under the pillow and a smoke alarm on the ceiling. Three numbered tips: alarm you will wake to, vibrating pad, and a fire and rescue home safety visit.","Sources: Bruck and Thomas, Ear Hear 2009 https://doi.org/10.1097/AUD.0b013e3181906f89 ; James and Clark, Dementia 2025 https://doi.org/10.1177/14713012251320251 ; Cockayne et al., Public Health Research 2025 https://doi.org/10.3310/DJHF6633"
G108,C11,practitioners,Teaching round,"A sleep hygiene booklet was the comparison group in a large English insomnia trial. Four nurse sessions of sleep restriction did better at 6 months (average score 10.9 against 13.9 on a 0 to 28 scale, lower being better). Mean age was 55.

In a small US trial of 79 older adults, brief behavioural treatment helped about 2 in 3 at 4 weeks, against 1 in 4 given printed information.

Offer sleep restriction or other behavioural treatment, not the leaflet alone.",461,G108.png,"Comparison card. Left: leaflet sleep hygiene advice about caffeine and alcohol, a dark room and screens. Right: what treats long-term insomnia: stimulus control, sleep restriction and full CBT for insomnia. A leaflet is a starting point, not the treatment.","Sources: Kyle et al., Lancet 2023 https://doi.org/10.1016/S0140-6736(23)00683-9 ; Buysse et al., Arch Intern Med 2011 https://doi.org/10.1001/archinternmed.2010.535 ; Edinger et al., J Clin Sleep Med 2021 https://doi.org/10.5664/jcsm.8986 ; Qaseem et al., Ann Intern Med 2016 https://doi.org/10.7326/M15-2175"
G109,C11,practitioners,Teaching round,"Restless legs: a ferritin normal by the usual standard can still be low enough for iron to help. The 2025 US guideline suggests iron if ferritin is 75 or below or transferrin saturation is under 20%; those cut-offs are untested consensus.

Check for aggravators, such as sedating antihistamines. The guideline advises against pramipexole and ropinirole as standard treatment, because of augmentation (symptoms starting earlier and spreading).

Check ferritin and the medicines list before you treat.",499,G109.png,"Flow diagram for restless legs, from a 2025 US guideline. Step 1 check ferritin and transferrin saturation. Step 2 offer iron if ferritin is 75 or below or saturation under 20%. Step 3 look for aggravating medicines and causes. Step 4 choose treatment with care. Notes on dopamine agonists and gabapentinoids.","Sources: Winkelman et al., J Clin Sleep Med 2025 https://doi.org/10.5664/jcsm.11390 ; AGS Beers Criteria 2023 https://doi.org/10.1111/jgs.18372"
G110,C11,both,Reading the evidence,"In one trial of 291 people aged 60 and over with insomnia, 12 in 100 who had CBT for insomnia (a structured talking and sleep-scheduling treatment) developed major depression over up to 3 years, against 26 in 100 who had sleep education.

One site, more than 8 in 10 White, and more drop-out in the CBT group: 73 in 100 of the CBT group completed 2 years, against 87 in 100 of the sleep education group. It is a reason to offer CBT for insomnia and a reason for more trials.",474,G110.png,"Two grids of 100 person icons. Major depression over up to 3 years: 12 in 100 after CBT for insomnia (19 of 156) and 26 in 100 after sleep education (35 of 135), 291 adults aged 60 and over. Limits: one trial, one site, more than 8 in 10 White, fewer CBT participants completed follow-up.","Sources: Irwin et al., JAMA Psychiatry 2022 https://doi.org/10.1001/jamapsychiatry.2021.3422"
G111,C11,public,"Small detail, real effect","If you sleep with a CPAP machine (it keeps your airway open if you have sleep apnoea), pack it for hospital: machine, mask, tubing and power lead. Tell the staff.

Anaesthesia and sleep specialists advise using it before and after a planned operation. Strong painkillers and some sedatives may make breathing problems more likely in sleep apnoea. If admitted unexpectedly, ask someone to bring it in.",400,G111.png,"Illustration of a hospital bedside. An older man sits up in bed while a nurse with a notepad stands beside him; on the bedside cabinet are a CPAP machine, mask, tubing and power lead. Numbered tips: bring each part, tell the nurse on arrival, ask whether the ward needs to check the machine.","Sources: Chung et al., Anesth Analg 2016 https://doi.org/10.1213/ANE.0000000000001416 ; Memtsoudis et al., Anesth Analg 2018 https://doi.org/10.1213/ANE.0000000000003434"
G112,C11,public,Weighing it up,"Melatonin may make little or no difference to sleep in people with Alzheimer's disease and poor sleep, in trials. Decide what counts as success and when you will stop if it has not helped.

In adults and children with insomnia and other sleep problems, melatonin helped people fall asleep about 7 minutes sooner and sleep about 8 minutes longer than a dummy pill.

Supplements tested in the US and Canada often did not match the label: in one US study, 22 of 25 gummies were wrongly labelled.",492,G112.png,"Three columns on melatonin. What prescribed melatonin is for: slow-release, ages 55 and over, up to 3 months. What the evidence shows: little or no difference in Alzheimer's disease; about 7 minutes quicker to sleep and 8 more minutes in other sleep problems. What to ask: success, review, product source.","Sources: McCleery and Sharpley, Cochrane 2020 https://doi.org/10.1002/14651858.CD009178.pub4 ; Riemann et al., J Sleep Res 2023 https://doi.org/10.1111/jsr.14035 ; Ferracioli-Oda et al., PLoS One 2013 https://doi.org/10.1371/journal.pone.0063773 ; Cohen et al., JAMA 2023 https://doi.org/10.1001/jama.2023.2296"
G113,C11,public,Ask this,"Ask a care home how it plans the night. Are night checks planned for each person and can they be changed? How is help with bladder or bowel leaks given to someone asleep? How are noise and lights kept down? Who decides bedtimes?

In small US studies of residents with incontinence, checks were set by each person's skin risk. Waking caused by care fell. Skin health did not get worse over the study period. Some checks are needed. Ask the home to explain its plan for the night.",478,G113.png,"Illustration of a care home bedroom at night. An older man sleeps in bed; a care worker stands in the lit doorway. Four numbered questions to ask a home: how night checks are planned, continence care while asleep, keeping noise and lights down, and bedtimes and who decides.","Sources: Schnelle et al., Nurs Res 1998 https://doi.org/10.1097/00006199-199807000-00004 ; Ouslander et al., JAGS 1998 https://doi.org/10.1111/j.1532-5415.1998.tb02467.x ; Schnelle et al., JAGS 1999 https://doi.org/10.1111/j.1532-5415.1999.tb07235.x ; Webster et al., PLoS One 2022 https://doi.org/10.1371/journal.pone.0272814"
G114,C11,both,Who gets left out,"CBT for insomnia (a talking and sleep-scheduling treatment) has been tested by phone. In a US trial of 327 people aged 60+ with insomnia and osteoarthritis pain, 56 in 100 of those followed up a year later had insomnia that was no longer a clinical problem, against 26 in 100 given information.

About 1 in 5 people aged 60+ living at home in England did not use the internet in 2020. We should offer a route that does not need it. Ask your GP practice if you can have it by phone or in person.",494,G114_1.png | G114_2.png,"Bar chart: no clinically significant insomnia at 12 months, 56 in 100 after six phone sessions of CBT for insomnia (67 of 119) against 26 in 100 with information only (33 of 128). Adults 60 and over with osteoarthritis pain. || Grid of 20 person icons, 4 shaded: about 1 in 5 people aged 60 and over in England did not use the internet in 2020 (estimate). A route needing the internet leaves some out. Ask your GP practice: can I have CBT for insomnia by phone or in person?","Sources: McCurry et al., JAMA Intern Med 2021 https://doi.org/10.1001/jamainternmed.2020.9049 ; Kung and Steptoe, Sci Rep 2023 https://doi.org/10.1038/s41598-023-30882-8 ; Qaseem et al., Ann Intern Med 2016 https://doi.org/10.7326/M15-2175 ; Kyle et al., Lancet 2023 https://doi.org/10.1016/S0140-6736(23)00683-9"
G115,C11,practitioners,Teaching round,"Before a sleeping tablet for an older patient awake at night, ask what is keeping them awake. In 2,005 Dutch inpatients, noise, equipment, pain and the toilet were reported most.

In trials of at least 5 nights in people over 60, tablets added only about 25 minutes of self-reported sleep on average compared with a dummy pill, with more confusion and daytime tiredness.

Next day, review dose times: steroids later than morning, donepezil at night.",449,G115.png,"Checklist. Tonight ask about pain, needing the toilet, noise from other patients and medical equipment. Tomorrow, for the day team, review dose times: steroid given later than morning, donepezil at night with sleeplessness or vivid dreams. Sleeping tablets gave about 25 more minutes of sleep in over 60s.","Sources: Wesselius et al., JAMA Intern Med 2018 https://doi.org/10.1001/jamainternmed.2018.2669 ; Glass et al., BMJ 2005 https://doi.org/10.1136/bmj.38623.768588.47 ; Liu et al., Allergy Asthma Clin Immunol 2013 https://doi.org/10.1186/1710-1492-9-30 ; Moderie et al., Encephale 2022 https://doi.org/10.1016/j.encep.2021.08.014"
G116,C12,practitioners,What gets counted,"60 of 352 people aged 70 and over said they could no longer control their bladder when they left an Israeli hospital ward. All 352 could control it before admission.

Pads or a catheter for most of the stay were linked with new leaking. This is a link only: frailer people are more likely to be given pads, so pads may not be the cause.

We should help people to the toilet by default, and ask why when a new ""incontinent"" record appears. That takes staff time and call bells answered quickly.",493,G116_1.png | G116_2.png,"Icon array of 100 person icons standing for 352 older hospital patients who were all continent on admission. 17 icons are filled orange with a ring, the rest are teal outlines. By discharge 60 of 352, about 17 in 100, said they could no longer control their bladder. Acute medical patients aged 70 and over, one Israeli hospital. || Text card. Pads or a catheter for most of the stay were linked with new incontinence at discharge, after allowing for age, illness, mobility and memory. It shows a link, not cause; frailer people get pads more often. Our judgement, in a mint panel: help people to the toilet by default and ask why when a new incontinent record appears.",Sources: https://doi.org/10.1111/j.1532-5415.2011.03413.x (Zisberg 2011); https://doi.org/10.1016/j.ijnsa.2023.100131 (Larsen 2023); https://doi.org/10.1086/651091 (CDC 2009)
G117,C12,both,Reading the evidence,"Cranberry products probably help women who keep getting urine infections, though the benefit could be small. Over the trials' follow-up, about 18 in 100 women taking cranberry had an infection, against about 24 in 100 not taking it.

In older people in institutions such as care homes, the trials showed no clear benefit: about 11 in 100 had an infection either way. It could be anywhere from about 4 fewer to about 3 more per 100.

We should not rely on cranberry in a care home.",480,G117.png,"Bar chart of urine infections per 100 people during trials. Women with repeat infections: 24 without cranberry, 18 with it (probably fewer, moderate certainty). Older people in institutions: about 11 without, about 10.5 with, no clear benefit, with a range line showing the result is uncertain. Cochrane review 2023.","Sources: https://doi.org/10.1002/14651858.CD001321.pub7 (Williams, Cochrane 2023); https://pubmed.ncbi.nlm.nih.gov/37947276/"
G118,C12,both,Ask this,"Smelly or changed-colour urine is often taken as a sign of infection. In a small US study of 97 wet pads, judging by smell disagreed with urine tests 1 time in 3. The tests can find bacteria that many residents have without infection.

Report new pain or burning, new urgency or leaking, low tummy or side pain, blood in the urine, or fever with any of these. Ask if antibiotics are for smell or colour alone. People with a catheter, or who can't say how they feel, need a clinician's judgement.",495,G118.png,"Comparison card. Smell and colour of urine are weak guides to urine infection; wet pad smell disagreed with urine tests about 1 time in 3. Report promptly: pain or burning, new urgency, frequency or leaking, pain in the tummy or side, blood in urine, or fever. Ask whether an antibiotic is for new symptoms. Catheter users need clinician judgement.","Sources: https://doi.org/10.3928/0098-9134-20040601-04 (Midthun 2004); https://doi.org/10.1111/j.1532-5415.2009.02227.x (Juthani-Mehta 2009); https://doi.org/10.1086/667743 (Stone 2012); https://doi.org/10.1016/j.medmal.2018.04.387 (Lemoine 2018); https://doi.org/10.3399/BJGP.2022.0059 (Krzyzaniak 2022); https://doi.org/10.1093/cid/ciy1121 (Nicolle 2019, IDSA)"
G119,C12,public,Reading the evidence,"Once a day is the most common bowel pattern. In a Bristol study of about 1,900 adults, only 40 in 100 men and 33 in 100 women had a bowel movement every day.

Among US adults who called their bowels normal, 96 in 100 went between 3 times a week and 3 times a day. These studies say little about people in their 80s or 90s.

Tell your GP about a lasting change from your usual pattern, blood from the back passage or in the stool, or weight loss you can't explain.",463,G119_1.png | G119_2.png,"Chart and scale. Bristol study: a regular daily bowel cycle in 40 in 100 men and 33 in 100 women. A wide band from 3 times a day to 3 times a week held 96 in 100 US adults reporting normal bowels and 98 in 100 healthy Swedish adults. Arrows mark more often and less often. || Text card. Constipation means hard or lumpy stools, straining, feeling not emptied, or fewer than 3 a week, a good part of the time. Three numbered points: tell your GP about a lasting change, blood from the back passage or in the stool, or unexplained weight loss.",Sources: https://doi.org/10.1136/gut.33.6.818 (Heaton 1992); https://doi.org/10.1038/ajg.2017.213 (Mitsuhashi 2018); https://doi.org/10.3109/00365520903551332 (Walter 2010); https://doi.org/10.1053/j.gastro.2023.03.214 (Chang 2023); https://doi.org/10.1136/gutjnl-2022-327985 (FIT guideline 2022); https://doi.org/10.1002/ueg2.12213 (Assmann 2022)
G120,C12,public,Ask this,"Ask for a continence assessment (a check for causes of leaking) when incontinence is part of a care home discussion.

In a 1990s US study, women with recorded incontinence were about twice as likely to move into a nursing home as women without it, and men about three times as likely. This is a link; the study did not test whether treatment prevents a move.

An assessment can look at medicines, constipation, toilet access, equipment, products and night help. Research on help at home is thin.",495,G120.png,"Question card with five numbered questions and small line icons: has anyone looked for the cause of leaking, constipation checked, could a medicine contribute, would a commode, urinal bottle or night help make nights easier, are the right products supplied. A US 1990s study links incontinence with nursing home moves. A care home can still be the right choice.",Sources: https://doi.org/10.1093/ageing/26.5.367 (Thom 1997); https://doi.org/10.1186/1471-2318-11-75 (Drennan 2011); https://doi.org/10.1093/ageing/afac199 (Schlogl 2022); https://doi.org/10.1159/000052776 (Charach 2001); https://doi.org/10.1186/1471-2318-12-77 (Drennan 2012); https://doi.org/10.1093/ageing/afae126 (Buck 2024)
G121,C12,public,Care that works,"Women who use a pessary (a device placed in the vagina to hold the pelvic organs up) usually have it changed in clinic about every 6 months. In a UK trial of 340 women, those taught to do it themselves had no clear difference in quality of life at 18 months compared with clinic care. They reported slightly fewer pessary problems.

The trial left out women with poor hand use or memory problems. Clinic care remains a good choice. If you could manage it yourself, ask whether you can be taught.",495,G121_1.png | G121_2.png | G121_3.png | G121_4.png,"Schematic side view of the pelvis with labels: a ring pessary sits in the vagina below the womb, with bladder in front and bowel behind. A pessary holds the pelvic organs up. Many women change it in clinic about every 6 months. || Two columns. Self-management taught: a 30-minute session, a leaflet, a phone call after 2 weeks, a helpline number. Usual clinic care: changed in clinic, usually every 6 months, shown with a nurse seated at a desk. || Trial of 340 women, 21 NHS centres, 18 months. No clear difference in quality of life; fewer self-reported complications. Bar chart: vaginal tissue concerns on examination 27 of 152 self-managing (about 18 in 100) and 43 of 160 clinic care (about 27 in 100). Self-management also cost the NHS less. || Limits of the trial. Not included: women who could not use their hands well, women with memory or thinking problems who could not consent or self-manage, women needing teaching in another language. About 1 in 5 women taught to self-manage went back to clinic care. Clinic care remains a good choice.","Sources: https://doi.org/10.1016/j.eclinm.2023.102326 (Hagen 2023, TOPSY); https://doi.org/10.1111/1471-0528.18333 (Bugge 2025, 4 years); https://doi.org/10.3310/NWTB5403 (Bugge 2024); https://doi.org/10.1016/j.jval.2024.03.004 (Manoukian 2024, costs)"
G122,C12,practitioners,Teaching round,"In a 2017 to 2018 UK survey of district nursing caseloads, only half of 267 people with a catheter placed in the last 4 weeks had any plan for taking it out, such as a review date or a referral.

National hospital guidance (epic3) says to record why the catheter went in, when, and the removal date, and not to discharge anyone with a short-term catheter without a documented plan. Longer catheter use raises infection risk.

A catheter without a reason and a removal plan is an incomplete discharge.",500,G122.png,"Flow from hospital ward to discharge letter to home or care home to district nurse, GP or continence service, with a tag marked written down at discharge listing three facts: why the catheter went in, the date, and who will review or remove it and when. A bar shows 134 of 267 new catheters had a removal plan.","Sources: https://doi.org/10.1177/1757177420901550 (Prieto 2020, CCaMa survey); https://doi.org/10.1016/S0195-6701(13)60012-2 (epic3 2014); https://doi.org/10.1086/655133 (Meddings 2010)"
G123,C12,both,Teaching round,"Some leaks happen because the toilet is hard to reach or use: slow walking, memory problems, the route or room.

A continence assessment (a check for causes of leaking) should include watching the trip from chair or bed to toilet, by day and night. Check the chair height, walking aid within reach, a clear lit route, a door that opens easily, clothes that are easy to undo, and a commode or bottle at night. No trial has tested each change alone.

Ask for the trip to be watched.",480,G123.png,"Cutaway drawing of a home. An older man with white hair rises from a green armchair beside a bed, with a four-wheeled walker in reach. A night light lights the hall, a bay door opens to a bathroom with a raised toilet seat and grab rails. Seven numbered markers match seven things to check; a commode and urinal bottle by the bed are marked for night.",Sources: https://pubmed.ncbi.nlm.nih.gov/21075990/ (Frank 2010); https://doi.org/10.1111/j.1532-5415.2000.tb04744.x (Brown 2000); https://doi.org/10.1097/JU.0000000000000459 (Pesonen 2020)
G124,C12,public,Ask this,"""I have had some accidents with my bowels"" is a sentence your GP or practice nurse can act on.

In a US survey, about 15 in 100 adults aged 70 and over living at home reported bowel leakage in the past month. In two other US surveys (clinic patients; women 45 and over), only about 1 in 3 people with leakage had talked to a doctor. Loose stools and constipation are common causes that can be treated. You can ask whether a continence service (a team that assesses and treats leaking) could help.",496,G124_1.png | G124_2.png,"Comic strip, illustration only. A nurse and an older Black woman with grey hair and a walking stick sit across a desk. She says she has had some accidents with her bowels. Text gives the US survey figures: about 15 in 100 adults aged 70 and over reported leakage; only about 1 in 3 had told a doctor. Say it in plain words. || Two comic panels. The nurse thanks her and asks about her bowel pattern, and may ask about childbirth and surgery. In the next panel she asks if a continence service could help; he holds a leaflet and says they can start with simple steps. Caption lists first steps: food, fibre, drinks, toilet routine, pelvic floor exercises, pads, skin care.","Sources: https://doi.org/10.1053/j.gastro.2009.04.054 (Whitehead 2009); https://pubmed.ncbi.nlm.nih.gov/8561140/ (Johanson 1996); https://doi.org/10.1002/ueg2.12213 (Assmann 2022, UEG guideline); https://doi.org/10.1097/SPV.0b013e31828016d3 (Brown 2013); https://doi.org/10.1111/ijcp.12018 (Brown 2012)"
G125,C12,practitioners,Weighing it up,"An indwelling catheter is a tube that stays in the bladder. For a man who can empty his bladder but needs urine collected, a sheath avoids it. In a trial of 75 hospital men, more of them said it was comfortable. A combined measure of problems was lower after adjustment but not clearly lower before it, driven mostly by bacteria in the urine. In men with dementia the trial did not show a clear difference.

It needs the right size, a secure but not tight fit, daily changes and skin checks.",491,G125_1.png | G125_2.png,"Two line diagrams of the lower body from the side. Left, indwelling catheter: a tube runs from the bladder out to a drainage bag at the thigh. Right, sheath: worn outside over the penis with a short tube to a drainage bag, nothing inside the bladder. For men who can empty their bladder but need urine collected. || Trial of 75 hospital men, average age about 73. Men with a sheath were more likely to say it was comfortable and not painful. The combined measure was mostly bacteria in urine on daily testing, lower with the sheath only after adjustment. No clear difference in dementia. Checklist of five points for a sheath.",Sources: https://doi.org/10.1111/j.1532-5415.2006.00785.x (Saint 2006); https://doi.org/10.1086/651091 (CDC 2009); https://doi.org/10.12968/bjcn.2025.0205 (Hamilton 2026)
G126,C13,practitioners,Reading the evidence,"The 2004 study that tested red plates for dementia had nine men with advanced Alzheimer's. Over 10 days they ate about a quarter more and drank 84% more on average than on white.

A year later, high-contrast blue plates increased eating; pale ones did not. So contrast looks like the reason. A later study of blue plates in 18 people, with many pale foods on the menu, found no clear increase. A 2026 review called the evidence inconclusive.

Cheap to try. Not a replacement for help at the meal.",496,G126_1.png | G126_2.png,"Card 1 of 2. Red plates study: nine men with advanced Alzheimer's disease in long-term care had 10 days on white plates, 10 on red, 10 on white. On red they ate about 25% more food and drank 84% more on average. Eight of the nine ate or drank more; one did not. Dunne 2004. || Card 2 of 2. What came after: a year later strong blue also worked, pale red and pale blue did not. A later blue plate study in 18 people with dementia, with many pale foods, showed no clear increase. A 2026 review: 4 small studies, 64 people, none randomised; evidence limited and inconclusive. Cheap to try; keep helping.",Sources: Dunne 2004 https://doi.org/10.1016/j.clnu.2003.09.015 ; 2026 review https://doi.org/10.3390/nu18142338 ; Cochrane review of mealtime changes in dementia https://doi.org/10.1002/14651858.CD011542.pub2
G127,C13,practitioners,Reading the evidence,"A mouth care programme in 14 US nursing homes did not show a clear fall in pneumonia over two years: 0.67 cases per 1,000 resident-days with it, 0.72 without (2,152 residents).

An analysis of the first year found fewer cases, but it was not planned in advance. A 2022 Cochrane review called the effect largely unclear, with low-certainty signs of fewer pneumonia deaths.

The evidence on pneumonia is uncertain either way. We should keep cleaning mouths for comfort, eating and sore spots.",490,G127.png,"Comparison card. Left: trials of mouth care and pneumonia are uncertain: 14 US nursing homes showed no clear fall; Cochrane 2022 found six trials, all at high risk of bias; none compared mouth care with none. Right, marked as judgement: reasons to clean mouths anyway are plaque removal, comfort, easier eating, early detection of sore spots and dignity.",Sources: Zimmerman 2020 https://doi.org/10.1001/jamanetworkopen.2020.4321 ; Cochrane review 2022 https://doi.org/10.1002/14651858.CD012416.pub3 ; Yoneyama 2002 https://doi.org/10.1046/j.1532-5415.2002.50106.x
G128,C13,both,"Small detail, real effect","About four in ten healthy people over 65 could not open a hospital cheese portion in an Australian test of 40 volunteers. In four Australian hospitals, about half of 140 mostly older patients found milk, juice and cereal packs difficult.

Opening packs in bed took more finger strength than in a chair. UK packs may differ.

We should open the packet, help the person sit up, and record food that comes back unopened as ""not opened"", as the person may not have been able to open it.",482,G128.png,"Annotated drawing of a hospital tray from above with numbered items: cheese portion (about 4 in 10 healthy over-65s could not open one), water bottle (1 in 10), milk, juice and cereal packs (about half of 140 patients struggled). Inset 4: an older woman in bed and an older man in a chair, with a lab finding that opening a pack in bed took more finger strength.",Sources: Bell 2016 https://doi.org/10.1016/j.appet.2015.12.004 ; Bell 2013 https://doi.org/10.1016/j.appet.2012.10.013 ; Bell 2017 https://doi.org/10.1111/jhn.12430
G129,C13,both,What gets counted,"In a US study, helping one nursing home resident eat took an average of 38 minutes per meal. Usual care gave about 9. Half of the 74 residents ate and drank more with the help than usual, by more than chance would explain. The help came from the research team.

A later US trial found 42 minutes against about 5. No UK figure was found.

We should plan mealtime staffing from how many people need help and how long it takes. Where the minutes are not counted, the plan has no time for this help.",495,G129_1.png | G129_2.png,"Bar chart. Minutes of one-to-one mealtime help per resident per meal in a US study of 74 residents: usual care 9 minutes, one-to-one help by research staff 38 minutes. Half of the residents ate and drank significantly more with this help. Simmons 2001, 3 nursing homes, 2 days. || Bar chart. Minutes of help per person per meal in a later US trial of 76 residents: usual care about 5 minutes, trained research staff 42 minutes. Directors of nursing reported one care aide for 6 to 11 residents on the day shift. No UK figure was found. Simmons 2008.",Sources: Simmons 2001 https://doi.org/10.1093/gerona/56.12.m790 ; Simmons 2008 https://doi.org/10.1111/j.1532-5415.2008.01801.x
G130,C13,both,Care that works,"Thirst and a dry mouth in the last days of life can be eased with mouth care, moistened lips and small sips. In a small US study of 32 mentally aware people with cancer and no comparison group, these were relieved in every case.

NICE guidance (UK, 2015) advises helping the person drink if they want to and encouraging family to help with mouth care. Fluids by drip are decided person by person. Trials of them in a 2023 Cochrane review were all in people with cancer.

Ask the nurse how to help.",497,G130.png,"Illustration of a son sitting beside his mother's bed, leaning in to moisten her lips; she rests propped on pillows. A glass sits on the bedside table. Checklist: sips of drink if wanted, frequent mouth and lip care, ice chips or moistened lips, family can help, ask the nurse to show you. Drips are a separate decision.",Sources: NICE NG31 summary https://doi.org/10.7861/clinmedicine.16-3-254 ; McCann 1994 https://doi.org/10.1001/jama.272.16.1263 ; Bruera 2013 https://doi.org/10.1200/JCO.2012.44.6518 ; Cochrane 2023 https://doi.org/10.1002/14651858.CD006273.pub4
G131,C13,both,Weighing it up,"Feeding tubes for people with advanced dementia have not been shown to help them live longer None showed more comfort. A 2021 Cochrane review found no trials, only 14 studies that watched what happened, with low certainty.

Guidance recommends careful hand feeding: offering food regularly and stopping at distress. The plan is expert-proposed, not tested.

We should treat saying no to a tube as a choice about one treatment; a person's worth is unchanged. Food, drink and company continue.",491,G131.png,"Comparison card on feeding tubes in advanced dementia. Left: no randomised trials; PEG not shown to help people live longer; no study showed more comfort; more pressure sores in one study of 4,421. Right: careful hand feeding, expert-proposed and untested. Saying no to a tube is a decision about one treatment; food, drink, mouth care and company continue.",Sources: Cochrane 2021 https://doi.org/10.1002/14651858.CD013503.pub2 ; AGS 2014 https://doi.org/10.1111/jgs.12924 ; ESPEN 2024 https://doi.org/10.1016/j.clnu.2024.04.039 ; Palecek 2010 https://doi.org/10.1111/j.1532-5415.2010.02740.x
G132,C13,practitioners,Teaching round,"Urine colour, a dry mouth and thirst each fail as a single test for dehydration from too little drinking in people aged 65 and over (Cochrane, 24 studies). They miss many dehydrated people and label others wrongly.

In 188 UK care home residents (people with heart or kidney failure excluded), 1 in 5 had a blood osmolality over 300 mOsm/kg, counted as dehydrated; thirst was not linked with it.

If it will change care, check osmolality (a blood test) or calculate osmolarity from routine results.",498,G132_1.png | G132_2.png,"Card 1 of 2. Single bedside signs are not useful alone for low-intake dehydration in people 65 and over: urine colour, urine specific gravity, dry mouth, thirst, heart rate, recorded fluid intake. Alongside: serum osmolality as reference test, calculated osmolarity as a screen, and missed drinks between meals as a promising sign. || Card 2 of 2. Calculated osmolarity equals 1.86 times (sodium plus potassium) plus 1.15 times glucose plus urea plus 14, all in mmol/L. At 295 mOsm/L or more it flags about 85 in 100 dehydrated people and 41 in 100 who are not, shown as two icon arrays. A screen, not a diagnosis.",Sources: Cochrane 2015 https://doi.org/10.1002/14651858.CD009647.pub2 ; DRIE 2016 https://doi.org/10.1093/gerona/glv205 ; Hooper 2015 equation https://doi.org/10.1136/bmjopen-2015-008846 ; Siervo 2014 https://doi.org/10.3945/ajcn.114.086769
G133,C13,public,"Small detail, real effect","Does food still smell of anything to you?

In a study of 2,491 people in one Wisconsin town, about 6 in 10 of those aged 80 and over had a weakened sense of smell, and most did not know. Smell is a large part of flavour, so food can taste blander.

Things to try (untested): stronger flavours, sauces, herbs, lemon. Two trials of flavour enhancers disagreed: one found weight gain, the other no change. If food has tasted wrong since a new medicine, ask your GP or pharmacist. Do not stop it alone.",498,G133.png,"Drawing of a plate of poached fish, potatoes and green beans with steam, with a pepper mill, sauce jug, lemon wedge and herbs, each labelled. About 6 in 10 people aged 80 and over had a weakened sense of smell on testing. Tips: stronger flavours; these are untested. Ask a GP or pharmacist about medicines; do not stop one yourself.",Sources: Murphy 2002 https://doi.org/10.1001/jama.288.18.2307 ; Schiffman 1997 https://pubmed.ncbi.nlm.nih.gov/9343468/ ; Doty 2008 https://doi.org/10.2165/00002018-200831030-00002 ; Mathey 2001 https://doi.org/10.1093/gerona/56.4.m200 ; Essed 2007 https://doi.org/10.1016/j.appet.2006.06.002
G134,C13,public,"Small detail, real effect","Dental specialists advise taking dentures out every night and cleaning them every day, mainly to prevent sore gums under the denture.

In a Japanese study of 524 people aged 85 and over, those who slept in dentures were, over three years, more likely to be admitted to hospital with pneumonia, or to die of it. That is a link, not proof of cause.

In hospital, dentures go missing. Tell the ward staff and use a denture pot.",424,G134.png,"Checklist card with a drawing of a bedside table holding a lamp, glasses, a denture pot and a glass of water. Dentures: out every night, cleaned every day, stored as the dentist advises. In hospital: tell staff, use a denture pot, check they are not left on a tray. A Japanese study found a link with pneumonia, not proof of cause.",Sources: Iinuma 2015 https://doi.org/10.1177/0022034514552493 ; McReynolds 2023 https://doi.org/10.1111/jopr.13687 ; Mann and Doshi 2017 https://doi.org/10.1038/sj.bdj.2017.728 ; Doshi 2022 https://doi.org/10.1038/s41415-022-4137-6
G135,C13,public,Care that works,"A person with dementia turns away and pushes the toothbrush aside. One idea is that this is often fear.

In a US trial of 101 nursing home residents, staff used calm techniques: eye level, a mirror, handing over the brush, letting the person carry on. Mouth care was accepted and finished more often than in the comparison group. Refusals continued and mouth health showed no clear difference over three weeks.

We should change the approach before deciding brushing is not possible.",483,G135.png,"Four panel comic, labelled illustrative. In a care home bathroom an older man pushes away a toothbrush; the carer comes to eye level calmly; he holds a brush at the mirror; the carer starts, then he carries on. Techniques from a US trial of 101 residents; refusals continued and mouth health showed no clear difference over 3 weeks.","Sources: Jablonski 2018 trial https://doi.org/10.1111/ger.12357 ; description of the approach, Jablonski 2012 https://doi.org/10.1891/1541-6577.25.3.163"
G136,C13,both,Care that works,"In a Dutch nursing home trial, 178 residents without dementia ate either family style or usual plated meals for six months. Family style meant dishes on the table, self-serve, and a staff member or volunteer sitting and chatting at each table.

Family style held weight steady; plated meals meant about 1 kg lost. Quality of life scores held steady with family style meals and fell with plated meals.

Several things changed at once, in one trial, in residents without dementia.",478,G136.png,"Annotated drawing of a care home dining table with a cloth, glasses and dishes. Residents, including a man in a wheelchair, serve themselves while a care worker sits and chats; the door is closed. Over 6 months in a Dutch trial weight held steady with family style meals against about 1 kg lost with plated meals. Residents did not have dementia.",Sources: Nijs 2006 https://doi.org/10.1136/bmj.38825.401181.7C ; Bunn 2016 review https://doi.org/10.1186/s12877-016-0256-8
G137,C14,practitioners,Teaching round,"Ask an older person with dizziness what sets it off.

A brief spin when they roll over in bed or look up should prompt a Dix-Hallpike test for BPPV, vertigo set off by head position.

In trials in adults, vertigo fully resolved in about 56 in 100 people after the Epley manoeuvre, against about 21 in 100 after a sham or control. It came back in about 36 in 100 during the trials' short follow-up.

The US ENT guideline advises against routinely giving antihistamines or benzodiazepines for it.",494,G137_1.png | G137_2.png | G137_3.png,"Three drawn steps of the Dix-Hallpike test: head turned 45 degrees, lying back with the neck extended 20 degrees, then looking for brief spinning and eye movements. || Bar chart from a Cochrane review of 5 trials, 273 people: complete resolution of vertigo in 56 in 100 after the Epley manoeuvre against 21 in 100 after sham or control. BPPV came back in about 36 in 100. || Checklist for older people with dizziness: ask what sets it off, examine with Dix-Hallpike, treat with a repositioning manoeuvre, avoid routine antihistamines or benzodiazepines, check falls risk. A note says side-lying test accuracy is not established.",Sources: https://doi.org/10.1177/0194599816689667 | https://doi.org/10.1002/14651858.CD003162.pub3 | https://doi.org/10.1016/S0194-5998(00)70187-2 | https://doi.org/10.1007/BF03325263
G138,C14,public,Ask this,"One ear sounds muffled on waking, and the usual guess is wax.

It could be. It could also be damage to the inner ear or hearing nerve, and a clinician has to examine you to tell which.

Steroids are an option if started within about two weeks of the hearing loss starting. A Cochrane review of three small trials found it unclear whether they work.

Sudden hearing loss in one ear should be checked urgently. Our practical advice: ask for an ear, nose and throat service or an emergency department.",498,G138.png,"Four drawn panels, labelled illustration not a real case: an older woman with muffled hearing in one ear on waking, phoning to ask for urgent review, a clinician checking her ear, and a talk about steroids, whose value was unclear in 3 small trials.",Sources: https://doi.org/10.1177/0194599819859885 | https://doi.org/10.1002/14651858.CD003998.pub3
G139,C14,public,Ask this,"Some people with sight loss see vivid images that are not there, and usually know it. The name is Charles Bonnet syndrome, often linked with macular degeneration.

In a Dutch study of patients with sight loss, only 1 of 16 who saw a doctor about the images was given the right explanation. All were glad to hear it was not mental illness.

If you see something that is not there, tell your doctor so other causes can be ruled out. Eye clinics should mention the syndrome when sight loss is diagnosed.",500,G139.png,"Illustration of an older man in an armchair by a window with faint dashed shapes across the room, for Charles Bonnet syndrome. Text: tell your doctor about images that are not there after sight loss; explaining the condition is a large part of the help.",Sources: https://doi.org/10.1016/s0140-6736(96)90869-7 | https://pubmed.ncbi.nlm.nih.gov/30667516/
G140,C14,public,Reading the evidence,"It is often said that hearing is one of the last senses to stop working near death. The authors of one hospice study say the belief rests mostly on anecdote.

The researchers played tones to 5 people who had stopped responding and were actively dying. All 5 showed a brain response to a change in the tones. That does not show they understood what they heard.

The authors say it gives some support to the advice to keep talking to a dying relative. We should speak directly to the person.",489,G140.png,"Illustration of an older woman with a hearing aid in bed and a young man sitting beside her. Text: in one small hospice study of 5 unresponsive people, all 5 showed a brain response to tone changes; it did not show they understood what they heard.",Sources: https://doi.org/10.1038/s41598-020-67234-9
G141,C14,public,Ask this,"'She hears what she wants to hear' is something families say. Age-related hearing loss gives a physical reason it can seem that way.

It usually affects high-pitched sounds first, and many consonants such as s, f and th are high-pitched. A person can hear that you are talking but miss parts of words.

Our suggestions: get their attention first, face them, speak clearly, and if they miss it, say it in different words.",420,G141.png,"Card on age-related hearing loss: sun, fun, thin, fin with the first sounds faded to _un and _in, labelled illustrative. Four suggestions, not trial findings: get attention, face them, speak clearly, rephrase if missed.",Sources: https://doi.org/10.1177/1084713810393751 | https://doi.org/10.1044/jshr.2801.96
G142,C14,practitioners,Teaching round,"Timolol eye drops get into the bloodstream and can act like a beta-blocker tablet.

Case reports describe slow heart rates and heart block that settled when drops stopped; in one, a milder block remained and worsened. They show it can happen, not how often.

In a small study of 21 adults, pressing the inner corner of the eye for 5 minutes after the drop lowered the blood timolol level. Whether it prevents a slow pulse was not shown.

In an older person with a slow pulse, ask about eye drops.",496,G142.png,"Diagram: timolol eye drop, enters the bloodstream, can act like a beta-blocker tablet. Notes on a case report of heart rate 29 in a man aged 62, a 21-adult study of pressing the eye corner for 5 minutes, and that case reports do not show how often.",Sources: https://doi.org/10.1186/s40360-019-0370-2 | https://doi.org/10.1111/ceo.13642
G143,C14,practitioners,What gets counted,"Testing everyone's eyesight at a health check did not leave people aged 75 and over seeing better 3 to 5 years later than testing only some, in a UK trial of 4,340 people. A Cochrane review of community screening found it did not improve vision.

The reviewers thought the most likely reason was that people often did not take up the treatment offered. That is their interpretation.

We should judge screening by whether sight gets corrected.",442,G143.png,"Illustrative six-step flow from tested to sees better, with the last three steps dashed as where screening can fail. Boxes summarise a UK trial of 4,340 people aged 75 and over and a Cochrane review of 10 trials, 10,608 people.",Sources: https://doi.org/10.1136/bmj.327.7422.1027 | https://doi.org/10.1002/14651858.CD001054.pub3
G144,C14,public,Ask this,"After your first cataract operation, the two eyes can end up needing very different glasses.

In one Belfast list, about 1 in 3 waiting for a first eye were estimated at risk of this imbalance. Second-eye surgery probably reduces it.

In a trial of 239 women over 70, a second operation within about a month, not a year later, improved how well they saw and their confidence. The effect on falls was uncertain.

Before surgery, ask: what should I do about my glasses until the second eye is done?",496,G144.png,"Timeline from before surgery, first eye done, to second eye done, with a hatched gap and glasses with unequal lenses. About 1 in 3 of 179 in one Belfast list at risk; trial of 239 women over 70. Question to ask about glasses.",Sources: https://doi.org/10.1093/ageing/afj005 | https://pubmed.ncbi.nlm.nih.gov/35169334/ | https://doi.org/10.1016/j.jcrs.2013.08.033
G145,C14,practitioners,Teaching round,"A person who mishears the word list in a memory test scores as if they forgot it.

In 301 older adults, people with hearing or sight loss passed the MoCA less often, even after scores were adjusted for items they could not hear or see. Two small studies found amplification did not change the total score; in one it helped word recall.

Use hearing aids, glasses, a quiet room and large print, and record the adaptations with the score.",436,G145.png,"Checklist before a cognitive test: hearing aids in, glasses on, quiet room, amplifier, large print, and record adaptations with the score. Notes: 301 older adults with hearing or sight loss passed the MoCA less often; amplification did not change total scores.",Sources: https://doi.org/10.1080/13825585.2014.968084 | https://doi.org/10.1159/000500777 | https://doi.org/10.3766/jaaa.17044
G146,C14,both,Who gets left out,"In small studies of care home residents, earwax needing removal was found in more than half. In one small study of 29 people, hearing improved in most blocked ears after removal.

In England, NICE, the national guidance body, says removal should be done in primary care, such as the GP practice. A GP's 2020 article said practices need not provide it unless the local health service paid for it.

If you are told your practice no longer does it, ask where NHS wax removal is provided locally.",492,G146.png,"Care home scene: an older woman in a wheelchair with a hearing aid, a care worker kneeling beside her, a telephone on a table, with four numbered markers. Key: wax in over half of residents in small studies, guideline advice, uneven access in England, ask your practice.",Sources: https://doi.org/10.3399/bjgpopen20X101064 | https://doi.org/10.1136/bmj.n2077 | https://doi.org/10.1186/s12875-026-03325-2 | https://pubmed.ncbi.nlm.nih.gov/12807656/ | https://doi.org/10.1111/ajag.12736
G147,C14,practitioners,Teaching round,"In a small Danish study of 48 people, temporal artery ultrasound picked up giant cell arteritis in about 73 in 100 people who had it before steroids. After 10 days of steroids it picked up about 53 in 100.

EULAR says to start high-dose steroid immediately in active disease and confirm by scan or biopsy. Sight loss can be permanent.

We should start treatment without waiting for a scan slot.",394,G147_1.png | G147_2.png,"Flow for active giant cell arteritis: start high-dose steroid at once, confirm by scan or biopsy, early ultrasound within 3 days. Sight loss can be permanent. A note marks our view as ours, not EULAR wording. || Bar chart from a Danish study of 48 people: temporal artery ultrasound sensitivity 73 in 100 before steroids and 53 in 100 after 10 days, with confidence intervals 58 to 85 and 38 to 68. Small single-centre study.",Sources: https://doi.org/10.1093/rheumatology/keae551 | https://doi.org/10.1136/annrheumdis-2019-215672 | https://doi.org/10.1007/s11606-024-09141-7
G148,C15,practitioners,Teaching round,"A temperature of 37.5°C scores 0 on the early warning score NEWS2. So does anything from 36.1°C to 38.0°C.

US care home guidance counts a reading more than 1.1°C above the person's usual temperature as a fever. Illustrative example: usual 36.0°C, reading 37.5°C, a rise of 1.5°C.

Many older people with a serious infection do not develop a typical fever. If you can, find their usual temperature, and do not stop looking for infection because the score is low.",462,G148.png,"Two vertical temperature scales from 34 to 40 degrees C. Left: NEWS2 points, with 36.1 to 38.0 scoring 0 (hatched). Right, an illustrative person with usual 36.0 and reading 37.5, a 1.5 degree rise bracketed in orange and a dashed line at 37.1 for the care home fever rule. A reading of 37.5 scores 0 yet is a rise for this person.",Sources: https://doi.org/10.1086/595683 (IDSA guideline abstract) https://doi.org/10.1086/667743 (revised McGeer criteria) https://doi.org/10.1016/j.resplu.2020.100020 (NEWS2 chart) https://doi.org/10.7861/clinmed.2022-0426 (NEWS2 and the older person) https://doi.org/10.1086/313896 (fever in older people) https://doi.org/10.1016/j.diagmicrobio.2016.08.020 (blood infection without fever)
G149,C15,practitioners,"Small detail, real effect","In 43 US hospitals, 2 in 3 adults on general medical wards with pneumonia (median age 70) got more antibiotic days than the authors judged necessary, usually about 2 extra days. 93 in every 100 extra days came from the discharge prescription.

Only 1 in 3 discharge summaries gave the total number of antibiotic days. Patients who got extra days had no fewer deaths or readmissions.

We should write the last day as a calendar date, with the total course length, on every discharge antibiotic.",493,G149.png,"Headline: 93 in 100 extra antibiotic days came from the discharge prescription (pneumonia, 43 US hospitals, 6,481 adults). Only 1 in 3 discharge summaries gave total days. An illustrative calendar marks start day, planned last day and hatched extra days. Line A reads Amoxicillin, continue; line B gives dose, last date and total 5 days.","Sources: https://doi.org/10.7326/M18-3640 (Vaughn 2019, Annals of Internal Medicine) https://doi.org/10.1016/S0140-6736(21)00313-5 (French 3-day trial)"
G150,C15,practitioners,Teaching round,"By 2013, the commonest cause of major trauma in the England and Wales registry was a fall from less than 2 metres (39 in 100 cases). In 1990 it was road collisions (59 in 100).

In one US centre, older people admitted with rib fractures died in hospital more often than younger adults (22 in 100 versus 10 in 100). Across studies, 1 in 20 people aged 65 or over seen in an emergency department after a fall had bleeding inside the skull.

After a low fall, we should look for head and chest injury.",498,G150_1.png | G150_2.png,"Card 1: 1990 versus 2013 in England and Wales major trauma. 1990: road collisions 59 in 100 cases, average age 36. 2013: falls from under 2 metres 39 in 100, average age 54. A person icon grid shows 27 of 100 filled for about 1 in 4 cases over 75. Reporting and CT scanning may explain some change. || Card 2: bar chart per 100 people, one US trauma centre. Died: aged 65 and over 22, 18 to 64 10. Pneumonia: 31 versus 17. Crude figures. Judgement: look for head and chest injury after a low fall.","Sources: https://doi.org/10.1136/emermed-2015-205265 (TARN registry, Kehoe 2015) https://doi.org/10.1097/00005373-200006000-00007 (rib fractures) https://doi.org/10.1016/j.injury.2019.12.036 (bleeding after falls) https://doi.org/10.1007/s41999-021-00512-5 (under-triage review)"
G151,C15,both,Reading the evidence,"People in England who waited longer for a hospital bed were more likely to die within 30 days (over 5 million people admitted in 2016 to 2018, all ages).

The authors estimated 1 extra death for every 82 people who waited beyond 6 to 8 hours for a ward bed, compared with the deaths a model expected. It is a link; the model left out how ill each person was on arrival.

When you see a figure like this, ask what it was compared with and what was allowed for (here, age, sex, long-term conditions).",498,G151_1.png | G151_2.png | G151_3.png,"Card 1: over 5 million people admitted in England 2016 to 2018; from 5 to 12 hours of waiting the longer the wait the higher the 30-day death risk, a link not proof of cause. About 9 in 100 died within 30 days. An arrow runs from 5 hours to 12 hours. || Card 2: the 1 extra death in 82 estimate allowed for age, sex, deprivation, long-term conditions, time, month, earlier visits and crowding, but not how ill each person was on arrival. || Card 3: bar chart of visits lasting 4 hours or more in one English department in 2019, per 100 visits: 44 aged 18 to 64, 63 aged 65 to 74, 71 aged 75 to 84, 79 aged 85 and over.","Sources: https://doi.org/10.1136/emermed-2021-211572 (Jones 2022, England) https://doi.org/10.1007/s40520-022-02226-5 (Nottingham, age and length of stay) https://doi.org/10.1001/jamainternmed.2023.5961 (France, overnight stays) https://doi.org/10.1007/s11739-024-03660-1 (Spain, overnight stays)"
G152,C15,both,Weighing it up,"In a UK trial of 1,055 unwell but stable older people (average age 83), about 79 in 100 treated at home by a specialist team and 75 in 100 admitted were living at home six months later. No clear difference. About 17 in 100 treated at home and 18 in 100 admitted had died.

About 6 in 100 treated at home and 9 in 100 admitted were in residential care (not the trial's main question). The results apply to selected people. If home treatment is offered, ask what care at home would involve.",488,G152.png,"Bar chart per 100 people, six months after UK trial of treatment at home versus admission in 1,055 older people, average age 83. Living at home about 79 versus 75; died about 17 versus 18 (no clear difference in either); long-term residential care about 6 versus 9 (secondary outcome). Applies to selected people.","Source: https://doi.org/10.7326/M20-5688 (Shepperd et al., Annals of Internal Medicine 2021)"
G153,C15,public,Weighing it up,"Treated in the care home, about 10 in 100 residents with a chest infection such as pneumonia went to hospital in a Canadian trial. With usual care it was 22 in 100.

Home treatment meant antibiotic tablets, chest X-rays in the home, oxygen checks, fluids and close nurse checks. About 8 in 100 treated in the care home and 9 in 100 with usual care died: no clear difference.

It was one older trial. Ask what care is possible where you live if you become ill, and say what you would want.",488,G153_1.png | G153_2.png,"Card 1: illustrative care home room. A grey-haired Black man sits propped up in a hospital bed; a nurse kneels beside him holding his hand, a finger oxygen clip on his hand, a portable X-ray stand at the left, tablets, jug and glass on the bedside locker. Five numbered pins match the list of treatment components. || Card 2: bars per 100 residents, Canadian trial of 680 residents. Went to hospital 10 with home treatment versus 22 with usual care; died about 8 versus about 9, no clear difference.","Source: https://doi.org/10.1001/jama.295.21.2503 (Loeb et al., JAMA 2006)"
G154,C15,both,Who gets left out,"An inquiry into 247 deaths in 2010 to 2012 found men with a learning disability in south-west England died at a typical (median) age 13 years younger than men in general. For women it was 20 years younger. About 37 in 100 of these deaths were from causes good care can usually treat, against 13 in 100.

Hospitals should make reasonable adjustments. If you support someone going into hospital, ask for the liaison nurse (a nurse who specialises in learning disability) and say who knows them best.",497,G154_1.png | G154_2.png,"Card 1: median age at death in a south-west England learning disability inquiry of 247 deaths in 2010 to 2012. Men 65 versus 78 in the general population, 13 years lower; women 63 versus 83, 20 years lower. About 37 in 100 deaths were from treatable causes versus 13 in 100. || Card 2: three things to ask for on going into hospital: the learning disability liaison nurse or team, the hospital passport, and the person who knows them best, listened to. About 1 in 3 reviewed hospital deaths had liaison nurse input.","Sources: https://doi.org/10.1016/S0140-6736(13)62026-7 (Confidential Inquiry, Heslop 2014) https://doi.org/10.1371/journal.pmed.1005029 (England 2021 to 2023) https://doi.org/10.1136/bmjopen-2023-077124 (liaison nurses) https://doi.org/10.1111/hsc.13253 (people's experiences)"
G155,C15,public,"Small detail, real effect","A long wait on a trolley in the emergency department needs the basics. If you are with an older person, ask whether they are allowed to drink, for help to the toilet, when their usual medicines are due, and whether they can change position.

In one French emergency department, about 16 in 100 people over 75 got a new pressure sore. Most were the earliest stage (reddened, unbroken skin). Stays there averaged 9 hours across all patients.

These requests come from judgement; no trial is cited.",495,G155_1.png | G155_2.png,"Card 1: illustrative emergency department bay. An older woman with white hair lies propped on a trolley under a plum blanket; her son sits beside her holding a cup of water. Four pins mark the cup, the door to the toilet, her medicines bag and her heels, matching four questions on basic care. This is judgement, not a trial finding. || Card 2: two person icon grids per 100 patients, one French emergency department, June 2010. New pressure sores: about 5 in 100 of all patients, about 16 in 100 of those over 75. Mostly early stage, on heels and base of spine.","Sources: https://doi.org/10.1111/j.1742-481X.2012.01103.x (pressure sores in an emergency department) https://doi.org/10.1007/s40520-022-02226-5 (age and length of stay) https://doi.org/10.1002/mdc3.13408 (Parkinson's doses, Dublin) https://doi.org/10.1016/j.parkreldis.2016.12.028 (Parkinson's doses, Spain)"
G156,C15,public,Care that works,"When someone who is dying wants to go home, ask the ward to start every part of the discharge today, and ask what each part is waiting for.

Hospital projects in England and Singapore found that delays included equipment, medicines, paperwork and poor communication between teams. In one English project, 10 in 104 people referred to an end-of-life discharge team died before they could leave.

Ask for one named person to coordinate. We found no study testing this request, so it is a judgement.",496,G156.png,"Diagram: five teal lanes start together at a line marked Today and run to a house marked Home: equipment at the house, medicines for symptoms, paperwork, transport, and teams told. A bracket and figure show one named person coordinates. Marked as a reasonable request, not a tested finding.",Sources: https://doi.org/10.1136/bmjoq-2023-002666 (Singapore project) https://doi.org/10.1136/bmjoq-2024-002790 (Somerset project) https://doi.org/10.7861/clinmedicine.16-3-254 (care in the last days of life)
G157,C16,practitioners,Teaching round,"Before a medicine goes into someone's food or drink, ask whether they still need it.

In an older Norwegian study, medicines were hidden in food or drink in one week for about 1 in 9 residents in regular nursing home units and 1 in 6 in dementia units. The record said so in only 4 in 10 cases. UK figures may differ.

We suggest hiding a medicine only after a documented capacity and best-interests decision, with a pharmacist's advice on each one. Check the law where you work.",479,G157.png,"Checklist of five checks before a medicine is hidden in food or drink: is each medicine needed, capacity assessed, best-interests decision recorded, pharmacist advice, and a plan with a review date. A strip notes older Norwegian data: 1 in 9 and 1 in 6 residents, recorded in 4 in 10 cases.","Sources: Kirkevold and Engedal, BMJ 2005 https://doi.org/10.1136/bmj.38268.579097.55 | Tan et al, BMJ Open 2022 https://doi.org/10.1136/bmjopen-2022-061774"
G158,C16,practitioners,Teaching round,"If the GP repeat list isn't updated after a hospital stay, a stopped medicine can come back in the next monthly supply. That is an illustrative route, not a measured rate.

In a systematic review, about half of adults had at least one unintended medicine discrepancy after leaving hospital (median of 11 studies, with wide variation).

We should name one person to check the repeat list and next order within days of the discharge letter.",438,G158.png,"Diagram of how a stopped medicine can return. Without a check, a hospital stops a tablet but the GP repeat list stays unchanged and the next supply includes it. With a named person, the repeat list is updated and the supply matches the discharge letter. Review: about half of adults had a discrepancy.","Source: Alqenae et al, Drug Saf 2020 https://doi.org/10.1007/s40264-020-00918-3"
G159,C16,practitioners,Reading the evidence,"'Potentially avoidable' admissions from care homes are counted from lists of diagnosis codes, and different lists give different totals.

The count is used to compare services. A 2023 review described care home admissions as 'often necessary' (the authors' view, not a measured finding).

For one resident, ask: could it have been prevented, could it have been treated in the home, and what did the person want? We should not use the count to argue against a transfer they need.",478,G159.png,"Flow diagram: emergency admissions from a care home are sorted by a list of diagnosis codes into on the list or not. A panel gives three questions for one resident: preventable, treatable at home, what the person wanted. The most used NHS list has 19 of 36 conditions.","Sources: Purdy et al, Public Health 2009 https://doi.org/10.1016/j.puhe.2008.11.001 | Lloyd et al, BMJ Qual Saf 2019 https://doi.org/10.1136/bmjqs-2018-009130 | Chambers et al, Health Soc Care Deliv Res 2023 https://doi.org/10.3310/KLPW6338"
G160,C16,public,Reading the evidence,"About 26 in 100 people aged 65 and over in care homes in England and Wales died within a year (2009 data). About 74 in 100 were still alive a year later.

After allowing for differences in age and sex, death rates were higher in nursing homes than in residential homes. This study can't show whether the type of home affects survival: residents may differ in how unwell they are.

A group figure can't tell you how long one person will live. Ask their doctor: what do you expect for this person?",495,G160.png,"Grid of 100 person icons: 74 solid teal marked alive a year later, 26 hatched orange marked died within a year. England and Wales, 2009, 9,772 care home residents aged 65 to 104. Text says a group figure does not predict one person and suggests asking the doctor.","Source: Shah et al, Age Ageing 2013 https://doi.org/10.1093/ageing/afs174"
G161,C16,both,Ask this,"Reablement is short-term help at home to do everyday things for yourself again.

There is little research. A 2016 Cochrane review (a summary of trials) found only 2 trials. In one small trial, people offered reablement rated their own performance of chosen activities somewhat better than usual care. A 2026 review of trials found no clear difference (low to very low certainty), so that result is not firm.

If it is offered, ask: which goals, how long, any charge, and when will it be reviewed?",496,G161.png,"Kitchen scene: an older woman with a rollator fills a kettle herself while a care worker stands beside her, watching. Numbered pins mark the kettle, a wall clock and a notebook, matching three questions: goals, how long and any charge, and review. Evidence: few trials, effect uncertain.","Sources: Cochrane review 2016 https://doi.org/10.1002/14651858.CD010825.pub2 | Tuntland et al, BMC Geriatr 2015 https://doi.org/10.1186/s12877-015-0142-9 | Hogstedt et al, BMC Geriatr 2026 https://doi.org/10.1186/s12877-026-07887-9"
G162,C16,practitioners,Teaching round,"Most hours in a week fall outside weekday surgery hours, so write the care plan for the clinician who reads it at 3am.

One Scottish study looked at people with advanced illness who died in 2017. About 1 in 3 Key Information Summaries did not record resuscitation status, and more than 4 in 10 did not record preferred place of care.

We should write for a reader who has never met the person, and share the plan where out-of-hours teams can open it.",450,G162.png,"Two illustrative plan cards. Left: a nearly empty entry reading For discussion with family. Right: a card with fields such as what to do if unwell, treatments, resuscitation status, preferred place of care and who to phone. Bars: 68% recorded resuscitation status, 55% place of care, of 712 Scottish records.","Source: Finucane et al, Br J Gen Pract 2019 https://doi.org/10.3399/bjgp19X707117"
G163,C16,practitioners,Teaching round,"Care workers are often in a good position to notice someone eating less or sleeping more. What happens next depends on the handover and on whether they hear what was decided.

A US trial of INTERACT training (tools to flag a resident getting worse) in 85 nursing homes showed no clear drop in hospital admissions. Our judgement is that a report changes little unless someone responds.

We should give care workers a structured way to report change and a named person who responds and reports back.",497,G163.png,"Four-panel illustrated comic, not a real case. A care worker notices a resident eating less, reports it to a nurse in a structured way, the nurse checks and phones the GP, then tells the care worker the decision. A note says INTERACT training did not clearly cut admissions in 85 US nursing homes.","Sources: Kane et al, JAMA Intern Med 2017 https://doi.org/10.1001/jamainternmed.2017.2657 | Wilcox et al, BJGP Open 2023 https://doi.org/10.3399/BJGPO.2023.0014"
G164,C16,public,Who gets left out,"Some housebound people go without routine reviews at their GP practice. In one small Glasgow study of 25 housebound adults with several conditions and medicines, 23 had missed reviews of their long-term conditions. It can't show how common this is.

If you or someone you care for no longer gets out, tell the practice. Ask whether they are recorded as housebound, and what can be done at home, such as vaccines and medicine reviews.",433,G164_1.png | G164_2.png,"Grid of 25 house icons: 23 solid teal with hatched marks for housebound people who had missed routine reviews, 2 outline only. A small Glasgow study in two practices that can't show how common this is. || Four questions to ask the practice about housebound people: recorded as housebound, reviews at home, medicines check at home, vaccines at home. What can be done varies by practice.","Sources: Ramos et al, Int J Clin Pharm 2026 https://doi.org/10.1007/s11096-026-02211-2 | Duncan et al, BJGP Open 2026 https://doi.org/10.3399/BJGPO.2025.0234 | Winn et al, BJGP Open 2023 https://doi.org/10.3399/BJGPO.2023.0114"
G165,C17,both,Reading the evidence,"A popular line says loneliness is as harmful as smoking 15 cigarettes a day. It traces to a chart in a 2010 review that set social relationships and survival next to smoking fewer than 15 a day, using numbers from different reviews of different people.

Most of that review's studies measured marriage and support, not loneliness. Later reviews link loneliness with a higher risk of dying, less strongly than isolation (little contact with others).

We should act on loneliness because it is painful.",500,G165_1.png | G165_2.png | G165_3.png,"Text card. The popular claim in quotation marks: loneliness is as harmful as smoking 15 cigarettes a day. Below it: where does the comparison appear? The card says this is a widely repeated claim and not a finding of this post. || Card on what the 2010 review measured: 148 studies, about 309,000 people. Most results measured marriage and living alone, social networks, support and involvement with others. Loneliness: 8 results. The chart set numbers from different reviews beside smoking fewer than 15 cigarettes a day. || Card on about 6,500 people aged 52 and over in England. After allowing for age and health, social isolation was still linked with death and loneliness was not clearly linked. Larger reviews still link loneliness with higher risk of dying. The card says we should still act on loneliness because it is painful.","Sources: https://doi.org/10.1371/journal.pmed.1000316 (2010 review), https://doi.org/10.1073/pnas.1219686110 (English cohort), https://doi.org/10.1177/1745691614568352 (2015 review), https://doi.org/10.1038/s41562-023-01617-6 and https://doi.org/10.1007/s40520-024-02925-1 (recent reviews)"
G166,C17,practitioners,What gets counted,"In Scottish GP records, people over 90 and people in the most deprived areas were among the most likely to miss appointments repeatedly, even after allowing for how many they made. Missing appointments was linked with higher death rates across all ages, a risk marker and not proof of cause.

Our judgement, which no study has tested: before discharging an older person for not attending, contact them to ask why.",413,G166.png,"Checklist card: before discharging for non-attendance, ask. Scottish GP records 2013 to 2016: people over 90 and people in the most deprived areas were among the most likely to miss appointments repeatedly. Six questions: letter arrived and readable, hearing the phone, getting there, who would bring them, the fare, remembering the date.","Sources: https://pubmed.ncbi.nlm.nih.gov/29253440/ (repeated non-attendance, Lancet Public Health 2017), https://pubmed.ncbi.nlm.nih.gov/30630493/ (missed appointments and mortality, BMC Medicine 2019)"
G167,C17,both,Care that works,"In a trial in Texas in 2020, 240 people getting Meals on Wheels at home were assigned by chance to calls or none. The callers were aged 17 to 23 and had about 2 hours of training in listening. On a 3-to-9 loneliness scale, scores fell from 6.5 to 5.2 with calls and from 6.5 to 6.3 without, over 4 weeks. A second loneliness questionnaire did not show a clear difference.

Nobody yet knows whether the benefit lasts once calls stop. Befriending services could test calls from a trained listener.",495,G167_1.png | G167_2.png,"Four boxes for weeks 1 to 4 of phone calls in a Texas trial of 240 people receiving Meals on Wheels. Week 1: a call every weekday, shown as five phones. Weeks 2 to 4: the person chooses 2 to 5 calls a week. One caller each; callers taught to listen, about 2 hours of training, no scripts. || Bar chart of loneliness scores, scale 3 to 9, higher is lonelier. With calls: 6.5 at start, 5.2 after 4 weeks. No calls: 6.5 at start, 6.3 after 4 weeks. A second questionnaire showed no clear difference. Follow-up was 4 weeks, so long-term effects are unknown.","Sources: https://doi.org/10.1001/jamapsychiatry.2021.0113 (Kahlon et al., JAMA Psychiatry 2021) and https://doi.org/10.1007/s11606-023-08517-5 (review of loneliness interventions, 2024)"
G168,C17,public,Ask this,"In a US study of 1,222 pairs of family carers and relatives with dementia, the relative moved into a care home in 180 pairs. On average those carers' depression and anxiety scores stayed about the same, and nearly half were at risk of clinical depression. Effects were strongest in husbands and wives.

Small trials of support after a move have shown no clear effects on depression or strain. We should offer the partner at home their own conversation about how they are coping; that is a judgement.",499,G168.png,"Drawn illustration of an older man with grey hair and glasses at a kitchen table with a notepad and a mug, a walking stick on his chair. Text: when your partner moves into a care home, ask who will check how I am managing, how fees treat our home and income, and whether any pension can stay. US carers were as depressed after the move as before.","Sources: https://doi.org/10.1001/jama.292.8.961 (Schulz et al., JAMA 2004), https://doi.org/10.11124/JBISRIR-2017-003634 (review of support after placement)"
G169,C17,public,"Small detail, real effect","Check on older neighbours who live alone when the weather turns hot.

In the 1995 Chicago heatwave, people who died were more likely to live on the top floor or to live alone. Among people with medical problems, being confined to bed was linked with higher risk. So was not leaving home each day. Friends nearby, working air conditioning and transport were linked with lower risk.

These studies show links only. Our judgement from them: check daily on older neighbours who live alone when it is hot.",500,G169.png,"Drawing of a room with an older woman in a light top sitting in an armchair by a window, and a man standing at the left holding a glass. Six numbered keys: top floor, living alone, not leaving home or confined to bed raised heatwave risk; air conditioning, friends and a way out, light clothing lowered it. Links, not proof.","Sources: https://pubmed.ncbi.nlm.nih.gov/8649494/ (Chicago 1995, NEJM 1996), https://pubmed.ncbi.nlm.nih.gov/17028103/ (France 2003, Eur J Public Health 2006)"
G170,C17,practitioners,Care that works,"All 14 UK studies of welfare rights advice (help to claim benefits) in health settings reported improved financial security (2022 review, studies 2010 to 2020). The studies were mostly of poor quality, so neither the money gain nor the health effects are firm. They covered all ages.

Our judgement: services that see older people on low incomes should offer a route to this advice.",382,G170.png,"Two-column card on welfare advice in UK health settings, a 2022 review of studies from 2010 to 2020, all ages. Left: reported in all 14 studies, improved financial security. Right, dashed: not yet measured well; better mental health reported by some, physical health mostly self-reported. Quality was poor; a gap is not evidence of no benefit.","Sources: https://pubmed.ncbi.nlm.nih.gov/35123370/ (Reece et al., Soc Sci Med 2022), https://pubmed.ncbi.nlm.nih.gov/35307896/ (Young and Bates, Health Soc Care Community 2022)"
G171,C17,practitioners,Teaching round,"In a US national survey, about 1 in 4 people aged 75 to 85 had been sexually active with a partner in the past year. Among all the sexually active people in the survey (aged 57 to 85), about half had a problem that bothered them. Only about 4 in 10 men and 1 in 5 women aged 57 to 85 had talked about sex with a doctor since 50.

Sexual side effects of some antidepressants often go unmentioned unless asked. We should ask, especially when starting or reviewing medicines.",472,G171_1.png | G171_2.png,"Bar chart from a US survey of people aged 57 to 85, with headline that about 1 in 4 people aged 75 to 85 were sexually active with a partner in the past year. Talked about sex with a doctor since turning 50: men 38 in 100, women 22 in 100. Self-reported. || Question card: ask, has anything changed with sex or intimacy since you started this medicine? Some antidepressants cause sexual side effects. Blood pressure trial, men 45 to 69, 2 years: new erection problems 17 in 100 on chlorthalidone, 8 in 100 on placebo; other four not clearly different.","Sources: https://doi.org/10.1056/NEJMoa067423 (Lindau et al., NEJM 2007), https://doi.org/10.1007/s10508-014-0465-1 (ELSA, 2016), https://doi.org/10.1097/JCP.0b013e3181a5233f (antidepressants), https://doi.org/10.1161/01.hyp.29.1.8 (blood pressure tablets)"
G172,C18,practitioners,Reading the evidence,"A 1999 US study is widely cited as showing that caring for a spouse harms health. In it, the higher death rate over 4 years was seen only in carers who reported strain, and the result was borderline. Carers without strain showed no clear difference from non-carers.

Five later population studies found carers as a whole lived as long as, or longer than, non-carers. Healthier people may take on caring, so that does not show caring protects health.

Ask each carer directly about strain.",488,G172.png,"Interval chart of relative risk of death over about 4 years in US spouse carers aged 66 to 96, with non-carers at 1.0. Carers with no strain: 1.08, range 0.61 to 1.90, no clear difference. Carers with strain: 1.63, range 1.00 to 2.65, higher but borderline. Observational; later studies found carers overall lived as long or longer.","Sources: Schulz and Beach, JAMA 1999 https://doi.org/10.1001/jama.282.23.2215 ; Roth et al., Gerontologist 2015 https://doi.org/10.1093/geront/gnu177 ; Janson et al., Int J Environ Res Public Health 2022 https://doi.org/10.3390/ijerph19105864"
G173,C18,both,Reading the evidence,"A review by the Cochrane group found only four trials of respite (a planned break for the person giving care) for people with dementia. The evidence was rated very low quality and showed no clear benefit or harm.

The authors say this may reflect a lack of good research rather than a lack of benefit.

Research on carers' experiences suggests a break feels like a rest when the carer believes the person is benefiting too. After one, ask yourself: did I rest, and did they have a good time?",491,G173.png,"Question card headed: after a break, ask two questions. Did you get a rest? Did they have a good time? Respite means a planned break for the person giving the care. A Cochrane review found 4 trials with 753 people, very low quality evidence and no clear benefit or harm; the authors say this may reflect a lack of good research.","Sources: Maayan et al., Cochrane 2014 https://doi.org/10.1002/14651858.CD004396.pub3 ; O'Shea et al., Dementia 2019 https://doi.org/10.1177/1471301217715325 ; Liu et al., Gerontologist 2026 https://doi.org/10.1093/geront/gnag174"
G174,C18,both,What gets counted,"Carers who had a coping programme had fewer symptoms of anxiety and depression over six years. The programme did not show a clear difference in when the person with dementia moved into a care home.

This was a UK trial of 260 family carers of people with dementia, compared with usual care. The average difference was modest, and the range of results for the care home move was wide.

Our judgement, not a finding: we should judge carer support first by the carer's own health.",477,G174_1.png | G174_2.png | G174_3.png,"Statement card on dark teal: should carer support be judged by a later care home move? Two trials of programmes for family carers of people with dementia. || Two-column comparison. UK START trial, 260 carers, 8 coping sessions: carers' anxiety and depression lower over 6 years, a modest difference; no clear difference in time to care home move. US trial, 406 spouse carers: later nursing home move, about 18 months by model estimate. Not a head-to-head comparison. || Statement card marked as our judgement: we should judge carer support first by the carer's own health. A later care home move is not automatically a better outcome, and an earlier one is not automatically a failure.","Sources: Livingston et al., START 6-year follow-up, Br J Psychiatry 2020 https://doi.org/10.1192/bjp.2019.160 ; Mittelman et al., Neurology 2006 https://doi.org/10.1212/01.wnl.0000242727.81172.91"
G175,C18,public,Reading the evidence,"In a US study of 217 family carers of people with dementia, 72 in 100 said the person's death was a relief. It followed long, demanding care: half had spent at least 46 hours a week helping with daily activities.

On average, their low mood and loss of interest fell within three months. The researchers concluded that support was needed most before the death. Carers reported their own feelings.

If you are caring now, ask your council or a local carers' centre what support they can offer.",492,G175.png,"Icon array of 100 people, 72 filled and 28 outlined. In a US study of 217 family carers of people with dementia, 72 in 100 said the death was a relief to them. Half had spent at least 46 hours a week helping with daily activities in the year before the death. Depressive symptoms fell within 3 months on average.","Source: Schulz et al., N Engl J Med 2003 https://doi.org/10.1056/NEJMsa035373"
G176,C18,practitioners,Care that works,"A family member who will give care after discharge needs a handover of their own.

A review pooled 15 randomised study reports (13 distinct trial populations) of discharge plans. Plans that included family carers were linked with about a quarter fewer readmissions than in comparison groups over 3 to 6 months (a relative reduction). The programmes had several parts, and trial quality was often unclear.

We should ask what the carer is willing and able to do, and give a written plan.",486,G176.png,"Illustration, not a real case. A hospital discharge bay: an older man seated beside his walking frame, a nurse kneeling to show the daughter how to help him, and the daughter holding a folder. Five numbered steps for a carer handover. Discharge plans that included carers: about a quarter fewer readmissions at 3 to 6 months.","Source: Rodakowski et al., J Am Geriatr Soc 2017 https://doi.org/10.1111/jgs.14873"
G177,C18,both,Who gets left out,"In a New York study, researchers concluded that employers and society underestimate home care workers' grief when a client dies, particularly the loss of the work with that client. In England, workers said a client's death could leave them drained and under-prepared. What was described as supportive: experienced colleagues, managers acknowledging their feelings, and for some, time off or encouragement to attend the funeral.

Our judgement: we should tell care workers promptly and personally.",496,G177.png,"Four-panel illustration, not a real case. A home care worker outside a client's door; tired in her car; in an agency office with a colleague and a manager who says sorry; walking with the client's relative to a funeral gathering. Studies: grief underestimated by employers; colleagues and managers helped.","Sources: Tsui et al., Qual Health Res 2019 https://doi.org/10.1177/1049732318800461 ; Yeh et al., Int J Geriatr Psychiatry 2019 https://doi.org/10.1002/gps.5027"
G178,C18,practitioners,Teaching round,"We should listen to a carer. Listening does not require sharing anything about the patient.

In an Irish survey of 159 carers of people with mental illness (recruited from a support group), over half struggled to get information. Lack of patient consent was one of the two commonest reasons; the other was an unavailable team member.

Ask the patient whom they are happy for information to go to, and record it. If they are unable to decide, follow your capacity and best-interests procedures.",493,G178.png,"Four-step flow. 1 Listen to what the carer has noticed. 2 Say what you can't share, and why. 3 Ask the patient whom they are happy for information to go to. 4 Record the answer where the next clinician will find it. If the patient can't decide, follow capacity procedures. A practice judgement, not legal advice.","Source: Wilson et al., Ir J Med Sci 2015 https://doi.org/10.1007/s11845-014-1172-6"
G179,C18,public,Ask this,"A one-page plan can tell others what the person you care for needs if you are suddenly taken ill.

You can write it in advance. It can cover their needs, medicines, who to call, keys, routine, GP and pharmacy. Give a copy to each person named on it.

This is practical advice, not a research finding. Ask your council or a local carers' centre whether they can help you write one.",380,G179.png,"Checklist card: a one-page plan for if you are suddenly ill. Six things to put on it: their name and main needs; their medicines and where they are kept; who to call first and second; keys and how to get in; their daily routine; their GP and pharmacy. Give a copy to each person named. Practical advice, not a research finding.","Sources: none, because this is practical advice rather than a research finding. For help writing a plan, ask your council or a local carers' centre."
G180,C19,practitioners,Teaching round,"In a US study of 468 people referred to hospice, doctors' survival estimates were within a third of the true time in about 20 in 100 cases. 63 in 100 were too optimistic and 17 in 100 too pessimistic.

The longer the doctor had known the patient, the less accurate the estimate tended to be. That is an association in one study, and does not show cause.

Our suggestion: give a range, say which signs would shorten the survival time, and ask a colleague's view.",461,G180_1.png | G180_2.png,"Bar chart: of 468 people referred to hospice in Chicago, doctors' survival estimates were accurate (within a third of actual time) for 20 in 100, too optimistic for 63 in 100 and too pessimistic for 17 in 100. Median survival was 24 days. || Checklist card headed 'Our suggestion: three habits when estimating survival', marked as a judgement not a tested remedy: give a range, say what would shorten it, ask a colleague's view. Notes that accuracy tended to fall the longer the doctor knew the patient (association, one study).","Sources: Christakis and Lamont, BMJ 2000 https://doi.org/10.1136/bmj.320.7233.469 ; White et al., PLoS One 2016 https://doi.org/10.1371/journal.pone.0161407"
G181,C19,both,Weighing it up,"Five minutes of a hand-held fan on the face eased breathlessness more than the fan on the legs. This was a small UK trial of 50 people with advanced illness.

In 239 people whose blood oxygen was not low, oxygen eased breathlessness no more than room air. Both groups, on oxygen and on room air, said their morning breathlessness eased slightly.

Our suggestion: try a fan first. If oxygen is tried, ask the care team how they will tell whether it is helping.",459,G181.png,"Two-column comparison. Fan trial, 50 people with advanced illness: a fan on the face for 5 minutes eased breathlessness more than a fan on the legs. Oxygen trial, 239 people whose blood oxygen was not low, 7 days: oxygen eased breathlessness no more than room air; both fell slightly (-0.9 and -0.7 on a 0 to 10 scale). People with low oxygen were not included.","Sources: Galbraith et al., J Pain Symptom Manage 2010 https://doi.org/10.1016/j.jpainsymman.2009.09.024 ; Abernethy et al., Lancet 2010 https://doi.org/10.1016/S0140-6736(10)61115-4 ; Campbell et al., J Pain Symptom Manage 2013 https://doi.org/10.1016/j.jpainsymman.2012.02.012"
G182,C19,public,Ask this,"In a US study of 323 care home residents with advanced dementia, about 86 in 100 developed an eating problem, about 53 in 100 had a fever, 41 in 100 had pneumonia and 55 in 100 died, all within 18 months.

Where the health care proxy (the person who decides for the resident) understood the likely course, residents were linked with fewer hospital transfers, drips and tube feeding at the end. This does not show cause.

You can ask the care team what the later stages usually bring.",483,G182.png,"Question card on dementia: in a US study of 323 care home residents with advanced dementia over 18 months, about 86 in 100 had an eating problem, 53 in 100 fever, 41 in 100 pneumonia and 55 in 100 died. US care homes only. Three questions to ask the care team: what usually happens, would hospital help, what will be done for comfort.","Source: Mitchell et al., N Engl J Med 2009 https://doi.org/10.1056/NEJMoa0902234"
G183,C19,both,What gets counted,"A review of 61 UK studies found many people's wishes about where to die were not asked, not expressed or not recorded. Among the views recorded, most chose home. With the missing views included, the share who prefer home is not known.

A separate review of 210 studies found that, in 10 of them, about 1 in 5 patients changed their preference as illness progressed, and about 4 in 5 did not. The studies did not check whether this could be chance.

We should ask, record the reasons, and ask again.",498,G183.png,"Illustrative three-panel strip headed 'Ask. Record. Review.' A community nurse and an older man talk at a kitchen table over tea: she asks where he would like to be cared for, writes down his answer and reasons, then asks again later as things change. Text notes many preferences were not asked or recorded in 61 UK studies; about 1 in 5 patients changed preference.","Sources: Hoare et al., PLoS One 2015 https://doi.org/10.1371/journal.pone.0142723 ; Gomes et al., BMC Palliat Care 2013 https://doi.org/10.1186/1472-684X-12-7"
G184,C19,public,"Small detail, real effect","The rattling breathing near death is thought to be saliva and mucus the person can no longer clear.

A 2025 review of 14 studies found general agreement that the sound does not distress the dying person. Only 2 studies looked at patients. In interview studies, many relatives were upset, especially if they feared choking. Others were not.

Changing position is usual care, but no trial shows it or any medicine reduces the sound once it has started. If you hear it, ask the nurse what it is.",492,G184.png,"Bedside scene: an older man lies in a hospital bed, a woman sits beside him and a nurse stands at the bedside. Three numbered markers explain noisy breathing near death: saliva collects in the throat, changing position is one usual way to manage the sound, and ask the nurse to explain. Studies generally find it does not distress the person; few looked at patients.","Sources: Wee et al., Palliat Med 2006 https://doi.org/10.1191/0269216306pm1138oa ; Wee and Hillier, Cochrane 2008 https://doi.org/10.1002/14651858.CD005177.pub2 ; van Esch et al., JAMA 2021 https://doi.org/10.1001/jama.2021.14785 ; Fagan et al., 2025 https://doi.org/10.1177/10499091251382508"
G185,C19,both,Who gets left out,"Carers of people who died of cancer in England reported a median (the middle value) of about 69 and a half hours of care a week. This covers the last 3 months of life. Over 9 in 10 reported giving care.

The survey had 1,504 replies, a 28.5% response, in 2015. It covers cancer only and relies on carers' own reports.

We think plans for dying at home should ask what hours the main carer can give and who covers the rest.",422,G185.png,"Bar drawn to scale: a week of 168 hours split into seven days, with the first 69 and a half hours shaded. Carers of people who died of cancer in England in 2015 reported a median of 69 h 30 min of care a week; over 9 in 10 gave care. For scale only. Self-reported by 1,504 bereaved relatives (28.5% replied).","Source: Rowland et al., Palliat Med 2017 https://doi.org/10.1177/0269216317690479"
G186,C19,practitioners,Teaching round,"When a person with Parkinson's can no longer swallow, 'stop all oral medicines' also stops their Parkinson's medicines. Sudden withdrawal can bring severe stiffness, pain and anxiety.

A rotigotine patch is the most widely used non-oral option, but no trials show it works at the end of life. Agree the dose with pharmacy or the Parkinson's team.

A 2025 practice review lists metoclopramide and haloperidol as contraindicated in Parkinson's (in its section on surgery). Check the chart.",487,G186.png,"Four-step flow for Parkinson's when a person can no longer swallow: 1 can no longer swallow; 2 ask what is causing discomfort, stopping medicines suddenly can bring severe stiffness, decide on purpose; 3 if a non-oral route is chosen a rotigotine patch is most used, no trials, high dose linked with confusion; 4 check the chart for contraindicated drugs. Doses approximate.","Sources: Beckers et al., J Parkinsons Dis 2025 https://doi.org/10.1177/1877718X251356896 ; Hewer et al., J Pain Symptom Manage 2024 https://doi.org/10.1016/j.jpainsymman.2023.10.002 ; Kim et al., J Palliat Med 2023 https://doi.org/10.1089/jpm.2022.0193"
G187,C19,practitioners,Reading the evidence,"Pooled across 16 studies of the surprise question ('Would I be surprised if this patient died in the next 12 months?'): of 100 people who died within 6 to 18 months, about 67 had been flagged. Of 100 people flagged, about 37 died in that window.

It worked less well outside cancer, and most studies had moderate to high risk of bias.

Our view: use it to start conversations, not to forecast.",393,G187.png,"Two 10 by 10 person grids. Of 100 people flagged by the surprise question, 37 died within the window (solid) and 63 did not (outline). Of 100 people who died, 67 had been flagged and 33 had not. Pooled from 16 studies and 11,621 patients, death within 6 to 18 months. A prompt for conversation, not a forecast.","Source: Downar et al., CMAJ 2017 https://doi.org/10.1503/cmaj.160775"
G188,C19,public,Care that works,"Grief that stays intense and disabling has a name: prolonged grief disorder. Roughly 1 in 10 adults bereaved by a non-violent death had it, when studies were combined. Studies with older participants on average found higher rates.

A US trial included 151 people aged 50 and over. After 20 weeks, a grief-focused therapy helped about 7 in 10. Another talking therapy helped about 3 in 10.

If your grief is not easing, you can tell your GP and ask what help is available.",471,G188.png,"Illustration of a quiet conversation: an older bearded man holding a mug sits in an armchair opposite a woman counsellor with a closed notepad, in a room with a window and plant. Text: prolonged grief disorder affects roughly 1 in 10 bereaved adults; a US trial of people 50 and over found grief-focused therapy helped about 7 in 10 against about 3 in 10.","Sources: Lundorff et al., J Affect Disord 2017 https://doi.org/10.1016/j.jad.2017.01.030 ; Shear et al., JAMA Psychiatry 2014 https://doi.org/10.1001/jamapsychiatry.2014.1242"
G189,C19,both,Who gets left out,"A review of 112 studies in high-income countries, none assigning treatments, compared the most and least deprived neighbourhoods. People in the most deprived were more likely to die in hospital than at home. They were more likely to have hospital care in their last 3 months and less likely to get specialist palliative care (a team focused on symptom relief and support).

The differences were modest and the studies do not show why.

We should report end-of-life care by deprivation.",485,G189.png,"Diagram of five steps rising from least deprived fifth to most deprived fifth, not to scale. Arrows show that the poorer the neighbourhood, the more likely a hospital death rather than a home death, and the less likely specialist palliative care; hospital care in the last 3 months is a most-versus-least comparison. Review of 112 observational studies.","Source: Davies et al., PLoS Med 2019 https://doi.org/10.1371/journal.pmed.1002782"
G190,C19,public,Ask this,"Palliative care (care focused on symptoms, support and planning ahead) can be given alongside treatment for the illness itself.

A US trial randomly assigned 151 people with advanced lung cancer. Those given palliative care early had better quality of life at 12 weeks. Among the 107 assessed, fewer had depressive symptoms (16 in 100 vs 38 in 100). It was one small trial, in lung cancer only.

If it is suggested, ask whether it would be given alongside your current treatment.",479,G190.png,"Concept diagram: two parallel arrows of equal length, treatment aimed at the illness and palliative care (symptoms, support, planning ahead), both running from diagnosis to later in the illness along a time axis. Box: in a lung cancer trial, among 107 assessed, depressive symptoms 16 in 100 versus 38 in 100.","Sources: Temel et al., N Engl J Med 2010 https://doi.org/10.1056/NEJMoa1000678 ; Zimmermann et al., CMAJ 2016 https://doi.org/10.1503/cmaj.151171"
G191,C19,public,Reading the evidence,"On three 1990s US TV programmes, about 2 in 3 people given CPR (chest pressing to restart a stopped heart) appeared to survive to leave hospital. In a UK national audit of hospitals covering 22,628 adults, fewer than 1 in 5 did. For the most common kind of heart stop, about 1 in 10 did.

The UK figures cover adults of all ages. You can ask your doctor what CPR is likely to achieve for you or the person you care for.",419,G191.png,"Two 10 by 10 person grids: on US television in the 1990s, 67 in 100 given CPR appeared to survive to leave hospital; in UK hospital audit data, 18 in 100 did. About 1 in 10 for the most common kind of heart stop. The figures are not like for like and not a prediction for any one person.","Sources: Diem et al., N Engl J Med 1996 https://doi.org/10.1056/NEJM199606133342406 ; Nolan et al., Resuscitation 2014 https://doi.org/10.1016/j.resuscitation.2014.04.002 ; Portanova et al., Resuscitation 2015 https://doi.org/10.1016/j.resuscitation.2015.08.002"
G192,C20,both,Reading the evidence,"People with more positive views of their own ageing lived 7.5 years longer, on average, in one US study of 660 people aged 50 and over.

That is a link, which does not show cause. People in poorer health may already have viewed ageing more negatively. When 19 studies were combined, the link with later health and survival was small.

Quote the figure with its limits. We should oppose ageist treatment because it is unfair, whatever the survival figure.",454,G192.png,"Statement card: in one US study of 660 people aged 50 and over in Ohio, people with more positive views of ageing lived 7.5 years longer. Three notes: one study; a link, not a cause; 19 studies pooled show a small link, weaker with longer follow-up.",Sources: https://doi.org/10.1037//0022-3514.83.2.261 https://doi.org/10.1037/a0038016
G193,C20,practitioners,Care that works,"In ADJUST-PE, 673 people aged 75 or over had suspected pulmonary embolism and a clinical score that was not high. A D-dimer blood test alone, without a scan, ruled out a clot in about 6 in 100 with a fixed cut-off of 500 µg/L. With a cut-off of age × 10 µg/L it was about 30 in 100. No extra missed clots were found among those 673 people. This was a non-randomised study.

Use it only after a clinical probability score. Check your laboratory's units.",452,G193.png,"Bar chart of 673 people aged 75 or over with suspected pulmonary embolism and a clinical score not high. D-dimer alone ruled out a clot in 43 (6.4%) with the fixed 500 cut-off and 200 (29.7%) with the age-adjusted cut-off. Of 331 untreated people in the wider study, 1 had a clot within 3 months.",Source: https://doi.org/10.1001/jama.2014.2135
G194,C20,public,Ask this,"If a treatment is not offered, ask: what would you advise if I were 20 years younger, and why?

Different advice can be fair when a benefit takes years to arrive and the person may not live long enough to receive it. In trials of breast and bowel cancer screening (tests when you have no symptoms), it took about 10 years to prevent 1 cancer death per 1000 people screened.

We should expect reasons about your health and what you want. If the only reason is your age, ask what the reasoning is.",495,G194.png,"Illustration of a consultation: an older man with grey hair and glasses, a walking stick beside him, sits facing a woman doctor, with two blank speech bubbles above. Text asks what you would advise if I were 20 years younger, then lists reasons about you versus only a number.",Source: https://doi.org/10.1136/bmj.e8441
G195,C20,practitioners,Teaching round,"If every guideline for five conditions were followed, one imagined 79-year-old woman would be prescribed 12 medicines and a complicated non-drug regimen (US, 2005).

A UK review found 133 potentially serious interactions between drugs recommended in NICE's type 2 diabetes guideline and drugs for 11 other conditions. The guideline flagged few of them. These are possible interactions; the review examined recommendations, not patients.

Review the whole plan against what the person most wants.",495,G195.png,"Diagram: five single-condition guidelines (COPD, type 2 diabetes, osteoporosis, high blood pressure, osteoarthritis) feed one plan for an imagined 79-year-old woman, shown with 12 medicine bottles. A UK review found 133 potentially serious interactions with the NICE diabetes guideline drugs. Judgement: review the whole plan.",Sources: https://doi.org/10.1001/jama.294.6.716 https://doi.org/10.1136/bmj.h949 https://doi.org/10.1093/ageing/afs100
G196,C20,practitioners,Teaching round,"""Can you make a hot drink?"" has three answers: what the person says, what they manage in a test, and what they do at home.

In US data, what people said they could do consistently differed from what they did at home. In a study of 5,888 older adults, self-reported walking and strength difficulty agreed only moderately with measured tests (agreement scores of 0.55 to 0.60, where 1.00 would be perfect).

A function score should say which of the three it records.",464,G196.png,"Three-panel illustrative strip of one imagined older man and one task, making a hot drink. Says: he tells a nurse he can do it. Test: he fills a kettle with a therapist watching. At home: he does it with no one watching. A function score can record any one of the three.",Sources: https://doi.org/10.1093/geront/38.1.101 https://doi.org/10.1186/s12877-023-04105-8
G197,C20,public,Care that works,"In NHS talking therapy services in London, about 53 in 100 people aged 65 or over recovered, against about 41 in 100 adults aged 18 to 64. Fewer older people dropped out: 18 in 100, against 32 in 100.

These figures are not adjusted. Older people started with milder symptoms, and after allowing for that the gap was smaller. Older people who reach these services may differ from those who never do.

If you are over 65 and feeling low or anxious, ask your GP about talking therapy.",482,G197.png,"Two icon arrays of 100 people. Aged 65 or over: about 53 recovered, 18 dropped out. Aged 18 to 64: about 41 recovered, 32 dropped out. Eight London NHS talking therapy services, 2008 to 2019. Observational; older people started with milder symptoms and may be a selected group.",Source: https://doi.org/10.1016/j.jad.2021.06.084
G198,C20,practitioners,Who gets left out,"Of about 80 UK trials completed in 2015 to 2018 in conditions where impaired capacity is common, 15 allowed adults who lacked capacity to take part. The search was not comprehensive.

In England and Wales the law already allows it, with the consent of a legal representative (drug trials) or the advice of a consultee (other research).

Judgement: we should include these adults unless the protocol gives a scientific reason not to.",432,G198_1.png | G198_2.png | G198_3.png,"Two findings: 15 of about 80 UK trials allowed adults who lacked capacity; at least 127 of 434 studies in one geriatrics journal excluded people with cognitive impairment, few with justification. || Judgement, not a finding. Default: exclude anyone lacking capacity to consent. Reversed: include, with legal safeguards, unless there is a scientific reason. || In England and Wales, drug trials can use a legal representative's consent under the 2004 Regulations; other research uses the Mental Capacity Act 2005 and a consultee. The INCLUDE framework is not yet evaluated.",Sources: https://doi.org/10.1111/j.1532-5415.2011.03847.x https://doi.org/10.1186/s13063-019-3603-1 https://doi.org/10.1186/s13063-024-07944-x
G199,C20,both,Who gets left out,"In a study of 1.75 million people in Scotland, two or more long-term conditions became common at ages 10 to 15 years younger in the most deprived areas than in the most affluent (2007 data).

This implies that a service or study that opens at a fixed age may reach people in deprived areas later in the course of their conditions.

Judgement: we should not rely on age alone to decide who is eligible. Eligibility based on need, such as help needed with everyday tasks, fits better.",482,G199.png,"Diagram, not to scale: in the most deprived areas of Scotland, two or more long-term conditions become common 10 to 15 years earlier than in the most affluent areas. A fixed starting age cuts across both lines. Implication: conditions have been common for longer. Judgement: use need, not age alone.",Source: https://doi.org/10.1016/S0140-6736(12)60240-2
G200,C20,public,What gets counted,"The typical 85-year-old woman in a Newcastle study had 5 chronic diseases from a list of 18, the typical man 4. Yet about 3 in 4 rated their health as good, very good or excellent compared with others their age.

Ratings like this may be more optimistic. A disease count and a person's own rating are different information.

If an older relative has a long list of conditions, ask how they rate their own health.",412,G200.png,"Comparison from the Newcastle 85+ Study, people born in 1921. Counted: a typical woman had 5 chronic diseases and a typical man 4. Rated their own health good, very good or excellent compared with others their age: 78 in 100 (646 of 832 who answered).",Source: https://doi.org/10.1136/bmj.b4904
