id,category,audience,series,caption,characters,images,alt_text,source_reply
G001,C01,public,Ask this,"Blood can collect slowly between the brain and the skull after a fall. The first signs often appear weeks later, when everyone has stopped thinking about the fall.

This is called a chronic subdural haematoma. It is much more common in later life, and blood thinners make it more likely.

In a Swiss study of people treated for it, the commonest problem was unsteadiness or falls, in about 6 in 10. Headache, weakness or other one-sided signs, and slower or muddled thinking were also common. Some people became drowsy.

About 6 in 10 people with this bleed have a recent knock to the head on record. The rest have none recorded, often because the knock seemed too small to mention or was forgotten.

If new problems appear in the weeks after a fall, tell the doctor about the fall and ask whether a brain scan is needed. When it causes symptoms, it is often treatable. Sudden or severe symptoms need emergency help.",916,G001.png,"Illustrative timeline. An older woman sits on her kitchen floor after a fall, hand to her forehead. Weeks later she is tired rising from her armchair: new unsteadiness, headache, one-sided weakness, muddled thinking or drowsiness. At the GP with her son: mention the fall, ask about a scan. A head diagram shows a slow bleed between brain and skull. Often treatable; sudden or severe: emergency help.",Sources: https://doi.org/10.1007/s13670-016-0166-9 (review) https://doi.org/10.3389/fneur.2023.1206996 (Swiss cohort) https://pubmed.ncbi.nlm.nih.gov/28306417/ (UK cohort) https://doi.org/10.1093/ageing/afad240 (Age and Ageing review) https://doi.org/10.1056/NEJMoa2313472 https://doi.org/10.1056/NEJMoa2409845 https://doi.org/10.1056/NEJMoa2401201 (2024 embolisation trials)
G002,C01,both,Weighing it up,"Look down at a kerb through bifocals or varifocals and you are looking through the lower, reading part of the lens. That part blurs things at walking distance.

The VISIBLE trial in Australia included 606 people who wore bifocals or varifocals outdoors and were at raised risk of falling (average age 80). It randomly gave them either separate distance glasses for walking outside or usual care.

Over 13 months it did not show a clear difference in falls overall. There were about 1.5 falls per person with distance glasses and 1.7 with usual care. That gap could have been chance.

A comparison planned before the trial split people by how often they went out. Those often out fell less with distance glasses (about 1.3 falls per person against 2.2). Those rarely out had more falls outside the home (about 0.9 against 0.6). These are subgroups of one trial.

Only about half used the new glasses as advised. More had injuries other than falls (26 in 100 against 17), mostly minor.

If you wear varifocals and are out and about a lot, ask your optometrist about distance glasses for walking. If you rarely go out, the researchers suggest staying with one pair.",1162,G002_1.png | G002_2.png,"Two views of a street through glasses. Through varifocals, the far road is sharp in the upper distance part, but the kerb at your feet is blurred in the lower reading part. Through single-lens distance glasses the kerb is sharp. Below, an older Black man in a green jacket, carrying a bag, pauses at the kerb and looks down. || Bar chart, VISIBLE trial, 606 people, average age 80, 13 months. Everyone: 1.5 falls per person with distance glasses, 1.7 with usual care, no clear difference. Planned subgroup often out: 1.3 against 2.2, fewer falls. Rarely out: outdoor falls 0.9 against 0.6, more. Subgroups of one trial; about half used the glasses as advised; non-fall injuries 26 against 17 in 100.","Sources: https://doi.org/10.1136/bmj.c2265 (VISIBLE trial, BMJ 2010) https://doi.org/10.1093/ageing/afac205 (World Falls Guidelines 2022)"
G003,C01,practitioners,Reading the evidence,"About 195 fewer falls, and about 72 fewer people falling at least once, for every 1000 older people followed for a year: 23% fewer falls, 15% fewer fallers. Both results come from the same 2019 Cochrane review of exercise for older people living at home, and both are high certainty.

They count different things. Without exercise, 1000 people like those in the trials would have about 850 falls in a year, and about 480 of them would fall at least once.

A person who falls three times counts three times in the first figure and once in the second.

The gap can be wider. In the 2026 Cochrane review, programmes of individual falls assessment and matched treatment were compared with usual care or attention control. They may lower the falls rate by about a quarter but may make little or no difference to how many people fall (low-certainty evidence).

When you quote a falls result, say whether it counts falls or people, and give the numbers per 1000. Neither is a forecast for one person.",993,G003_1.png | G003_2.png,"Bar chart, illustration based on Cochrane 2019: 1000 older people living at home followed for a year. Falls: 850 without exercise, about 655 with exercise, 195 fewer. People with at least one fall: 480 without exercise, about 408 with exercise, 72 fewer. 23% fewer falls, 15% fewer people falling. Averages, not a forecast for one person. || Card: the gap can be wider. Cochrane 2026, multifactorial programmes against usual care or attention control, low-certainty evidence. Rate of falls, shown by a line stepping down: may be about a quarter lower (rate ratio 0.76). People who fall at least once, shown by a level line: little or no difference (risk ratio 0.95). Say which count you mean and give numbers per 1000.","Sources: https://doi.org/10.1002/14651858.CD012424.pub2 (Cochrane 2019, exercise) https://doi.org/10.1002/14651858.CD012221.pub3 (Cochrane 2026, multifactorial) https://doi.org/10.1001/jama.2024.4166 (USPSTF review 2024)"
G004,C01,public,Care that works,"Before you join an exercise class to prevent falls, ask whether it includes balance exercises done standing up.

The 2019 Cochrane review combined results from many exercise trials in older people living at home. Programmes built mainly on balance and everyday movements, such as standing up from a chair and stepping, cut falls by about a quarter. For classes that are mainly walking, dancing or strength training, the effect on falls is uncertain.

Ask too whether it gets harder as you improve. Does it run three or more times a week? Does it last at least 12 weeks, with a way to keep going? The benefits are lost when people stop.

Seated classes build arm and leg strength, and can be a good start if you can't yet stand for long. They have not been shown to prevent falls.

If there is no suitable class near you, ask about a home programme. In trials, the Otago home programme cut the rate of falls by about a third.",924,G004.png,"Drawing of a balance class: an older woman stands with a hand just above a chair back, an older man in glasses practises stepping, a physiotherapist demonstrates. Four questions before joining: balance exercises standing up? Harder as I improve? 3 or more times a week? At least 12 weeks, and can I keep going? Seated classes have not been shown to prevent falls; ask about a home programme.",Sources: https://doi.org/10.1002/14651858.CD012424.pub2 (Cochrane 2019) https://doi.org/10.1093/ageing/afac205 (World Falls Guidelines 2022) https://doi.org/10.3390/ijerph18041902 (seated exercise review) https://doi.org/10.1093/ageing/afq102 (Otago review)
G005,C01,both,What gets counted,"In about 1 in 3 older people in a Sydney study, worry about falling did not match their measured physical risk.

The study followed 500 people aged 70 to 90 living at home. Some were very worried despite a low physical risk (11 in 100). Others were unworried despite a high one (20 in 100).

Both mismatched groups had falls. Over the next year, almost 4 in 10 of the very worried, low-risk group had an injurious fall or repeated falls. So did about 1 in 3 of the unworried, high-risk group.

For the worried group, the researchers suggested a talking therapy called cognitive behavioural therapy. For the unworried high-risk group, they suggested challenging balance exercise. That is their proposal from one study, not a tested plan.

A falls check that measures only worry, or only strength and balance, will miss one of these groups. The World Falls Guidelines advise checking both.",887,G005.png,"Grid of worry about falling against measured physical risk, Sydney study of 500 people aged 70 to 90 followed for a year. Matched: low risk, low worry 29 in 100; high risk, high worry 40 in 100. Mismatches: low risk, high worry 11 in 100, almost 4 in 10 had injurious or repeated falls; high risk, low worry 20 in 100, about 1 in 3. Suggested help is the researchers' untested proposal.","Sources: https://doi.org/10.1136/bmj.c4165 (Delbaere et al., BMJ 2010) https://doi.org/10.1093/ageing/afac205 (World Falls Guidelines 2022)"
G006,C01,practitioners,Reading the evidence,"The line 'half of people who lie on the floor for more than an hour die within six months' comes from a 1981 BMJ study. It rests on 20 people, and it describes a link, not a cause.

The researchers followed 125 people aged 65 and over who fell at home, found through six general practices. Twenty lay on the floor for more than an hour. Half of those 20 died within six months.

A quarter of all the fallers died within a year, five times as many as in a comparison group of the same age and sex. The authors concluded that falls at home are often a sign of severe ill health. So the deaths can't all be put down to the time on the floor.

In a larger 1993 US cohort, fallers without serious injury who couldn't get up without help were more likely to lose everyday abilities for good. They were also more likely to die, but that difference could have been chance.

A 2008 Cambridge study of people over 90 still linked long lies with serious injury and hospital admission. The World Falls Guidelines treat an hour on the floor as a sign of high risk.

Teach the figure with its size and design: half of 20 people, describing a link, not a cause.",1146,G006_1.png | G006_2.png,"Card: the line 'half of people who lie on the floor for more than an hour die within six months' comes from a 1981 study of 125 fallers aged 65 and over. 20 lay over an hour, shown as 20 person icons, 10 filled: half of those 20 died within 6 months. A quarter of all fallers died within a year. Small observational series: a link, not a cause. || Timeline. 1993, US, 1103 people aged 72 and over: fallers without serious injury who couldn't get up had a lasting loss of everyday abilities more often, 35 against 26 in 100; death difference could be chance. 2008, Cambridge, people over 90: long lies linked with serious injury, 12 of 20 admitted; deaths not reported. 2022 guidelines: an hour on the floor marks high risk.",Sources: https://doi.org/10.1136/bmj.282.6260.266 (Wild 1981) https://pubmed.ncbi.nlm.nih.gov/8416408/ (Tinetti 1993) https://doi.org/10.1136/bmj.a2227 (Fleming 2008) https://doi.org/10.1093/ageing/afac205 (World Falls Guidelines 2022)
G007,C01,both,Ask this,"Is there anything you have stopped doing because you are worried about falling?

Ask yourself, or ask your mother or father. The answer might be a regular walk, the bus into town, a bath or visiting a friend. A count of falls won't show it.

International falls guidelines include this question after any fall. Families can ask it whenever falls come up.

An Italian study followed 673 people aged 65 and over who said they were afraid of falling. Three in 4 had cut back or avoided at least one activity. Those who had cut back or avoided three or more activities lost everyday abilities faster over the next 3 years. That is a link; it doesn't show the cutting back caused the decline.

If the answer is yes, tell the GP or physiotherapist what has stopped. Guidelines recommend strength and balance exercise, a talking therapy called cognitive behavioural therapy, or help from an occupational therapist with the activity itself.",932,G007.png,"Question card: anything you've stopped doing because you worry about falling? Four drawn examples: a man with a stick walking in a park, a woman stepping onto a bus holding the pole, a bath with grab rails and a towel, a woman with a cake tin at a friend's door. If yes, tell the GP or physiotherapist; ask about strength and balance exercise, a talking therapy (CBT) or an occupational therapist.","Sources: https://doi.org/10.1093/ageing/afac205 (World Falls Guidelines 2022) https://doi.org/10.1111/j.1532-5415.2007.01639.x (Deshpande 2008, InCHIANTI) https://doi.org/10.1093/ageing/afy010 (CBT review)"
G008,C01,public,"Small detail, real effect","Falls are easily forgotten, even by the person who fell.

In a US study, researchers checked on 304 people over 60 every week for a year and confirmed each fall. At the end, they asked people about falls in the past 3, 6 or 12 months. Depending on the period, between 13 and 32 in 100 of those who had fallen did not recall falling in that period.

A German study followed people with dementia for a year. At the end, about half who had recorded a fall did not recall falling. Their GPs knew about only 14 in 100 of their falls.

Falls researchers don't rely on memory. They ask people to mark each fall on a calendar as it happens. You can do the same.

Write each fall down on the day. Note the date and time, where you were and what you were doing. Note how you felt just before, whether you could get up, and how long you were on the floor. Take the note to your appointments.",880,G008.png,"Printable falls note: write each fall down on the day. In a US study, 13 to 32 in 100 people with a confirmed fall did not recall falling in the months they were asked about. Blank table, five columns: date and time; where; what you were doing; how you felt just before; could you get up, how long on the floor. Take it to every appointment; an hour or more on the floor is a sign of high risk.","Sources: https://doi.org/10.1111/j.1532-5415.1988.tb06155.x (Cummings 1988) https://doi.org/10.1017/S1041610211002122 (Zieschang 2012, dementia) https://doi.org/10.1093/ageing/afac205 (World Falls Guidelines 2022)"
G009,C01,practitioners,Reading the evidence,"Researchers filmed 227 falls by 130 residents of two care homes in British Columbia, Canada, between 2007 and 2010.

About 4 in 10 (93 falls) came from shifting body weight the wrong way during an ordinary movement. Trips and slips together caused about 1 in 4 (54).

The commonest moments were walking forward (54 falls), standing still (29) and sitting down (28). About 1 in 5 happened while moving to or from a chair.

Cameras were in lounges, dining rooms and corridors only, not bedrooms or bathrooms. And these are counts of falls, not the risk of each activity.

We should give sitting down, standing up and transfers the same attention as trip hazards. That is a judgement from the findings; the study did not test it. A quarter of the trips were over chair or table legs, so furniture still counts.",807,G009_1.png | G009_2.png,"Bar chart of causes of 227 falls filmed in two Canadian care homes, 2007 to 2010: shifting body weight the wrong way 93 (41%), trip or stumble 48 (21%), hit or bump 25, loss of support 25, collapse 24 (11% each), slip 6 (3%). Cameras in shared areas only, not bedrooms or bathrooms; causes judged from video. || Illustrative care home lounge, five numbered moments: a man by a window, a woman walking with a wheeled frame, a woman lowering into an armchair, a care worker beside a man rising from a wheelchair, a chair pulled into the walkway. Counts: walking forward 54 falls, standing still 29, sitting down 28, moving to or from a chair about 1 in 5, a quarter of 48 trips over chair or table legs.","Source: https://doi.org/10.1016/S0140-6736(12)61263-X (Robinovitch et al., Lancet 2013)"
G010,C01,practitioners,Teaching round,"Repeated falls from poor balance in the first 3 years of a Parkinson-like illness are a reason to question the diagnosis.

In the Movement Disorder Society criteria they are a warning sign against Parkinson's disease. In small autopsy-confirmed series, past case notes recorded such falls in about 4 in 100 people with Parkinson's disease and about 1 in 3 with progressive supranuclear palsy (PSP). With slowed up-and-down eye movements, they support probable PSP.

Short, wide-based steps, feet barely lifted, more unsteady on turning: think normal pressure hydrocephalus. Bladder urgency and slowed thinking are common, but many people don't have all three. Selected people often improve after a shunt.

Much more unsteady with eyes closed than open: think loss of position sense, for example from neuropathy (B12 deficiency is one treatable cause), or loss of inner-ear balance.

Watch every person who falls walk, turn and stand with eyes closed before putting it down to age.",980,G010_1.png | G010_2.png | G010_3.png | G010_4.png,"Illustrative drawing: a clinician raises her hand in front of a seated older man's eyes, arrows showing up-and-down movement. Text: repeated falls in the first 3 years, think PSP; check up-and-down eye movements; question a Parkinson's diagnosis. Early falls were recorded in about 4 in 100 of 124 autopsy-confirmed Parkinson's cases and about 1 in 3 of 28 PSP cases. || Illustrative drawing: an older South Asian woman walks a hospital corridor with short steps, a physiotherapist a pace behind with a hand ready. An inset shows footprints from above, short steps set wide apart. Text: think normal pressure hydrocephalus; more unsteady on turning; bladder urgency and slowed thinking are common but often not all three; selected people often improve after a shunt. || Illustrative drawing: an older man in socks stands with feet together, shoes beside him, while a clinician stands behind with both hands ready near his back, not touching. Text: much worse with eyes closed, think loss of position sense, for example neuropathy (check B12), or inner-ear balance loss; read the test with the rest of the examination. || Card: watch every person who falls walk, turn and stand with eyes closed. 'Old age' is not a diagnosis.",Sources: https://doi.org/10.1002/mds.26987 (PSP criteria) https://doi.org/10.1038/s41531-025-01206-6 (PD criteria and autopsy data) https://doi.org/10.2176/nmc.st.2020-0292 (NPH guideline) https://doi.org/10.7861/clinmedicine.15-2-145 (B12 review)
G011,C01,practitioners,Teaching round,"Some older people stop walking when you start talking to them. A small 1997 study in Sweden linked this with falls.

Of 58 older people in sheltered housing, 12 stopped walking when someone started a conversation. Ten of those 12 fell in the next 6 months, compared with 11 of the 46 who kept walking.

So the sign was rarely a false alarm. But most of the people who fell (11 of 21) had kept walking.

Later studies found it weaker. In people with stroke living at home, it gave more false alarms: 10 of the 26 who stopped did not fall, and it still missed about half of those who fell. Among over 4000 healthy older volunteers, fewer than 3 in 100 stopped, and stopping was not linked with past falls.

If someone stops walking to talk, do a full falls assessment. If they keep walking, don't take that as reassurance.",820,G011.png,"Illustrative comic. A physiotherapist asks an older man with a stick a question while walking; he stops to answer; they sit and she takes notes. Panel 4: 1997 Swedish study of 58 people in sheltered housing; stopped walking, 10 of 12 fell within 6 months; kept walking, 11 of 46 fell (filled squares); later studies weaker. Present: look harder with a full falls assessment. Absent: no reassurance.",Sources: https://doi.org/10.1016/S0140-6736(97)24009-2 (Lundin-Olsson 1997) https://doi.org/10.1136/jnnp.2003.016014 (stroke study 2004) https://doi.org/10.1186/s11556-026-00423-z (healthy volunteers 2026)
G012,C02,practitioners,Teaching round,"A grip dynamometer and an ordinary chair are enough to find probable sarcopenia (loss of muscle strength and mass).

Since 2019 the European definition puts strength first. Grip below about 27 kg in men or 16 kg in women, or more than 15 seconds for five chair rises without the arms, counts as low strength.

In everyday practice, the European group says that is enough to look for causes and start treatment. A muscle scan can come later, if it will change what you do.

The treatment the international guideline strongly recommends is resistance (strength) exercise. No medicine is licensed for sarcopenia.

Test grip in anyone who falls, feels weak or walks slowly.",669,G012.png,"Flow diagram of the European sarcopenia definition, 2019. Step 1: weak grip (below about 27 kg in men, 16 kg in women) or five chair rises over 15 seconds means probable sarcopenia; look for causes and start strength exercise. Step 2: low muscle quantity confirms it. Step 3: walking 0.8 m/s or slower marks it severe. A scan can come later if it will change the plan.",Sources: EWGSOP2 https://doi.org/10.1093/ageing/afy169 ; ICFSR guideline https://doi.org/10.1007/s12603-018-1139-9 ; Sayer and Cruz-Jentoft 2022 https://doi.org/10.1093/ageing/afac220
G013,C02,practitioners,Teaching round,"Forgetting yesterday's physiotherapy and learning from it can happen in the same person.

A 2007 review of 23 laboratory studies found that people with Alzheimer's disease still got better at movement tasks with practice, though they stayed slower than people without dementia.

A German trial in 122 people with mild to moderate dementia found that 3 months of adapted strength and balance training improved strength and chair rises compared with gentle placebo exercise. The degree of cognitive impairment did not predict who improved.

So poor recall of a session should not by itself end rehabilitation. Practise the same movement the same way, in the real place, with the real chair or frame, one task at a time.",717,G013.png,"Illustrative four-panel drawing, not a real patient. A physiotherapist and an older woman with a walking frame practise standing from a bedside chair. Day 1 she stands with effort; day 3 she asks if they have met before yet stands more smoothly; then same chair, frame and order, one task at a time; poor recall is a reason to change the method.",Sources: van Halteren-van Tilborg 2007 https://doi.org/10.1007/s11065-007-9030-1 ; Hauer 2012 https://doi.org/10.1111/j.1532-5415.2011.03778.x ; Palma 2023 https://doi.org/10.1177/00315125231182732
G014,C02,public,"Small detail, real effect","Stand up straight with your arms hanging loosely, and look at where your walking stick reaches.

The top should be level with the crease on the inside of your wrist.

Hold it in the hand opposite your painful or weak leg, and move it forward with that leg.

Turn it over. If the rubber tip is worn smooth, replace it.

In one English clinic survey of 50 stick users, 44 in 100 sticks were the wrong length and 54 in 100 were in poor condition, mostly a worn tip.

If both legs are weak or your balance is poor, a frame may suit you better. Ask a physiotherapist to check.",571,G014.png,"Drawing of an older man standing upright in a hallway with a walking stick, numbered 1 to 3. Check 1: stick top level with the wrist crease (dotted line). Check 2: stick in the hand opposite the painful or weak leg. Check 3: replace a worn rubber tip. In one English clinic survey of 50 users, 44 in 100 sticks were the wrong length.",Sources: Bradley and Hernandez 2011 https://pubmed.ncbi.nlm.nih.gov/21842786/ ; Sheehan and Millicheap 2008 https://doi.org/10.1002/msc.122 ; Liu 2011 https://doi.org/10.1016/j.archger.2010.04.003
G015,C02,both,Care that works,"In care homes studied by Berlin researchers, who published in the early 1990s, residents who needed help got attention. Residents who managed alone mostly went unnoticed.

When staff in 3 institutions were trained, they did less for residents, encouraged them more, and residents did more of their own self-care.

Modern trials are mixed. In 12 US nursing homes, a programme like this improved residents' walking and bathing. In 28 Dutch wards, nurses changed what they did, but residents' independence did not change clearly. Those nurses named time pressure and staff shortages as reasons they still took over.

Care homes should build time and training for supported self-care into the rota, not leave it to goodwill.",720,G015.png,"Illustrative drawing of a care home bedroom: an older woman with a walking frame beside her bed, a care assistant next to her with hands open, not reaching in, and a second care worker at the door. Text: training staff to encourage self-care changes what staff do; resident gains were seen in some trials (12 US homes) and not others (28 Dutch wards).",Sources: Baltes 1994 https://pubmed.ncbi.nlm.nih.gov/8054165/ ; Baltes and Wahl 1992 https://pubmed.ncbi.nlm.nih.gov/1388862/ ; Resnick 2009 https://doi.org/10.1111/j.1532-5415.2009.02327.x ; Vluggen 2024 https://doi.org/10.1016/j.ijnurstu.2024.104914 ; Bleijlevens 2026 https://doi.org/10.1016/j.ijnsa.2026.100525
G016,C02,practitioners,Reading the evidence,"Should a frail older person be told that exercise before surgery will cut their complications?

In a Montreal trial, 110 frail people (average age 78) having bowel cancer surgery did a 4-week exercise, nutrition and support programme before the operation, compared with the same programme after it. Complications over 30 days did not differ clearly. Only about 1 in 7 kept to the after-surgery programme.

A Canadian home-exercise trial in 182 frail older people found no clear gain in walking after surgery. Reviews disagree, and certainty for complications is low or very low.

Offer it for fitness and recovery. Do not promise fewer complications.",650,G016.png,"Two-column card on prehabilitation in frail older people. Can say: may help fitness and recovery (moderate certainty, adults with cancer). Should not promise: fewer complications (low or very low certainty; frail trials unclear). Carli 2020: 110 frail patients, no clear difference in 30-day complications; about 1 in 7 kept to the after-surgery programme.",Sources: Carli 2020 https://doi.org/10.1001/jamasurg.2019.5474 ; McIsaac 2022 (PREHAB) https://doi.org/10.1016/j.bja.2022.04.006 ; McIsaac umbrella review https://doi.org/10.1016/j.bja.2021.11.014 ; Liu 2026 https://doi.org/10.3389/fonc.2026.1777929 ; López-González 2025 https://doi.org/10.3390/ijerph22091381
G017,C02,both,Who gets left out,"UK researchers reported in 2012 and 2017 that pedestrian crossing times assume a walking speed of 1.2 metres per second (about 2.7 miles per hour).

In a 2005 national survey in England, 85% of women and 76% of men aged 65 and over walked slower than that. The walk was timed over 8 feet at normal pace.

A larger English study (2002 to 2014) counted measurements, not people. Only 1 in 10 walking-speed measurements in people over 60 was fast enough. Women, the oldest, the poorest and people in worse health were least likely to be fast enough.

Some newer crossings, called Puffin crossings, can hold traffic longer when someone is still crossing.

The researchers concluded that crossing times should be reconsidered.",721,G017.png,"Bar chart, Health Survey for England 2005, 3,145 adults aged 65 and over. Walked slower than 1.2 m/s: women 85%, men 76%. Slower or unable to do the 8-foot walk: women 93%, men 84%. 1.2 m/s is the crossing speed UK researchers reported as assumed.",Sources: Asher 2012 https://doi.org/10.1093/ageing/afs076 ; Webb 2017 https://doi.org/10.1016/j.jth.2017.02.009 ; Hassan 2016 https://doi.org/10.7307/ptt.v29i5.2225
G018,C02,public,Ask this,"The key in the door. The front step. The toilet. The armchair. The kettle. The bed.

That is the first hour home after a hospital stay.

A 2020 analysis pooled 15 studies of older people admitted to an acute hospital (one that treats sudden illness). About 3 in 10 came out less able than before. They found it harder to wash, dress, use the toilet, or get out of a bed or chair.

Some of that loss starts with the illness itself.

Before discharge, ask the ward therapist: have you seen them do each of these six? If one has not been tried, can it be practised, and is equipment needed?",587,G018.png,"Checklist card: the first hour home. Has each been seen? Key in the door, front step, toilet, armchair, kettle, bed, each with an empty tick box. About 3 in 10 older people leave acute hospital less able to do basic self-care than before admission. A practical checklist, not a tested tool.",Sources: Loyd 2020 https://doi.org/10.1016/j.jamda.2019.09.015 ; Lockwood 2015 https://doi.org/10.2340/16501977-1942
G019,C02,public,Who gets left out,"Average age 87. Oldest 98.

In a 1994 US trial, 100 frail care home residents were randomly given 10 weeks of high-intensity (hard) strength training or not. Those who trained more than doubled their muscle strength on average (up 113%, against 3% for those who did not). Their walking speed rose about 12%.

That was one trial. A Cochrane review (a pooled summary of trials) covered 67 care home trials. It found smaller gains. Exercise and rehabilitation probably help a little with everyday activities, strength and balance, without more deaths.

Care home residents should be offered strength exercise suited to them. Age alone is no reason to leave them out.",663,G019.png,"Bar chart of average percentage change from each person's own starting level in a 1994 trial of 100 care home residents over 10 weeks. Strength: trained +113%, not trained +3%. Walking speed: trained +12%, not trained -1%. Pooled care home trials show smaller gains in everyday activities, strength and balance.",Sources: Fiatarone 1994 https://doi.org/10.1056/NEJM199406233302501 ; Crocker 2013 Cochrane https://doi.org/10.1002/14651858.CD004294.pub3 ; Pinheiro 2022 https://doi.org/10.1016/j.jamda.2022.06.009
G020,C02,both,What gets counted,"In the last 4 weeks, how far from your front door did you get, and how often?

That is what a life-space assessment asks. It scores from 0 to 120. Usual daily-living scores ask whether you can wash, dress, use the toilet and cross a room. They do not ask whether you reach the shop or a friend's house.

A US study followed older people at home. Those admitted to hospital for a medical illness lost about 10 points out of 120. As a group, they had not got it back up to two years later.

Rehabilitation services and trials should count how far people get beyond the front door, as well as what they manage inside it.",617,G020.png,"Diagram of five concentric rings around a house: 1 other rooms, 2 outside your door, 3 neighbourhood, 4 your town, 5 beyond your town. A dashed line at the house wall is labelled daily-living scores stop here. After a medical admission about 10 points of 120 were lost and not regained on average up to 2 years later.",Sources: Brown 2009 https://doi.org/10.7326/0003-4819-150-6-200903170-00005 ; Baker 2003 https://doi.org/10.1046/j.1532-5415.2003.51512.x ; Brown 2016 https://doi.org/10.1001/jamainternmed.2016.1870
G021,C02,practitioners,Care that works,"When a Spanish hospital gave medical patients averaging 87 two 20-minute exercise sessions a day, they went home slightly more able instead of less.

Usual care: down 5 points on a 100-point scale of everyday activities. Exercise: up about 2. Between groups, about 7 points. No harms were recorded.

Then the harder part. Repeated in three hospitals with only 3 exercise days, the benefit shrank. Pooled across 24 trials, in-hospital exercise showed no clear gain in independence at discharge, and no rise in falls.

Structured exercise was safe for able very old inpatients. How much it helps seems to depend on dose, in the authors' view.",640,G021_1.png | G021_2.png | G021_3.png,"Bar chart of change in Barthel index (0 to 100) from admission to discharge in 370 medical inpatients, average age 87: usual care -5 points, exercise twice a day +2 points. Patients could walk and take part. || Card: two 20-minute sessions a day. Morning supervised strength, balance and walking; evening light ankle weights and a corridor walk; weekends included, median 5 days. || Card: when the dose was smaller. 3 hospitals with 3 exercise days: smaller benefit, no clear difference in everyday activities. 24 trials pooled: no clear gain in independence at discharge; falls not increased.",Sources: Martínez-Velilla 2019 https://doi.org/10.1001/jamainternmed.2018.4869 ; Martínez-Velilla 2022 https://doi.org/10.1001/jamainternmed.2021.7654 ; Hartley 2022 Cochrane https://doi.org/10.1002/14651858.CD005955.pub3
G022,C03,public,Weighing it up,"After a broken hip, leg function can keep improving for close to a year. That is the average in one large US study of people who had lived at home before the fracture. The study ran in 1990 and 1991.

Across many studies, most of the recovery in walking and daily activities came in the first 6 months. After that the gains were smaller. Roughly 4 to 6 in 10 people got back to the mobility they had before the fracture. The rest did not.

Recovery goes on for months, so in the first weeks in hospital a person is usually still early in recovery. In our view, where it is safe to wait, that is the wrong moment to decide on a permanent move to a care home.

A 2017 paper said that policy in England and Scotland has been to avoid, where possible, moving a person into a care home straight from a hospital ward.

Sometimes a care home is the right choice. The person should take part in the decision, and it should rest on how they are after rehabilitation.

Ask: what rehabilitation is planned, and when will we look at this again?",1032,G022.png,"Timeline of recovery after a broken hip: first weeks in hospital, about 4 months for mood, arm function and thinking at their best, up to 6 months for most walking gains, close to 1 year for leg function at its best, all averages. A dotted rising line is illustrative only. Decide after rehabilitation where safe.",Sources: https://doi.org/10.1093/gerona/55.9.m498 https://doi.org/10.1186/s12877-016-0332-0 https://doi.org/10.1002/14651858.CD007125.pub3 https://doi.org/10.1093/ageing/afw188
G023,C03,both,"Small detail, real effect","Pain from a broken hip is often mild while lying still and severe when the person is moved. Scotland's hip fracture standards point this out, and name a nerve block as the first choice for pain relief in the emergency department.

A nerve block is an injection of local anaesthetic near the nerves to the hip. A Cochrane review, which pooled 11 trials, found it reduced pain on movement within half an hour by about 2.5 points on a 0 to 10 scale, compared with no block.

One injection gives several hours of relief. It does not last until the operation. Given early in the emergency department, it can cover the X-ray and the move to the ward. It can also cover the first hours of nursing care, for as long as it lasts. UK anaesthetic guidance also advises another block at the time of surgery.

If someone you love has broken a hip, ask: has a nerve block been offered?",871,G023.png,"Flow of five steps after a broken hip: nerve block in the emergency department, X-ray, move to the ward, nursing care, surgery with another block advised. A fading bar shows one injection gives several hours of relief. Pain on movement was about 2.5 points lower out of 10 within half an hour.",Sources: https://doi.org/10.1002/14651858.CD001159.pub3 https://doi.org/10.1111/anae.15291 https://www.nice.org.uk/guidance/cg124 https://publichealthscotland.scot/resources-and-tools/health-strategy-and-outcomes/scottish-national-audit-programme-snap/scottish-hip-fracture-audit-shfa/overview-of-shfa/
G024,C03,practitioners,Reading the evidence,"HIP ATTACK randomised 2,970 people with hip fracture in 17 countries to surgery at a median of 6 hours or 24 hours after diagnosis.

At 90 days, 9 in 100 had died in the fast group and 10 in 100 with usual care. Death or a major complication (a combined measure): 22 in 100 in both. Accelerated surgery did not clearly reduce either, though a small benefit is not ruled out.

In secondary outcomes, as summarised in UK anaesthetic guidance, the fast group got up sooner and left hospital sooner, with no sign of harm.

In Ontario, waits over 24 hours after arrival were linked with slightly more deaths at 30 days: 6.5 vs 5.8 in 100. That is a link. It does not show that the wait caused the deaths.

These answer different questions: very fast against fairly fast, and avoidable delay beyond a day. UK guidance sets these limits. NICE asks for surgery on the day of admission or the day after. UK anaesthetic guidance says within 36 hours of the fracture, and the Scottish standard within 36 hours of admission.

Remove the avoidable delay.",1041,G024.png,"Bar chart from the HIP ATTACK trial of 2,970 people. Died by 90 days: 9 in 100 with surgery at a median 6 hours, 10 in 100 at a median 24 hours. Death or major complication: 22 in 100 in both groups. No clear difference. Observational and guideline timings are noted below.",Sources: https://doi.org/10.1016/S0140-6736(20)30058-1 https://doi.org/10.1001/jama.2017.17606 https://doi.org/10.1111/anae.15291 https://www.nice.org.uk/guidance/cg124 https://publichealthscotland.scot/resources-and-tools/health-strategy-and-outcomes/scottish-national-audit-programme-snap/scottish-hip-fracture-audit-shfa/overview-of-shfa/
G025,C03,public,Weighing it up,"NICE's guideline group describes surgery as the best form of pain relief for a broken hip. It says surgery should still be considered when a broken hip comes with a terminal illness.

A Dutch study looked at a very different group: 172 very frail care home residents, typical (median) age 88, with short life expectancy. After discussion, 88 chose care without an operation and 84 chose surgery. The groups were formed by people's own choices, not by random allocation.

Relatives and staff rated quality of life in the following weeks. By the study's own test, it was not lower without an operation by more than a difference the researchers had set in advance as acceptable. After about a month the comparison is unreliable, because most of those without an operation had died. About 8 in 10 of those who chose no operation died within a month, against 1 in 4 after surgery. The frailest people chose no operation, so that gap does not show the effect of surgery.

The researchers judged pain undertreated without surgery, and 2 people switched to an operation as their pain grew worse.

We should be able to talk about care without an operation for this small group, with strong pain relief. It should never be a default because of age.",1238,G025.png,"Two columns comparing paths after a broken hip for a very small group with short life expectancy. Operation: surgery, then pain relief, getting up and rehabilitation. Care without an operation should include strong pain relief, careful nursing, family support and a written palliative care plan.",Sources: https://doi.org/10.1001/jamasurg.2022.0089 https://www.nice.org.uk/guidance/cg124 https://publichealthscotland.scot/resources-and-tools/health-strategy-and-outcomes/scottish-national-audit-programme-snap/scottish-hip-fracture-audit-shfa/overview-of-shfa/
G026,C03,practitioners,Teaching round,"Sixteen older people (aged 75 and over) walked on pressure-sensing insoles after hip fracture surgery, told to put only part of their weight through the leg.

None kept to the limit throughout; one managed it briefly. 11 of the 16 put more than twice the permitted weight through the leg. 14 of 18 young adults with ankle fractures kept to almost all of their weight limit.

In a second small study from the same group, older people told to restrict weight walked more slowly and had lower mobility scores on day 5, yet pressed just as hard through the leg.

NICE says to operate with the aim of full, unrestricted weight-bearing straight after surgery.

If a restriction is written, ask: what is the reason, and how will this person move safely meanwhile?",756,G026.png,"Icon array of 16 older people after hip fracture surgery. 11 icons marked with double chevrons put more than twice the permitted weight through the leg; the other 5, marked with a bar, did not keep to it throughout. None of 16 kept to partial weight-bearing. Young adults with ankle fractures mostly did (14 of 18).",Sources: https://doi.org/10.2106/JBJS.17.01222 https://doi.org/10.1007/s00402-019-03193-9 https://www.nice.org.uk/guidance/cg124
G027,C03,practitioners,Teaching round,"NICE lists nine problems to find and treat straight away, so that they do not delay hip fracture surgery.

They are: anaemia, anticoagulation, dehydration, electrolyte problems, uncontrolled diabetes, uncontrolled heart failure, a correctable arrhythmia or ischaemia, chest infection, and a flare of chronic lung disease.

These are jobs for the first hours.

NICE's guideline developers wrote that people should not wait for routine tests that will not change the operation or anaesthetic. UK anaesthetic guidance says not to wait for an echocardiogram, and since 2011 not to delay for aspirin or clopidogrel.

UK guidance says 36 hours is enough time to correct the medical obstacles to surgery, if the work starts at once on arrival at hospital.

We should expect any delay to name the problem and the time it will be fixed.",827,G027.png,"Checklist for the first hours of a hip fracture. Treat straight away: anaemia, anticoagulation, dehydration, electrolyte imbalance, uncontrolled diabetes, uncontrolled heart failure, correctable arrhythmia or ischaemia, acute chest infection, flare of chronic chest condition. Not a reason to wait: echocardiogram, aspirin or clopidogrel, routine tests.",Sources: https://www.nice.org.uk/guidance/cg124 https://doi.org/10.1111/anae.15291 https://doi.org/10.1016/j.injury.2015.03.024 https://publichealthscotland.scot/resources-and-tools/health-strategy-and-outcomes/scottish-national-audit-programme-snap/scottish-hip-fracture-audit-shfa/overview-of-shfa/
G028,C03,public,Ask this,"A hip X-ray finds most broken hips, but not all. The NICE guideline estimates X-rays find 90 to 98 in every 100 broken hips.

Suppose the person still can't take weight on the leg the day after the injury, despite good pain relief. The NICE guideline then says doctors should look again and strongly suspect a hip fracture. If a fracture is still suspected after normal X-rays, NICE says to offer an MRI. If MRI isn't available within 24 hours, it says to consider a CT scan.

A review pooled 35 studies of older people whose X-rays showed no definite fracture but whose doctors still suspected one. MRI found a hip fracture needing surgery in about 4 in 10 of them. That figure applies to this selected group, not to everyone with hip pain after a fall.

If you are a relative or care worker, you can ask: ""They still can't take weight on that leg. Could the X-ray have missed a fracture? Is an MRI needed?""",908,G028.png,Illustrative three-panel comic. An older woman after a fall is seen with a doctor after a normal hip X-ray. The next morning a care worker beside her bed sees she still can't take weight on the leg. The care worker asks whether an MRI could show a fracture the X-ray missed.,Sources: https://www.nice.org.uk/guidance/cg124/chapter/recommendations https://doi.org/10.1148/radiol.2020192167
G029,C03,public,Ask this,"In England and Wales, being next of kin does not give you the legal right to consent to an operation for your mother.

If she can't decide for herself, the decision is made by someone she appointed in a registered legal document called a lasting power of attorney for health and welfare. Or it is made by a deputy appointed by a court with that power. If there is no one like that, the doctor responsible usually decides, in her best interests. If she made a valid written refusal of that treatment earlier (an advance decision), that overrides all of these. Her wishes, values and beliefs must be taken into account, and family or close friends should be consulted if there is time.

In Scotland the law is different. Treatment can go ahead once a doctor completes a certificate of incapacity (a form saying she can't decide for herself). If she appointed a welfare attorney with power over medical decisions, the doctor must ask that person for consent where this is reasonable and practicable. Her past and present wishes must be taken into account as far as practicable.

You can ask: who is making this decision, and on what basis?",1136,G029_1.png | G029_2.png,"Card 1: in England and Wales, next of kin can't consent to surgery for an adult who can't decide; an attorney or deputy decides, or the responsible doctor. In Scotland, a doctor completes a certificate of incapacity. The person's wishes must be taken into account. || Card 2: three questions to ask: who is making the decision and on what basis; could they decide with help or at another time; how will what they would want be taken into account.",Sources: https://doi.org/10.1177/0269215519852987 https://doi.org/10.1016/j.bjae.2018.01.006 https://doi.org/10.1016/j.bjae.2018.04.001 https://doi.org/10.7759/cureus.20322
G030,C03,both,"Small detail, real effect","The first drink after a hip operation is a time to look for trouble swallowing.

In one Australian unit, about 1 in 3 older people (61 of 181) had trouble swallowing after hip fracture surgery. It was more common in people who were older, came from a care home, or had a brain or nerve condition, or a lung condition.

In a New Zealand hospital, people with hip fracture and a recorded swallowing problem more often had aspiration pneumonia. This is a chest infection from food or drink going the wrong way. It affected about 1 in 10 of them, compared with fewer than 1 in 100 of the others. They were older on average, and this link does not show that the swallowing problem caused it. We did not find a study showing that watching the first drink prevents pneumonia.

Signs to watch for: coughing or choking, a hoarse or changed voice after swallowing, or lots of throat clearing. Also watch for several swallows for one mouthful, or food left in the mouth. Many older people don't notice these themselves.

The person should sit fully upright to eat and drink, and stay upright for at least half an hour after a meal. This is standard advice for people with swallowing difficulty. After hip surgery, sitting upright may need help and good pain relief.

If you see these signs, ask the ward for a swallowing assessment.",1321,G030.png,"Annotated scene: an older man sits upright in a high-backed chair holding a cup, with a nurse standing nearby. Four numbered pins mark signs to watch: coughing or choking, hoarse voice, several swallows per mouthful, food left in the mouth. About 1 in 3 older people had swallowing trouble in one Australian unit.",Sources: https://doi.org/10.1093/ageing/aft037 https://doi.org/10.1016/j.archger.2023.105312 https://doi.org/10.1093/ageing/afab032 https://doi.org/10.1002/lary.28194 https://doi.org/10.2147/CIA.S107750
G031,C04,public,Ask this,"Denosumab (brand name Prolia) is a bone injection given once every 6 months. The date of the next one needs someone who owns it.

When denosumab stops, its effect wears off fast. Bone breakdown starts rising about 3 months after a missed dose. By about a year, the bone density gained (how solid the bone is on a scan) is back where it started.

In a follow-up of a large trial, women on denosumab had about 1 spinal fracture per 100 women per year. After stopping, this rose to about 7 per 100 per year. This was a later analysis, not a trial of stopping.

If you have this injection, or care for someone who does, ask two questions. When is the next one due? Who is booking it?

If it is going to stop, UK and European guidance is to switch to a different bone medicine about 6 months after the last injection. The usual choice is a bisphosphonate, a type of bone medicine.

If the date has already passed, ring the GP surgery or clinic now and ask what the plan is.",968,G031.png,"Illustrative timeline of one year on a 6-monthly bone injection: injection at the GP surgery at month 0, hospital stay at month 3, move to a care home with a new GP at month 5, next injection due at month 6 with the question who books it. Two questions: when is it due, who is booking it. If stopping, plan a switch; if overdue, ring the surgery now.",Sources: Cummings 2018 https://pubmed.ncbi.nlm.nih.gov/29105841/ ; NOGG 2022 https://pubmed.ncbi.nlm.nih.gov/35378630/ ; Tsourdi 2021 https://pubmed.ncbi.nlm.nih.gov/33103722/ ; Lyu 2020 https://pubmed.ncbi.nlm.nih.gov/32716706/
G032,C04,both,Reading the evidence,"Vertebroplasty means injecting cement into a broken spinal bone. Five trials compared it with a sham procedure, made to look like the real one but without the cement. At one month, pain averaged 4.3 out of 10 after cement and 5 out of 10 after the sham.

That gap is smaller than the difference patients notice. Disability and quality of life were much the same. Pain eased in both groups, including people who had no cement.

Trials where people knew whether they had cement, compared with usual care, looked better. The Cochrane review (a review that pools the trials) judged them likely to have overestimated the benefit.

One sham trial went the other way. It had 120 people with severe pain from fractures under 6 weeks old. At two weeks, 44 in 100 had low pain after cement, against 21 in 100 after the sham.

UK guidance says the evidence does not support routine use. First come pain relief that lets you keep moving, physiotherapy-guided exercise and bone treatment.",975,G032.png,"Bar chart of average pain at one month out of 10 in five sham-controlled trials of vertebroplasty, 541 people: 4.3 with cement, 5 with sham. The gap is smaller than patients notice. One trial in fractures under 6 weeks old found benefit: low pain at two weeks in 44 in 100 after cement, 21 in 100 after sham.",Sources: Cochrane 2018 https://pubmed.ncbi.nlm.nih.gov/30399208/ ; Clark 2016 (VAPOUR) https://pubmed.ncbi.nlm.nih.gov/27544377/ ; NOGG 2022 https://pubmed.ncbi.nlm.nih.gov/35378630/
G033,C04,both,Weighing it up,"'Alendronic acid, weekly' is one line on a medicine list. For the person taking it, it means nothing to eat or drink first thing, a glass of plain water, then sitting or standing for 30 minutes before breakfast.

In trials, it took about a year of treatment before 1 in every 100 women treated was spared a fracture outside the spine. Those women were aged on average 63 to 74 and were not near the end of life.

For someone likely to live only weeks or a few months, the routine may come with little time to help. STOPPFrail, an expert list for reviewing medicines near the end of life, includes osteoporosis medicines and calcium tablets among those to consider stopping.

One exception: denosumab injections should not just lapse; if the person may live longer than a few months, ask for a plan.

Stopping a bone tablet does not mean less pain relief, falls care or comfort. We should say so when we suggest it.",914,G033.png,"Drawing of an older woman sitting in an armchair beside a bedside table with a jug and glass of water, with a numbered list of the weekly tablet routine: nothing to eat or drink first, tablet with plain water, sit or stand 30 minutes, then breakfast. About 1 year of treatment spared 1 in 100 women a fracture outside the spine. Near the end of life consider stopping; denosumab needs a plan.",Sources: Deardorff 2022 https://pubmed.ncbi.nlm.nih.gov/34807231/ ; STOPPFrail 2017 https://pubmed.ncbi.nlm.nih.gov/28119312/ ; Greenspan 2015 https://pubmed.ncbi.nlm.nih.gov/25867538/ ; NOGG 2022 https://pubmed.ncbi.nlm.nih.gov/35378630/
G034,C04,both,Reading the evidence,"Two very large trials found vitamin D tablets did not prevent broken bones. The people in them were mostly healthy, and in VITAL most were not short of vitamin D.

In VITAL, nearly 26,000 Americans aged 50 and over took vitamin D or a dummy pill for about 5 years. About 6 in 100 in each group broke a bone. D-Health, in over 20,000 Australians aged 60 to 84, found the same.

In VITAL only about 2 in 100 had very low levels. That small group showed no benefit either, but the evidence for deficient people is thin.

Vitamin D with calcium cut hip fractures slightly in pooled trials: an estimated 1 fewer per 1000 people a year at home, and 9 fewer per 1000 in care homes.

Read these trials as: extra vitamin D alone does not prevent fractures in people like those studied. If you take a bone medicine, UK guidance still says you need enough vitamin D.",855,G034_1.png | G034_2.png | G034_3.png,"Two 10 by 10 grids, 6 filled in each. In the VITAL trial about 6 in 100 broke a bone over about 5 years, with vitamin D (769 of 12,927) and with a dummy pill (782 of 12,944). Vitamin D alone did not mean fewer broken bones. || Big number: 2 in 100 had very low vitamin D. The trial was mostly healthy adults aged 50 and over, not designed to test people short of vitamin D; authors say results may not apply to people with osteoporosis or in care homes. || Bars labelled as estimates: with calcium, about 1 fewer hip fracture per 1000 people a year at home and about 9 fewer per 1000 in care homes. On a bone medicine you still need enough vitamin D.",Sources: LeBoff 2022 (VITAL) https://pubmed.ncbi.nlm.nih.gov/35939577/ ; Waterhouse 2023 (D-Health) https://pubmed.ncbi.nlm.nih.gov/37011645/ ; Avenell 2014 Cochrane https://pubmed.ncbi.nlm.nih.gov/24729336/ ; NOGG 2022 https://pubmed.ncbi.nlm.nih.gov/35378630/
G035,C04,practitioners,What gets counted,"In 1990, a trial of sodium fluoride raised spine bone density by 35% more than placebo over four years in 202 women with osteoporosis.

Spinal fractures were not reduced: 163 new spinal fractures with fluoride, 136 with placebo. Fractures away from the spine numbered 72 against 24. These are counts of fractures, not women.

For approved drugs, density gains do track fracture reduction across whole trials. But density explains only part of the benefit: with alendronate, the spine density gain accounted for about 16% of the fall in spinal fractures. And a repeat scan in one person varies more than the real differences between people.

Do not judge a bone medicine by a small change on one person's repeat scan. Check it is being taken correctly, and look for new fractures.",779,G035.png,"Bar chart of fracture counts in a 4-year sodium fluoride trial of 202 women. Spine density was 35% higher with fluoride. Spinal fractures: 163 with fluoride, 136 with placebo, no clear difference. Other fractures: 72 with fluoride, 24 with placebo. Counts of fractures, not women.",Sources: Riggs 1990 https://pubmed.ncbi.nlm.nih.gov/2407957/ ; Black 2020 https://pubmed.ncbi.nlm.nih.gov/32707115/ ; Cummings 2002 https://pubmed.ncbi.nlm.nih.gov/11893367/ ; Bell 2009 https://pubmed.ncbi.nlm.nih.gov/19549996/ ; NOGG 2022 https://pubmed.ncbi.nlm.nih.gov/35378630/
G036,C04,practitioners,Reading the evidence,"Low kidney function often rules out a bisphosphonate, and denosumab, which the kidneys do not clear, becomes the alternative. It needs a calcium plan.

In a US study of women aged 65 and over on dialysis, about 41 in 100 who started denosumab had a severe drop in blood calcium within 12 weeks, against 2 in 100 who started a bisphosphonate tablet. It was observational, and many drops were found on routine dialysis bloods.

UK product information, as reported by NOGG: correct low calcium and vitamin D first, check calcium before each dose, and recheck within 2 weeks of the first dose if creatinine clearance is below 35 ml/min.

On dialysis, involve the kidney team in the decision.",687,G036.png,"Checklist for denosumab with low kidney function. In women 65 and over on dialysis, severe low calcium within 12 weeks: 41 in 100 on denosumab against 2 in 100 on a bisphosphonate (observational). Correct calcium and vitamin D first, check calcium before each injection, recheck within 2 weeks if CrCl is below 35, report symptoms, involve the kidney team.",Sources: Bird 2024 JAMA https://pubmed.ncbi.nlm.nih.gov/38241060/ ; Bird 2024 Ann Intern Med https://pubmed.ncbi.nlm.nih.gov/39556837/ ; NOGG 2022 https://pubmed.ncbi.nlm.nih.gov/35378630/
G037,C04,practitioners,Teaching round,"What should a new thigh ache mean in someone on a bisphosphonate for years?

Usually something else: thigh pain is common. But atypical thigh-bone fractures, rare stress fractures of the upper shaft, often give days to months of thigh, groin or hip ache first. In early case series, about 7 in 10 had warning pain and about 1 in 4 had changes in both thighs.

UK guidance: ask about this pain at reviews. If present, image the whole femur (X-ray, isotope scan or MRI). If an atypical fracture is found, image the other side.

The balance stays favourable: modelled estimates give 149 hip fractures prevented for 2 atypical fractures per 10,000 White women with osteoporosis over 3 years (less favourable, but still positive, in Asian women).",741,G037.png,"Line drawing of two thigh bones, the upper shaft of one shaded and marked 1, a numbered mark 2 at the hip for warning ache, the other bone dotted to show both sides can be affected. Ask about thigh, groin or hip pain at reviews; image the whole femur; if found, image the other side. Modelled: 149 hip fractures prevented against 2 atypical per 10,000 White women over 3 years.",Sources: Shane 2014 ASBMR task force https://pubmed.ncbi.nlm.nih.gov/23712442/ ; Black 2020 NEJM https://pubmed.ncbi.nlm.nih.gov/32813950/ ; NOGG 2022 https://pubmed.ncbi.nlm.nih.gov/35378630/
G038,C04,public,"Small detail, real effect","Take the weekly bone tablet first thing, with a full glass of plain water, sitting or standing. Then wait at least 30 minutes before food, other drinks or other tablets, including calcium. Do not lie down.

Each rule has a reason. Less than 1 part in 100 of each alendronic acid tablet is absorbed, even when taken correctly.

In absorption studies in volunteers, taking it with black coffee or orange juice cut the amount absorbed by about 60 per cent. With breakfast, by more than 85 per cent.

The water and staying upright help the tablet pass into the stomach. If swallowing becomes painful or you get new heartburn, stop it and ask your pharmacist or doctor.",664,G038.png,"Four-panel illustrative comic. An older man takes the weekly bone tablet with a full glass of plain water before breakfast, then stands. His partner, with a walking stick, waits by the kettle: no coffee, juice, food or other tablets for 30 minutes. In volunteers coffee or juice cut absorption by about 60%. After 30 minutes they sit to breakfast.",Sources: Gertz 1995 https://pubmed.ncbi.nlm.nih.gov/7554702/ ; de Groen 1996 https://pubmed.ncbi.nlm.nih.gov/8793925/ ; NOGG 2022 https://pubmed.ncbi.nlm.nih.gov/35378630/
G039,C04,practitioners,Teaching round,"Five years of bisphosphonate tablets, or three of yearly zoledronate, is a review date. UK guidance says a drug holiday is not automatic.

Continue, usually to 10 years of tablets or 6 of infusions, if the person is 70 or over, has had a hip or spinal fracture, takes 7.5 mg of prednisolone a day or more, broke a bone on treatment, or still has a high risk when recalculated.

Lower-risk people can take a planned break of 18 months to 3 years. Reassess at about 2 years for alendronate, 3 for zoledronate, 18 months for risedronate, or at once after a new fracture.

Denosumab is different; see the earlier post on switching.

Write the reassessment date in the record.",671,G039.png,"Flow diagram. After 5 years of tablets or 3 of zoledronate, reassess fracture risk; a holiday is not automatic. Higher risk (70 or over, hip or spinal fracture, prednisolone 7.5 mg a day or more, fracture on treatment, still high risk): continue. Lower risk: planned break of 18 months to 3 years, then reassess. Denosumab has no holiday.",Sources: NOGG 2022 https://pubmed.ncbi.nlm.nih.gov/35378630/ ; Adler 2016 ASBMR https://pubmed.ncbi.nlm.nih.gov/26350171/ ; Black 2006 FLEX https://pubmed.ncbi.nlm.nih.gov/17190893/ ; Black 2012 https://pubmed.ncbi.nlm.nih.gov/22161728/
G040,C04,public,Ask this,"If you are a man starting long-term hormone treatment for prostate cancer, ask about your bones at the start.

Treatment that lowers testosterone thins bone fastest in the first 6 to 12 months. In US records, men who lived at least 5 years were compared. About 19 in 100 who had hormone treatment had broken a bone, against about 13 in 100 who did not. That study shows a link, not proof.

Women taking aromatase inhibitors for breast cancer (anastrozole, letrozole, exemestane) have the same question. These drugs remove almost all oestrogen. They also speed bone loss and are linked with more fractures.

UK guidance says both groups should have their fracture risk checked when treatment starts. If nobody has mentioned your bones, ask.",739,G040.png,"Question card. Hormone treatment for prostate cancer and aromatase inhibitors for breast cancer both speed bone loss. Suggested question: can my fracture risk be checked now, at the start? In men with prostate cancer who lived 5 or more years, 19 in 100 on hormone treatment had broken a bone against 13 in 100 without, a link not proof.",Sources: Shahinian 2005 https://pubmed.ncbi.nlm.nih.gov/15647578/ ; Brown 2020 https://pubmed.ncbi.nlm.nih.gov/32995252/ ; NOGG 2022 https://pubmed.ncbi.nlm.nih.gov/35378630/ ; Hadji 2017 https://pubmed.ncbi.nlm.nih.gov/28413771/
G041,C05,practitioners,What gets counted,"A ward note saying ""improving since admission"" can be true while the person goes home less able than before they fell ill.

A US study followed 2,293 people aged 70 and over on medical wards. 35 in 100 left hospital less able than they were two weeks before admission. The five tasks were washing, dressing, eating, getting in and out of bed and using the toilet.

23 in 100 had already declined in those tasks before they arrived and had not regained them by discharge. 12 in 100 declined during the stay. Together that makes the 35 in 100.

The data are over 20 years old. A 2020 review of studies in adults aged 65 and over found about 3 in 10 lost independence in basic daily activities after an acute hospital stay. That share changed little by the year the study began.

We should record the level two weeks before the illness, and say at discharge how far the person is from it.",885,G041_1.png | G041_2.png,"Illustrative line diagram, no numbers. Function starts high two weeks before, drops to its lowest at admission, then rises by discharge but stays below the starting level. A solid teal bracket marks the gain since admission; a dashed orange bracket marks the gap still left. || Bar divided into 100 parts for 2,293 people aged 70+ on US medical wards: 23 lost function before admission and did not regain it, 12 lost it during the stay, 20 lost it before admission but regained it, 45 everyone else. 35 in 100 went home less able. Data over 20 years old.",Sources: https://doi.org/10.1046/j.1532-5415.2003.51152.x | https://doi.org/10.1016/j.jamda.2019.09.015 | https://doi.org/10.1111/j.1525-1497.2001.00625.x
G042,C05,practitioners,Teaching round,"""Any difficulty with stairs?"" ""No."" That answer can miss the person who now takes them one at a time, holding the rail with both hands.

A Baltimore study in the 1990s followed women in their 70s, among the more able two thirds of women their age. Some reported no difficulty but had changed how or how often they walked or climbed stairs. These women were already slower and weaker than women who had not changed. Over the next 18 months they were more likely to develop difficulty. A smaller Finnish study of men and women aged 75 to 81 found a similar pattern over 2 years.

We should add one question to the history: ""Have you changed how you do this, or how often, because of your health?"" The researchers proposed this stage as a point to offer help. Whether acting then prevents disability has not been tested.",817,G042.png,Three-panel comic. A clinician asks a woman in her late 70s about difficulty with stairs and she says no. At home she climbs one step at a time holding the rail with both hands. The clinician then asks whether she has changed how or how often she climbs. Illustrative; linked to later difficulty in Baltimore studies.,Sources: https://doi.org/10.1016/s0895-4356(01)00357-2 | https://doi.org/10.1093/gerona/55.1.m43 | https://doi.org/10.1016/j.archger.2011.08.018 | https://doi.org/10.1016/j.apmr.2007.06.016
G043,C05,public,Care that works,"Being told you are frail describes where you are now. It can change, in both directions.

16 studies followed 42,775 older people living at home. They were reassessed after about 4 years on average (range 1 to 10). 14 in 100 became less frail. 29 in 100 became more frail, about twice as many. 57 in 100 stayed the same. The studies used one checklist of five physical signs of frailty.

Among people who were frail, 40 in 100 improved to the early stage, called prefrail. Only 3 in 100 lost all signs of frailty.

International guidelines name exercise that includes strength training as the first treatment, with extra protein or calories if you are losing weight or not getting enough nourishment.

You can ask what strength exercise is open to you, and when your frailty will be looked at again.",799,G043.png,"Ten by ten array of 100 person icons: 14 teal with up arrows are less frail, 57 grey are the same, 29 orange with down arrows are more frail, about 4 years later on average. Pooled from 16 studies of 42,775 people living at home. Improvement among frail people was mostly to prefrail.",Sources: https://doi.org/10.1016/j.arr.2019.01.010 | https://doi.org/10.1001/archinte.166.4.418 | https://doi.org/10.1007/s12603-019-1273-z
G044,C05,practitioners,Teaching round,"Two people can both score 6 on the Clinical Frailty Scale for different reasons.

The scale counts the help a person needs, from any cause. Its developers say level 6 can describe two different people. One has moderate dementia and can wash and dress only with prompting. The other thinks clearly but needs a person standing by because of a physical disability.

For people with dementia, the guidance says the frailty level generally follows the stage of dementia.

The score is a clinical judgement and the start of a care plan. We should write the reason next to it: ""CFS 6 (moderate dementia; walks independently)"".",619,G044.png,"Two drawn scenes, both scoring CFS 6. On the left an older man with moderate dementia walks on his own while a carer helps with dressing. On the right a woman with intact thinking sits on a shower stool, a walking frame beside her, with a support worker standing by. Write the reason next to the number.","Source: Rockwood and Theou, Can Geriatr J 2020 https://doi.org/10.5770/cgj.23.463"
G045,C05,public,Ask this,"""CFS 6"" in a hospital letter means the Clinical Frailty Scale, which runs from 1 (very fit) to 9 (terminally ill).

Levels 1 to 3 are fit or managing well. Level 4 is very mild frailty: you are slowed down, but need no help from others day to day.

Levels 5 to 8 describe increasing need for help. At 5, help with things like money, transport or heavy housework. At 6, help outside the home, with housework and bathing. At 7, complete help with personal care; 8 is the same, near the end of life. Level 9, called terminally ill, is for people expected to live less than about 6 months. They are not otherwise severely frail, and many are still active.

The score should describe your usual self, such as two weeks before this illness. Level 9 is the exception, based on the current illness. Doctors use it as one input to plan care, so you can ask what yours was based on.",872,G045_1.png | G045_2.png,"Ladder of Clinical Frailty Scale levels in plain words: 1 to 3 fit or managing well; 4 slowed down; 5 help with money, transport, heavy housework; 6 help outside the home and bathing; 7 all personal care; 8 as 7, near end of life; 9 under about 6 months. Ask what the score was based on. || Three questions to ask about a frailty score: what was it based on, does it describe me before this illness, and what is it being used for. A drawn older Black woman and her adult son sit at a kitchen table with a paper between them.","Source: Rockwood and Theou, Can Geriatr J 2020 https://doi.org/10.5770/cgj.23.463"
G046,C05,public,Care that works,"Difficulty with everyday tasks can come from two places: what your body can do, and how your home is set up.

A Baltimore trial included 300 older people on low incomes. Half were offered up to 10 home visits from an occupational therapist, a nurse and a handyperson. The visits worked on goals each person chose. The rest had social visits. At 5 months the first group reported less difficulty with basic daily tasks, on an overall score. The tasks included washing, dressing and using the toilet. About 8 in 10 of those who answered said it made life easier a great deal, against 4 in 10 of those given social visits.

Household tasks did not clearly improve. By 12 months the difference was no longer clear. A 2025 trial of the same programme after hospital did not clearly improve basic daily tasks.

If tasks are getting harder, ask whether someone can look at both you and your home.",889,G046.png,"Drawn living room and staircase. An older Black woman with a walking stick talks with an occupational therapist; a nurse sits at a table; a handyperson kneels at the stair rail. Numbered pins match a key: therapist up to 6 visits, nurse up to 4, handyperson repairs, the person's own goal. US trial of 300 people: less daily difficulty at 5 months, not clear at 12.",Sources: https://doi.org/10.1001/jamainternmed.2018.6026 | https://doi.org/10.1111/jgs.70116
G047,C05,practitioners,Reading the evidence,"Comprehensive geriatric assessment (CGA) has good evidence of modest benefit in hospital. For frail people living at home, the trials found little or no difference in deaths or care home moves.

In a Cochrane review of 29 hospital trials, about 60 in 100 were alive and at home 3 to 12 months later with CGA, against 56 in 100 without. About 15 in 100 had moved into a care home, against 19. Deaths were 23 in 100 in both groups, and need for help with daily tasks barely differed.

In 21 studies of frail people living at home, unplanned hospital admissions may be lower, but the evidence is low certainty.

In these reviews CGA means a team assessment followed by a coordinated plan that is followed up. Judgement: a service using the name should be able to show both.",770,G047_1.png | G047_2.png,"Paired bars per 100 people from a Cochrane review of hospital specialist assessment, with versus without. Alive and at home: about 60 versus about 56. Moved into a care home: about 15 versus about 19. Died: 23 versus 23. Teal solid bars are with, hatched grey are without. || Statement card on Cochrane evidence from 21 studies of frail older people at home: little or no difference in deaths or care home moves; may reduce unplanned admissions, low certainty. What was tested: team assessment, a coordinated plan, and follow-up.",Sources: https://doi.org/10.1002/14651858.CD006211.pub3 | https://doi.org/10.1002/14651858.CD012705.pub2 | https://doi.org/10.1136/bmj.d6553
G048,C05,practitioners,Reading the evidence,"Before applying any study ""in frail older people"", check which tool decided who was frail.

Researchers applied 35 published frailty tools to the same 5,377 people aged 60 and over in England (data from 2004 to 2005). Among the 29 tools with a published cut-off, the share called frail ranged from about 1 in 100 to about 7 in 10, depending only on the tool.

The tools also disagreed about which individuals were frail. For almost 9 in 10 pairs of tools, agreement was moderate at best. In the authors' worked example, if 20 in 100 people were truly frail, the worst pairs of tools would label about 3 in 10 people differently.

The authors concluded that most tools can't be swapped for one another. Some tools were rebuilt from the study's data, so they approximate the originals.

Before applying a study to the person in front of you, check which tool and cut-off it used.",877,G048.png,"Question card. In the same 5,377 people aged 60+ in England, the share called frail across 29 frailty tools with a published cut-off ranged from about 1 in 100 to about 7 in 10. Most tool pairs agreed only weakly to moderately. Three questions: which tool, which cut-off, and were the people studied identified like the person in front of you.",Sources: https://doi.org/10.1093/aje/kwx061 | https://doi.org/10.1111/j.1532-5415.2012.04054.x | https://doi.org/10.1093/ageing/afaa219
G049,C06,practitioners,Teaching round,"Ankle swelling that starts after amlodipine can be a side effect of amlodipine. The first step is to review that drug, before adding another.

A prescribing cascade is when a side effect of one medicine is mistaken for a new illness, and a second medicine is started to treat it.

In Ontario, among people aged 66 or over with high blood pressure, about 14 in 1,000 started on a calcium channel blocker were given a loop diuretic within 3 months. After other blood pressure tablets the figure was about 7 in 1,000. The pattern was still there a year on.

These are dispensing data: they show who got a diuretic, not why. The gap of about 7 per 1,000 is small per person and large across a population.

A UK narrative review (Drugs & Aging, 2020) judged switching the best approach, with a loop diuretic justified only when other options fail. That is expert opinion, not a trial result.

The options are a lower dose, a different blood pressure drug, or asking whether the drug is still needed.",994,G049.png,"Diagram of a prescribing cascade. A calcium channel blocker such as amlodipine is started, ankle swelling follows as a known side effect, and a loop diuretic is added. A dashed box shows an illustrative further drug. Advice: review the first drug. In Ontario, people 66+ given a diuretic within 3 months: 14 per 1,000 after a calcium channel blocker, 7 per 1,000 after an ACE inhibitor or ARB.",Sources: Savage 2020 https://doi.org/10.1001/jamainternmed.2019.7087 ; Makani (J Hypertens) 2011 https://doi.org/10.1097/HJH.0b013e3283472643 ; Makani (Am J Med) 2011 https://doi.org/10.1016/j.amjmed.2010.08.007 ; Woodford 2020 https://doi.org/10.1007/s40266-019-00730-4 ; Growdon 2025 https://doi.org/10.1001/jamanetworkopen.2025.45274
G050,C06,both,Reading the evidence,"In a medicine leaflet, 'common' means between 1 in 100 and 1 in 10 people. At most 10 in 100, and often fewer.

Readers tend to guess far higher. A UK study gave 120 people taking a statin a statement about constipation. Those told it was 'common' guessed on average that 34 in 100 people would get it. The figure used in the study was 2.5 in 100.

People given the number instead guessed about 8 in 100: still too high, but much closer.

This was a small study of first impressions, not of what people did next. Many leaflets now print a number beside the word.

If yours gives only the word: 'uncommon' means up to 1 in 100, 'rare' up to 1 in 1,000.",651,G050.png,"Bar chart on a scale of people in 100. Told a side effect was 'common', statin users guessed 34 in 100 on average. Told the number, they guessed 8 in 100. The figure used in the study was 2.5 in 100. Below, the five leaflet frequency words with their ranges, from very common to very rare. Source: Knapp 2004, 120 statin users in Leeds.",Sources: Knapp 2004 https://doi.org/10.1136/qhc.13.3.176 ; Büchter 2014 https://doi.org/10.1186/1472-6947-14-76 ; Berry 2003 https://doi.org/10.2165/00002018-200326010-00001
G051,C06,public,What gets counted,"A medication review can happen without you in the room.

In 2017, researchers interviewed 23 GPs and pharmacists in England and Scotland. They said most reviews were done from the notes, without the patient, because of workload. Several called it a 'tick box' exercise, meaning it was done to be recorded as done. They also said people who are frail and take many medicines should be prioritised for a review with the patient, but time pressure got in the way.

The same professionals said carrying on a medicine was easier than stopping it, because stopping needs a conversation, and that takes time.

This was a small interview study. It did not count how often this happens, and patients were not asked. Since 2020, England has offered 'structured medication reviews' to some people. A survey of pharmacists who do them, answered by those who chose to reply, found most were by phone. A phone call still involves the person.

We think a review of your medicines should include you. You can ask your practice for one that does.",1029,G051.png,"Three-panel illustrative comic. A GP at her desk beside a stack of repeat prescription requests, then an older man at his kitchen table with a pill organiser and phone wondering if his review included him, then the two talking over his medicine boxes. Study note: in 2017, 23 GPs and pharmacists said most reviews were done without the patient. Small study.",Sources: Duncan 2019 https://doi.org/10.3399/bjgp19X701321 ; Agwunobi 2025 https://doi.org/10.1136/bmjopen-2024-097012
G052,C06,both,"Small detail, real effect","A used fentanyl patch (a strong painkiller) still holds a substantial amount of medicine after it has been worn for its full time. Enough to seriously harm a child or a pet.

Three habits for strong painkiller patches (fentanyl or buprenorphine).

Take the old patch off before the new one goes on. One Swedish region's incident reports included 13 reports of too high a dose. In 7, an old patch had been left in place. Most reports were of patches put on by health staff. Write down where and when each patch went on.

Keep heat off the patch: hot water bottles, heat pads, electric blankets. In a small volunteer study (10 people), heating a new fentanyl patch for its first 4 hours gave blood levels almost 3 times higher over those hours.

Fold used patches sticky sides together and dispose of them as the pharmacist advises.

Unusual sleepiness or slow, shallow breathing needs urgent help.",896,G052.png,"Drawn bedroom scene: an older woman and man sit on the edge of a bed, he holding a notepad. Numbered markers point to the arm, the bed covers and a medicine bag on a high shelf. Three checks for a strong pain patch: take the old one off first, no heat over it, fold used patches sticky sides together. A used patch can still harm a child or pet.",Sources: Marquardt 1995 https://doi.org/10.1177/106002809502901001 ; Hilado 2020 https://doi.org/10.7759/cureus.6755 ; Lövborg 2014 https://doi.org/10.1186/2050-6511-15-31 ; Ashburn 2003 https://doi.org/10.1016/s1526-5900(03)00618-7
G053,C06,practitioners,Reading the evidence,"A European trial's medicines review flagged a possible change for 86 in 100 of the older people it reviewed. Two months later, the reviewed group's medicines looked much like the control group's.

OPERAM: 2,008 people aged 70 or over in hospital, each on 5 or more regular medicines, were assigned by ward to a medicines review or usual care. In the review group, a doctor and a pharmacist used STOPP/START software.

At least one change was made for about 6 in 10 of those with a recommendation. At 2 months, about 42 in 100 in each group were on a medicine judged overused. Over a year, about 22 in 100 in each group were readmitted because of a medicine. No clear difference at either step.

Check such trials in order: found, recommended, acted on, kept, outcome changed. At each step, ask whether the reviewed group differed from the control group.",853,G053.png,Chain diagram of the OPERAM medicines review trial. Within the reviewed group: 86 in 100 had a recommendation; about 6 in 10 of those had at least one change by 2 months. Compared with control: about 42 in 100 on an overused medicine in each group; about 22 in 100 readmitted for a medicine within a year in each group. No clear difference in readmission; quality of life about 2 points higher.,"Sources: OPERAM, Blum 2021 https://doi.org/10.1136/bmj.n1585 ; Cochrane, Cole 2023 https://doi.org/10.1002/14651858.CD008165.pub5"
G054,C06,practitioners,Reading the evidence,"Doctors discharging older people were asked to predict, for each patient, whether a medicines problem would need healthcare in the next 8 weeks (a hospital readmission or community healthcare).

Their predictions showed no clear link with who did.

The study followed 1,116 people aged 65 or over (average age 82) leaving the medical wards of five teaching hospitals in southern England. 37 in 100 had some harm from medicines within 8 weeks, mostly side effects such as falls, bleeding, diarrhoea or constipation. For 4 in 10 of them the link was rated only 'possible'. About 8 in 100 of everyone were readmitted because of it.

Most predictions came from junior doctors, who write most discharges. Doctors did better when they felt confident.

Whether routine follow-up prevents harm is not yet settled. We think medicines follow-up after discharge should not depend on a hunch.",880,G054.png,"Icon array of 100 people, 37 hatched orange for harm from medicines within 8 weeks of leaving hospital and 63 grey for none recorded. Cohort: 1,116 people aged 65 or over, five English hospitals. About 29 in 100 needed NHS care, about 8 in 100 were readmitted. Doctors' predictions at discharge showed no clear link with who was harmed.",Sources: Parekh 2018 (incidence) https://doi.org/10.1111/bcp.13613 ; Parekh 2018 (prediction) https://doi.org/10.1111/bcp.13690
G055,C06,public,Ask this,"When people are admitted to hospital, their list of medicines often has something missing. In an older review of 22 studies, between 1 in 10 and 6 in 10 patients had at least one regular medicine left off.

A list built from the boxes at home will miss the six-monthly bone injection. Some bone treatments, such as denosumab, are an injection given once every 6 months, so there is usually no box of it at home. Tell the hospital team about it.

Also tell them about anything given or supplied by a hospital clinic, and anything you buy yourself, including vitamins and herbal remedies. In one small English survey (155 people replied, about 4 in 10 of those asked), about 1 in 3 older people on prescribed medicines also took a supplement or herbal remedy. Some combinations could interact. A review of studies found the one most often reported was a possible raised bleeding risk. That was with ginkgo, garlic or ginseng taken with aspirin or warfarin.

Then add eye drops, inhalers, patches and creams.",1005,G055.png,"Checklist titled medicines that are not in the boxes at home: injections every few months such as 6-monthly denosumab, anything supplied by a hospital clinic, anything you buy such as vitamins and herbal remedies, then eye drops, inhalers, patches and creams. About 1 in 3 older people in one small English survey also took a supplement or herbal remedy.",Sources: Tam 2005 https://doi.org/10.1503/cmaj.045311 ; Agbabiaka 2018 https://doi.org/10.3399/bjgp18X699101 ; Agbabiaka 2017 (review) https://doi.org/10.1007/s40266-017-0501-7 ; Cummings 2009 https://doi.org/10.1056/NEJMoa0809493 ; Shah and Barnett 2015 https://doi.org/10.1002/psb.1415
G056,C06,both,Weighing it up,"For a frail older person taking insulin or a diabetes tablet such as gliclazide, a low HbA1c can be a sign of more treatment than they need.

HbA1c is a blood test of average blood sugar over recent months. It does not show whether low blood sugars are happening.

A study in 16 Norfolk GP practices found that about 3 in 10 people aged 70 or over with type 2 diabetes on these drugs had an HbA1c below 53 mmol/mol, a low result. It was just as common in people with kidney disease or dementia, who are more prone to low blood sugars. The study did not record frailty.

Low blood sugars are linked with falls and fractures in older people, though the link does not show cause.

UK specialists say the usual targets are too tight in frailty. Tighter control is linked with fewer blood vessel complications, so this is a balance.

A question to ask: have there been any low blood sugars, and is this dose still needed? Doses are for the diabetes team or GP to change, not for you to change alone.",994,G056.png,"Dark question card: a low HbA1c on insulin or gliclazide, ask two questions. Have there been any low blood sugars? Is this dose still needed? A schematic line graph, not measured data, shows blood sugar dipping below a dotted average line. HbA1c shows the average, not low sugars. In Norfolk about 3 in 10 people aged 70+ on these drugs had HbA1c below 53.",Sources: Hambling 2017 https://doi.org/10.1111/dme.13380 ; Lipska 2015 https://doi.org/10.1001/jamainternmed.2014.7345 ; Strain 2018 https://doi.org/10.1111/dme.13644 ; Farrell 2017 https://pubmed.ncbi.nlm.nih.gov/29138153/ ; Mattishent 2021 https://doi.org/10.3389/fendo.2021.571568 ; Munshi 2011 https://doi.org/10.1001/archinternmed.2010.539 ; Crabtree 2022 https://doi.org/10.1080/17446651.2022.2079495
G057,C06,public,Ask this,"Parkinson's medicine times are set for each person, and hospital drug rounds often miss them.

One recent English hospital audit (a check of its own practice), citing NICE standards, used this standard: each dose given within 30 minutes of the person's own prescribed time.

In a Dublin hospital study, 52 in 100 Parkinson's doses were given more than 30 minutes late. In a US hospital system, a dose of levodopa, a Parkinson's medicine, was missed on about 1 hospital day in 5 (days where the home timing was known).

Missed doses have been linked with longer hospital stays. That link does not show that the missed doses caused them.

If someone you care for is admitted, ask three things. Can doses be given at their own times? Can they keep taking their own supply? If they can't swallow, or are told not to eat, what is the plan for their Parkinson's medicines?",866,G057.png,"Drawn hospital bay: an older man sits in a chair with his own pill organiser and walking frame in front of him, while his daughter holding a folder and a nurse stand by. Three questions: can doses be given at their own times, can they keep their own supply, and what is the plan if they can't swallow. A Dublin study found 52 in 100 doses over 30 minutes late.",Sources: Richard 2022 https://doi.org/10.1002/mdc3.13408 ; Yu 2023 https://doi.org/10.1016/j.parkreldis.2023.105491 ; Lertxundi 2017 https://doi.org/10.1016/j.parkreldis.2016.12.028 ; Omer 2025 https://doi.org/10.7759/cureus.97619 ; Delf and Wright 2026 https://doi.org/10.1155/padi/8428752
G058,C06,public,"Small detail, real effect","Before you buy ibuprofen or naproxen, ask a pharmacist if you take a water tablet, or a blood pressure tablet such as ramipril or losartan. Take extra care if you take both.

Two UK studies looked at this, one of them in Scotland. Both link an anti-inflammatory painkiller taken with both a water tablet and a blood pressure tablet such as ramipril or losartan to sudden kidney injury. Only the Scottish study also found extra risk when just one of the two was taken. In that study, more people were affected when all three were taken together. One study found the risk greatest in the first month; the other, in people over 75 and in people with weaker kidneys.

In the Scottish study, for every 158 people taking an anti-inflammatory for a year (regular use, not a few days) alongside both medicines, about 1 extra had a kidney injury on blood tests. With only one of the two, the extra risk was lower, but still there.

Hospital admission for kidney injury was uncommon. Both studies looked at prescribed painkillers, and they show a link, not proof of cause.

If you take either kind of tablet, tell the pharmacist before you buy a painkiller, and ask which one suits you.",1176,G058_1.png | G058_2.png,"Three tablets, a water tablet, a blood pressure tablet such as ramipril or losartan, and an anti-inflammatory painkiller such as ibuprofen, point by arrows to a drawn kidney. Ask a pharmacist first. The combination is linked with sudden kidney injury, with larger absolute risk when all three are taken together. || Icon array of 158 people with 1 highlighted: about 1 extra kidney injury per 158 people on all three medicines for a year. With only one of the two other medicines: fewer than 1 extra in 300 per year. Blood-test kidney injury in Tayside; a link, not proof of cause.",Sources: Lapi 2013 https://doi.org/10.1136/bmj.e8525 ; Dreischulte 2015 https://doi.org/10.1038/ki.2015.101
G059,C06,practitioners,Care that works,"Targeted high-risk prescribing of anti-inflammatory painkillers and antiplatelet drugs fell from about 37 to 22 per 1,000 patients at risk across 33 Tayside general practices. A year after the payments stopped it was about 20 (a post hoc check).

The programme had three parts: training, a computer search listing each practice's patients on 9 specific risky combinations, and payment to review each one. Examples: an anti-inflammatory in someone with kidney disease or heart failure; aspirin with a blood thinner and no stomach protection.

A review meant a decision, which could be to continue, with the reason recorded.

Admissions for stomach bleeding fell from about 56 to 37 per 10,000 a year, and heart failure admissions fell too. Kidney injury admissions showed no clear difference. These were secondary, before-and-during comparisons.

A 2025 UK trial of broad reviews for people on five or more medicines found no difference in potentially inappropriate prescribing at 6 months. Its aims differed.

We think a short list of named risks, with the patients listed, may be a better target than a general call to review everything.",1138,G059.png,"Bar chart of high-risk anti-inflammatory and antiplatelet prescribing in 33 Tayside practices, per 1,000 patients at risk: 37 before, 22 at the end of the programme, 20 a year after payments stopped (hatched, post hoc check). The programme gave training, a patient list and paid review time.",Sources: Dreischulte 2016 https://doi.org/10.1056/NEJMsa1508955 ; process evaluation https://doi.org/10.1186/s13012-016-0531-2 ; IMPPP 2025 https://doi.org/10.1016/j.lanhl.2025.100774
G060,C06,both,"Small detail, real effect","About 1 in 7 older people living at home say they have difficulty swallowing their medicines, according to a small review of five studies. In a German GP survey of adults of all ages, doctors had not recognised 7 in 10 of those with any difficulty. More than half of those affected had already altered their tablets themselves.

Crushing can change how a medicine works. A slow-release tablet (often marked MR, SR or XL) releases its dose gradually; crushed, it can release the whole dose at once. A tablet coated against stomach acid can stop working properly if crushed.

Many tablets can be halved safely; slow-release ones should not be split.

Before crushing anything, ask a pharmacist. There may be a liquid, a dispersible tablet (one that dissolves in water) or a different medicine. Hiding medicine in food without the person's knowledge is different and needs a formal decision.",888,G060.png,"Drawn kitchen table: an older woman holds a glass of water by a pill organiser and phone while an older man holds a tablet crusher. Numbered markers point to the glass, crusher, tablets and phone. Before crushing: ask how tablets go down, crushing can change a medicine, don't crush slow-release tablets, ask a pharmacist first. Hiding medicine in food needs a formal decision.",Sources: Mc Gillicuddy 2016 https://doi.org/10.1007/s00228-015-1979-8 ; Schiele 2013 https://doi.org/10.1007/s00228-012-1417-0 ; Mc Gillicuddy 2019 https://doi.org/10.1016/j.sapharm.2019.01.004 ; Serrano Santos 2016 https://doi.org/10.1016/j.ijpharm.2016.02.036 ; Prescrire 2014 https://pubmed.ncbi.nlm.nih.gov/25325120/ ; Saran 2022 https://doi.org/10.3399/BJGPO.2022.0001 ; Majkic 2025 https://doi.org/10.1192/bjb.2025.28
G061,C07,public,Ask this,"Near the end of life, an implanted defibrillator (ICD) can keep giving shocks. You can ask for the shocks to be switched off.

A Swedish hospital read the devices of 125 people after they died. 31 in 100 had been shocked in their last 24 hours. This was one hospital, so the figure may not apply to everyone with an ICD.

A do-not-resuscitate decision does not switch the shocks off. That needs a separate step by the heart rhythm team.

Switching off the shocks needs no operation. It is painless and can be reversed, and pacing (the part that stops the heart going too slowly) keeps working. It does not cause death by itself. It means a dangerous rhythm near the end of life will not be shocked.

UK heart rhythm guidance (2024) says people with an ICD should have the chance to talk about switching off the shocks as the end of life gets closer. You can raise it with your cardiology or device clinic team long before it is needed.",935,G061.png,"Drawn clinic room: an older woman in a cardigan sits calmly beside her adult son while a cardiac physiologist, seated facing her, holds a small round programming wand near her chest, over her clothes. Numbered pins 1 to 4 mark the wand, her face, a heart outline and a paper on the desk. The four numbered points below say what switching off shocks involves.",Sources: https://doi.org/10.1161/CIRCULATIONAHA.113.002648 https://doi.org/10.1093/ehjqcco/qcag038 https://doi.org/10.1503/cmaj.210327 https://doi.org/10.1093/ageing/afae246
G062,C07,both,Care that works,"A DNACPR decision is about CPR only. DNACPR means 'do not attempt cardiopulmonary resuscitation': a decision not to try to restart the heart if it stops.

In UK guidance, every other treatment and all care should still be offered on its merits. A national review of NHS practice found the decision was often treated as if it meant 'do not provide active treatment'.

In a UK scenario study, 231 nurses were given the same written case of a patient who was getting worse. They were randomly given a DNACPR form, a form that made the CPR decision part of a wider treatment plan, or no form. With the DNACPR form, they planned fewer checks, calls for help and treatments. With the wider plan, they planned the same care as with no form. This tested what nurses said they would do, not real care.

If someone you care for has a DNACPR decision, ask the team: what will still be done?",879,G062.png,"Two-column card. A narrow left column headed Not recommended shows a crossed circle beside CPR. A wider right column headed Still offered on its merits lists seven items with tick icons: regular checks, calls for senior help if unwell, pain and symptom relief, food and drink, other treatments, rehabilitation, company. Banner: Ask what will still be done.",Sources: https://doi.org/10.3310/hsdr04110 https://doi.org/10.1111/jep.12559 https://doi.org/10.1371/journal.pone.0070977 https://doi.org/10.1016/j.resuscitation.2022.06.020
G063,C07,both,What gets counted,"Staying alive without dementia or lasting disability was the main outcome in a trial of daily aspirin. The trial, ASPREE, gave aspirin or a dummy tablet to 19,114 healthy people aged 70 and over in Australia and the USA.

Lasting disability meant being unable, or finding it very hard, to wash, dress, use the toilet or walk for at least 6 months.

Aspirin did not improve that outcome. Each year, about 21 in every 1000 people in each group died, developed dementia or developed lasting disability. Following people for almost 10 years in total showed the same.

Serious bleeding was more common on aspirin. Over the 5 years or so of the trial, it happened to about 4 in 100 people on aspirin and 3 in 100 on dummy tablets.

This trial was about people who had never had a heart attack or stroke. If you take aspirin after one, keep taking it unless your doctor advises otherwise.",881,G063.png,"Two bar pairs from the ASPREE trial. Lost disability-free survival per 1000 people a year: aspirin 21.5, dummy tablet 21.2, no clear difference. Serious bleeding over a median 4.7 years per 100 people: aspirin 3.8, dummy tablet 2.8, more bleeding on aspirin. Note: keep taking aspirin after a heart attack or stroke unless your doctor advises otherwise.",Sources: https://doi.org/10.1056/NEJMoa1800722 https://doi.org/10.1056/NEJMoa1805819 https://doi.org/10.1016/j.lanhl.2025.100764 https://doi.org/10.1016/S0140-6736(09)60503-1
G064,C07,both,Who gets left out,"Stroke symptoms at 85 need the same immediate 999 call as stroke symptoms at 55.

The IST-3 authors reported that earlier trials of the clot-busting drug alteplase had included only 79 people over 80. IST-3 then enrolled 3035 people, and 1617 of them (53 in 100) were over 80.

When the results of 9 trials were pooled, 1729 people were over 80. About 18 in 100 given the drug were left with little or no disability 3 to 6 months later, against 13 in 100 without it.

The risk is real. Across all ages, about 3 in 100 treated people had a fatal brain bleed within a week, against fewer than 1 in 100 untreated.

Treatment depends on how long ago the stroke started, on a brain scan and on other checks, not on age alone. The sooner it is given, the more it helps. So call 999 straight away, whatever the person's age.",817,G064.png,"Flow of five boxes: stroke symptoms at any age, call 999 straight away, brain scan to rule out bleeding, team checks time since onset and other criteria, clot-busting treatment if suitable within 4.5 hours. Below, two equal boxes: over 80, about 18 in 100 treated vs about 13 in 100 not treated had no significant disability; and the bleeding risk, about 3 in 100 vs under 1 in 100.",Sources: https://doi.org/10.1016/S0140-6736(14)60584-5 https://doi.org/10.1016/S0140-6736(12)60768-5 https://doi.org/10.1177/2396987321989865
G065,C07,both,Care that works,"Before cancer treatment at 70 or over, a check of daily function, falls, memory, mood, nutrition, medicines and support at home can change the plan. It is called a geriatric assessment.

A US trial included 718 people aged 70 and over. They had cancer that could not be cured and were starting a new treatment with a high risk of side effects. Each had at least one problem found on the assessment. Some cancer teams were given each person's assessment, with advice on each problem found. Over 3 months, serious side effects happened to about 51 in 100 of their patients, against 71 in 100 with usual care.

Those teams more often started at a lower dose, and fewer people fell over the 3 months (12 in 100 against 21 in 100). Survival was similar at 6 months and 1 year, though the trial was not designed to test that.

US cancer guidance recommends this assessment for everyone over 65 with cancer. UK specialists reported in 2024 that only a small proportion of patients can get this from a specialist team. You can ask the cancer team whether it is possible.",1062,G065_1.png | G065_2.png | G065_3.png,"Checklist of seven things a geriatric assessment covers before cancer treatment at 70+: daily function, falls, memory, mood, nutrition, medicines, support at home. || Bars from a US trial of 718 people aged 70+ with incurable cancer. Serious side effects over 3 months: about 51 in 100 with assessment vs 71 in 100 usual care. Falls: about 12 vs 21 in 100. Survival was similar; the trial was not designed to test it. || Text card on dark teal: ask the cancer team if an assessment is possible. A second US trial of 605 people found serious side effects 51 vs 61 in 100, with no clear difference in admissions or survival. UK specialists report few patients can get it.",Sources: https://doi.org/10.1016/S0140-6736(21)01789-X https://doi.org/10.1001/jamaoncol.2021.4158 https://doi.org/10.1200/JCO.23.00933 https://doi.org/10.1016/j.jgo.2024.102133
G066,C07,public,Ask this,"Some cancer researchers count a one-hour blood test as a whole day. They call these contact days: any day you have to go somewhere for health care.

In six US trials in advanced prostate, lung and pancreatic cancer, people aged 65 and over had health care contact on nearly 1 day in 5 of the time they were followed. That was about the first year after joining.

The count leaves out the family member who drives, waits and sits with you.

Time spent in treatment is only part of the decision. One trial tested a drug for advanced bowel cancer (median age 63). The middle person given the drug had 28 contact days, against 10 given supportive care alone (care to control symptoms, without the drug). Days at home, counted over the rest of their lives, did not differ clearly overall (140 against 121).

One group did differ. People whose tumours had no KRAS mutation (a gene change in the tumour) had more contact days on the drug: the middle person had 41, against 10. They also had more days at home: 186 against 132. This group is the one the drug helps most, and it was picked out after the trial.

Before agreeing to a treatment, you can ask: how many days will this take, and what might I gain from it?",1208,G066.png,"Drawn waiting area: an older man in a jumper sits with a coat folded on his lap beside his adult daughter, who holds a cup; a paper bag rests at her feet and an older woman with a wheeled frame waits beyond. Headline: nearly 1 day in 5 in contact with health care in the first year after joining a cancer trial. Question below about days and what treatment might give back.",Sources: https://doi.org/10.1001/jamanetworkopen.2025.0778 https://doi.org/10.1200/OP.22.00737 https://doi.org/10.1007/s00520-024-08844-1
G067,C07,practitioners,Teaching round,"By about 75, the QRISK2 calculator puts almost everyone above the 10% statin line, even people with ideal numbers.

In a 2017 analysis with QRISK2, a never-smoker of healthy weight with systolic 110 and a good cholesterol ratio crossed 10% between 60 and 70 (men) or 65 and 75 (women). In an English survey sample aged 75 to 84 without heart disease, every one was above it.

In 2.9 million UK records, QRISK3 was poor at separating who would have an event at 65 and over, and it overestimated risk.

STAREE (NEJM, August 2026) studied 9971 Australians aged 70+ with no heart disease, diabetes or dementia. Over 6 years a statin cut major cardiovascular events from about 8 to 6 in 100, but did not clearly change staying alive without dementia or disability. Serious side effects were similar (2.7 in 100 in each group). Muscle, liver and diabetes-related problems were more common on the statin; the abstract does not say how many.

So after 75, treat a result above 10% as a reason to discuss statins with the person. The decision rests on what they want to prevent, time to benefit, other illnesses, frailty and preference.",1127,G067.png,"Age ruler from 50 to 85 (QRISK2, ideal risk factors): men cross 10% between 60 and 70, women between 65 and 75. Below, STAREE trial bars, 9971 people aged 70+, about 6 years: major cardiovascular events statin 6 vs dummy tablet 8 in 100; lost disability-free survival 13 vs 14 in 100. Crude figures; then weigh preferences, time to benefit and frailty.",Sources: https://doi.org/10.3399/bjgp17X692141 https://doi.org/10.1016/S2666-7568(21)00088-X https://doi.org/10.1056/NEJMoa2607314 https://doi.org/10.1001/jamainternmed.2020.6084
G068,C07,practitioners,Reading the evidence,"In an older person, blood pressure treatment should take account of the standing reading, falls, symptoms and the person's goals, alongside the target number.

SPRINT, the trial behind US and European targets, included 2636 participants aged 75 and over. They were aiming for a systolic below 120 rather than 140 (average reached 123 against 135). Cardiovascular events were fewer on the lower target (about 2.6 vs 3.9 in 100 a year). Serious adverse events were similar (about 48 in 100 in each group). Kidney function fell more often on the lower target in people whose kidneys were working normally at the start. About 3 in 10 were classed as frail, and benefit looked similar in them in an exploratory analysis.

It did not enrol people in care homes, with dementia, diabetes or previous stroke, expected to live under 3 years, or whose systolic fell below 110 after a minute standing. Its readings were unattended automated averages; routine clinic readings ran about 5 to 7 mmHg higher.

UK guidance: measure standing pressure at 80 and over, in type 2 diabetes and with postural dizziness, and judge treatment on the standing reading if systolic falls by more than 20.

Over-75s well enough to join the trial gained from treatment. For people it left out, the trial does not show the right target, so the standing reading, falls and the person's goals should guide treatment.",1382,G068.png,"Checklist card on blood pressure after 75 with six tick boxes: was the person in the trial population, standing reading, a fall on standing, previous injurious falls, which reading was used, and what the person wants. Intro: SPRINT showed about 2.6 vs 3.9 cardiovascular events in 100 a year in over-75s well enough to join.",Sources: https://doi.org/10.1001/jama.2016.7050 https://doi.org/10.1001/jamainternmed.2020.5028 https://doi.org/10.3399/bjgp20X708053 https://doi.org/10.1001/jama.2023.18497
G069,C07,public,Weighing it up,"NICE, the body that advises the NHS in England, says people whose kidneys are likely to fail should be offered a choice: dialysis (a treatment that cleans the blood), a transplant, or conservative kidney care. The decision should be made together with them.

Conservative kidney care is planned, active care without dialysis. The kidney team treats symptoms, tries to protect the kidney function that is left, and helps with planning ahead.

No trial has compared the two by choosing at random who gets which. One US study looked at what happened to about 20,000 veterans aged 65 and over, nearly all men. It was set up to copy a trial as closely as it could.

Against carrying on with usual medical care, starting dialysis as soon as kidney function fell very low was linked with little clear difference in survival over 3 years. It was also linked with about 2 weeks fewer days at home over those 3 years. Days at home means days not spent in hospital or a care home.

Against people who never had dialysis, starting it was linked with about 11 weeks longer survival, still with about 2 weeks fewer days at home. Usual medical care in this study was not a planned conservative care programme.

Questions for the kidney team: what would each option mean for time at home, travel, hospital visits and symptoms? What would conservative care involve here?",1353,G069.png,"Two equal boxes side by side: Dialysis, regular sessions to clean the blood; and Conservative kidney care, active care without dialysis. Below, an observational finding in older US veterans about survival and days at home, and a closing prompt to ask about time at home, travel, hospital visits and symptoms.",Sources: https://doi.org/10.1186/s12882-021-02461-4 https://doi.org/10.7326/M23-3028
G070,C07,public,Ask this,"What will a normal day look like three months after a major operation?

It is a fair question to put to a surgical team. A US study published in 2004 followed 372 people aged 60 and over (average age 69) after planned major abdominal operations. Getting back to usual washing and dressing took about 3 months on average. Household tasks and getting out took about 6. At 6 months, about 1 in 10 had not recovered their basic daily activities.

In another US study, 226 seriously ill people aged 60 and over were asked what they would choose if the alternative to a treatment was dying of their illness. About 3 in 4 said they would not choose one that left them with severe physical disability.

UK consent law asks doctors to tell you about risks a reasonable person in your position would think significant. We should treat not getting back to washing, dressing or living at home as such a risk.

You can also ask: what is the best case, the worst case and the most likely?",974,G070.png,"Question card with three numbered questions to ask before a major operation: what a normal day looks like at three months; best, worst and most likely case; alternatives and what each means for daily life. Evidence panel: US study of 372 people aged 60+, washing and dressing recovered in about 3 months, household tasks about 6.","Sources: https://doi.org/10.1016/j.jamcollsurg.2004.05.280 https://doi.org/10.1056/NEJMsa012528 (quoting the Montgomery judgment, Montgomery v Lanarkshire Health Board [2015] UKSC 11) https://doi.org/10.1186/s12884-021-03574-2"
G071,C07,practitioners,Teaching round,"In US interviews, older people were generally open to stopping cancer screening. Many disliked one way of explaining it and preferred another.

In interviews with 40 adults aged 65 and over, people were generally open to stopping, especially if they trusted their clinician. Many found 'you may not live long enough to benefit from this test' unnecessarily harsh. They preferred 'this test would not help you live longer'.

In a US survey of 881 people aged 65 and over, ranking explanations in a hypothetical scenario, the explanation liked most was 'your other health issues should take priority'. Least liked: no explanation at all. Explanations mentioning life expectancy ranked low.

People were divided on whether life expectancy should come up at all. We should lead with benefit, harm and the person's other priorities, and offer prognosis to those who want it.",869,G071.png,"Three-panel illustration of a doctor facing an older man in a consulting room, each with a speech bubble of wording tested in US research: you may not live long enough to benefit (many found harsh); this test would not help you live longer (preferred by many); your other health issues should take priority (most preferred in a survey of 881).",Sources: https://doi.org/10.1001/jamainternmed.2017.1778 https://doi.org/10.1001/jamaoncol.2018.2100 https://doi.org/10.1007/s11606-019-05258-2
G072,C07,practitioners,Teaching round,"When nobody knows whether a treatment will help, a time-limited trial sets a fixed time for the treatment and an agreed review at the end.

Expert consensus for intensive care (ATS 2024) lists four core items. The plan is offered to the person or family, who can agree to it. It names the treatment, how long it runs, the signs that would show it is working or not, and what happens at review: carry on, stop and focus on comfort, or extend.

A US before-and-after study in three intensive care units (mean age 64, so not just older people) trained doctors in this approach. Family meetings then named signs of improvement in almost 9 in 10 of the meetings held, up from about 1 in 5. Median ICU stay fell from 8.7 to 7.4 days. Hospital deaths were unchanged (58 in 100).

Reviews find parts of the plan are often missing. Write down the signs, the date and the plan for either result.",885,G072.png,"Timeline from Start to Review date with a shaded treatment period and numbered markers 1 to 4, then three arrows to Carry on, Focus on comfort and Extend. Numbered list: agree, name, define the signs of working or not, and review on the agreed date.",Sources: https://doi.org/10.1513/AnnalsATS.202310-925ST https://doi.org/10.1001/jamainternmed.2021.1000 https://doi.org/10.1016/j.chest.2023.12.014
G073,C08,practitioners,Weighing it up,"Severe dementia on its own is not a reason to stop donepezil. NICE says: do not stop acetylcholinesterase inhibitors in people with Alzheimer's disease because of disease severity alone.

The DOMINO-AD trial is the main evidence. In 295 people living at home with moderate to severe Alzheimer's, those who kept taking donepezil for a year did better on cognition and daily function than those who stopped. The difference in cognition (1.9 points on a 30-point scale) was larger than the trial's own threshold for clinical importance of 1.4 points. The difference in daily function (3.0 points on a 60-point scale) was smaller than its threshold of 3.5 points.

In an analysis done after the trial, about 37 in 100 who stopped had moved into a care home within a year, against about 20 in 100 who continued. Over the next 3 years the two groups had similar numbers who had moved into a care home.

In our view, stop for side effects or when the person's goals change. Do not stop for a severity score alone.",1006,G073.png,"Comparison card. Left: sickness or diarrhoea, fainting or slow pulse, our view that goals changed are reasons to review or stop. Right: severe dementia alone is not a reason (NICE). Below, bars: about 37 in 100 who stopped donepezil moved permanently to a care home within a year, against about 20 in 100 who continued; analysis done after the trial.",Sources: NICE NG97 https://www.nice.org.uk/guidance/ng97 | DOMINO-AD https://doi.org/10.1056/NEJMoa1106668 | care home analysis https://doi.org/10.1016/S1474-4422(15)00258-6 | Cochrane https://doi.org/10.1002/14651858.CD009081.pub2
G074,C08,practitioners,Reading the evidence,"Mirtazapine for agitation in Alzheimer's disease: a UK trial found no clear benefit over a dummy tablet.

SYMBAD randomised 204 people whose agitation had not improved with non-drug care, mostly through old-age psychiatry services and care homes. At 12 weeks agitation was no better with mirtazapine. Both groups improved by a similar amount in the first 6 weeks.

By 16 weeks, 7 of 102 people on mirtazapine had died, against 1 of 102 on the dummy tablet. Deaths were counted as a safety check. The comparison of deaths was run after the trial ended. The numbers are too small to be sure the drug caused them.

The authors concluded the results do not support mirtazapine for agitation. In our view, a drug that seems safer than an antipsychotic still needs a shown benefit to justify it.",789,G074.png,"Two panels. Schematic sketch: agitation lines for mirtazapine and dummy tablet fall together over 12 weeks, no clear difference. Icon arrays of 102 squares each: 1 filled for the dummy tablet, 7 filled for mirtazapine, deaths by 16 weeks. Note: tested after the trial, too few deaths to be sure of cause.",Sources: SYMBAD https://doi.org/10.1016/S0140-6736(21)01210-1 | US care home prescribing https://doi.org/10.1001/jamainternmed.2018.0379
G075,C08,both,What gets counted,"In the GREAT trial, people with early dementia each chose up to three everyday activities they wanted to manage better.

475 people living at home, each with a family member involved, were randomly assigned to home-based rehabilitation, mostly with occupational therapists, or usual care. Therapy could use prompts, memory aids and practising the skill, over 10 weekly visits then 4 more.

On a 0 to 10 scale, ratings of their own goals rose about 2.6 points after 3 months with therapy, against about 0.9 with usual care. The gain held at 9 months, and family ratings agreed.

Standard questionnaires on quality of life, mood and memory showed no clear difference. The therapy aimed at the goals, not at memory scores.

Two cautions: the people giving the ratings knew they had had therapy, and an attentive visitor may explain some of the gain.

In our view, services should count the person's own goals too.",910,G075_1.png | G075_2.png,"Bars from 0 to 3 points on a 0 to 10 goal scale: average gain in own goal ratings at 3 months about 2.6 with home rehabilitation, about 0.9 with usual care. Rated by participants who knew their group. GREAT trial, 475 people with mild to moderate dementia. || Standard scores showed no clear difference: quality of life, mood, confidence, memory and thinking, each marked with an equals sign. The therapy aimed at own goals, not memory scores.",Sources: GREAT trial https://doi.org/10.3310/hta23100 | goal analysis https://doi.org/10.1002/gps.5076
G076,C08,both,Reading the evidence,"A large trial in England tested 4 months of fairly hard gym exercise for people with dementia. At 12 months from the start, their memory and thinking had not declined more slowly.

DAPA randomly assigned 494 people with mild to moderate dementia to twice-weekly aerobic and strength classes, or to usual care.

During the classes the exercise group walked further and lifted heavier weights, though this was measured only in that group. At 12 months, thinking scores were slightly worse in the exercise group, by about 1.4 points on a 70-point test. The researchers were unsure whether a difference that size is important. There was no clear difference in daily activities, quality of life or falls.

A German trial of frail older people with dementia found they could build strength. In our view, offer exercise for strength and enjoyment. Do not promise it will slow memory loss.",881,G076.png,"Drawn community exercise class: a man with a walking stick rises from a chair while a physiotherapist stands ready beside him, an older woman walks, a carer sits holding a cup. Three pins: 1 fitness rose about 18 metres in a 6 minute walk (exercise group only); 2 memory and thinking not slowed, slightly worse; 3 no clear difference in falls, daily activities or quality of life.",Sources: DAPA https://doi.org/10.1136/bmj.k1675 | strength training in dementia https://doi.org/10.1111/j.1532-5415.2011.03778.x | exercise and falls https://doi.org/10.1002/14651858.CD012424.pub2
G077,C08,both,Who gets left out,"About 1 in 7 people who saw a Swedish GP with memory symptoms of any cause met the criteria for lecanemab after full tests. Lecanemab is a new Alzheimer's drug.

Of 607 people, about 1 in 6 were on a blood thinner, which rules the drug out under those criteria. About 1 in 4 had marked changes in the brain's small blood vessels on MRI. Most who were ruled out had more than one reason.

The trial's own rules are stricter than the criteria used in clinics. A separate US study looked at 237 older people, average age 81. All had early memory problems and amyloid (a protein linked with Alzheimer's) on a brain scan. About 8 in 100 of them (19) would have qualified for the trial. In another study of 120 older people with amyloid, 4 of the 44 who were frail would have. These are different groups, so the figures should not be compared with each other.

Before weighing the results, ask: would someone like me have been in the trial?",934,G077_1.png | G077_2.png,"Funnel: 607 people seeing a GP in Sweden with memory symptoms narrowing to 86 who met lecanemab criteria after full tests, about 1 in 7. Two separate boxes: about 1 in 6 on a blood thinner, about 1 in 4 with marked small-vessel changes on MRI. Reasons overlap. || Three bars scaled to count: 237 older people with early memory problems and amyloid, 112 meeting inclusion rules, 19 remaining after exclusions, about 8 in 100. Below, 44 squares with 4 filled: frail people meeting trial rules, from a separate study of 120.",Sources: Swedish primary care https://doi.org/10.1186/s13195-026-02019-2 | US population study https://doi.org/10.1212/WNL.0000000000207770 | frailty https://doi.org/10.1186/s13195-026-01966-0 | UK licence https://doi.org/10.1002/bcp.70021
G078,C08,practitioners,Teaching round,"Some people with dementia react severely to antipsychotic medicines. The risk is particularly high in people with Lewy body disease, which is often missed or labelled as Alzheimer's disease.

In an early UK study of people whose Lewy body dementia was confirmed after death, 7 of 16 given an antipsychotic had a severe reaction, against 1 of 14 with Alzheimer's disease. Small and old, but NICE and the international consensus both warn about it.

Before prescribing, ask four questions. Does alertness vary a lot? Does the person see people or animals that are not there? Do they act out dreams in sleep? Are they slow, stiff or tremulous?

A yes is a reason to pause and get advice. It is not a diagnosis.",707,G078.png,"Checklist of four questions before an antipsychotic, for dementia with Lewy bodies: does alertness vary a lot, does the person see people or animals not there, do they act out dreams, are they slow, stiff or tremulous. Each has an empty tick box and a line icon. Any yes: think of Lewy body disease and get specialist advice first. A teaching prompt, not a diagnosis.",Sources: Lewy body consensus https://doi.org/10.1212/WNL.0000000000004058 | neuroleptic sensitivity https://doi.org/10.1136/bmj.305.6855.673 | NICE NG97 https://www.nice.org.uk/guidance/ng97
G079,C08,public,"Small detail, real effect","If you or your parent takes donepezil, rivastigmine or galantamine for dementia, ask at the next review whether anyone has checked the pulse.

These tablets can slow the heart. When the results of the trials are added together, people taking them fainted more often than people on a dummy tablet.

A Canadian study followed about 81,000 older people with dementia. Those taking them went to hospital with fainting about 32 times per 1000 people a year. Those not taking them, about 19. That shows a link, not that the tablet caused every faint.

A faint can look like a fall. Report dizziness or fainting to the GP or pharmacist.",629,G079_1.png | G079_2.png,"Illustrative comic in three panels at a pharmacy. A pharmacist asks an older woman and her son whether she has felt dizzy or fainted since starting donepezil, checks her pulse at the wrist, and tells them to report dizziness or fainting because a faint can look like a fall. || Bars: hospital visits for fainting per 1000 people a year, about 32 for older people with dementia taking these tablets and about 19 for those not taking them. Ontario, Canada, 2002 to 2004. Shows a link, not that the tablet caused every faint.",Sources: Ontario cohort https://doi.org/10.1001/archinternmed.2009.43 | pooled trials https://doi.org/10.1111/j.1532-5415.2011.03450.x | slow pulse admissions https://doi.org/10.1371/journal.pmed.1000157
G080,C08,both,What gets counted,"How many of your relative's GP appointments last year were with the same GP?

An English study looked at 9,324 people with dementia. Those who saw the same GP most often were prescribed 8.5 medicines on average. Those who saw the same GP least often were prescribed 9.7. The first group also had fewer prescriptions that are often unsafe in older age, and fewer new records of incontinence. The gaps in medicines were smaller after allowing for age, illness and frailty. It shows a link, not cause.

A named GP scheme for people aged 75 and over, introduced in England in 2014, was not followed by more visits to the same GP.

In our view, a sensible step is to ask to book with the same GP each time, and note who you saw.",723,G080_1.png | G080_2.png,"Paired bars on a zero axis. Average medicines: 8.5 for the most consistent GP, 9.7 for the least consistent. Prescriptions often unsafe in older age: 2.1 and 2.5. 9,324 people with dementia in England. Averages before adjustment; smaller gap after adjustment. A link, not proof of cause. || Ask to book with the same GP each time. A named GP scheme was not followed by more continuity in England. Keep a note of who you saw.",Sources: https://doi.org/10.3399/BJGP.2021.0413 | Quebec https://doi.org/10.1111/jgs.17049 | named GP https://doi.org/10.1136/bmjopen-2019-029103 | 2025 editorial https://doi.org/10.3399/BJGP.2025.0199 | simple measure https://doi.org/10.3399/bjgp19X701813
G081,C08,public,Reading the evidence,"Planned music sessions probably do not calm agitation or aggression in people with dementia. That is the finding of a 2025 Cochrane review, which pools many trials: 30 trials, mostly group sessions in care homes.

The same review found sessions probably ease low mood slightly by the end of a course. No benefit was shown a month after they stopped, though that evidence is weak.

Since then, a trial tested music therapy groups and choir singing against usual care. It included 1,021 care home residents with dementia and low mood, in six countries including the UK. At 6 months, neither music group had eased low mood more than usual care.

In our view, offer music because the person enjoys it and it is time shared with others. If someone is distressed, look for the cause first.",783,G081.png,"Care home lounge: an older man stands singing beside a care worker seated with a guitar, an older woman with a hearing aid sits and listens with hands raised, a man in a wheelchair listens. Below: music trials found probably no reduction in agitation or aggression, low mood probably eased slightly by the end of a course, and no benefit shown a month after sessions stopped (weak evidence).",Sources: Cochrane review https://doi.org/10.1002/14651858.CD003477.pub5 | care home trial https://doi.org/10.1016/j.lanhl.2025.100783
G082,C08,practitioners,Care that works,"Sixty-nine UK nursing homes took part in WHELD, a trial of a programme to improve everyday care.

Staff were trained in person-centred care. Each resident got social activity tailored to their interests, aiming for an hour a week. GPs were prompted to review antipsychotics. Two champions per home kept it going.

After 9 months, residents in programme homes had slightly better quality of life and slightly less agitation than in usual-care homes, rated by care staff who may have known their home was taking part. The researchers called the effects small. Observers saw more warm contact between staff and residents.

Antipsychotic use did not fall, but fewer than 1 in 10 were on one at the start.

In our view, a home could start with the tailored activity hour, though it was not tested on its own.",803,G082.png,"Nursing home lounge with four numbered pins for the WHELD programme: 1 staff training in person-centred care, 2 tailored social activity, 3 GP prompted to review antipsychotics, 4 two champions per home. A care worker kneels showing a man a photo album; others sit at a table with seed packets. Effects small: slightly better quality of life, slightly less agitation, no change in antipsychotic use.",Source: WHELD trial https://doi.org/10.1371/journal.pmed.1002500
G083,C08,public,Ask this,"After a diagnosis of mild or moderate dementia, you can ask whether a cognitive stimulation group runs near you.

Cognitive stimulation therapy is a small group that usually meets twice a week for about 45 minutes, 14 sessions over 7 weeks. Sessions use talk about the news and the past, word games, puzzles and music.

In England, NICE (the body that sets national health guidance) says people with mild to moderate dementia should be offered it. A 2023 review of 37 trials found that, by the end of the course, the groups probably help memory and thinking a little. People also communicated and joined in more. Gains in well-being were slight, and how long benefits last is unknown.

Ask the memory service or GP.",715,G083.png,"Question card: is there a cognitive stimulation group near me? For mild to moderate dementia. Drawn scene of a small group round a table: a woman in a headscarf reaching to place a puzzle piece, a man with a hearing aid, a woman beside a parked walking frame, and a leader holding a blank picture card. Small group, usually twice a week for 7 weeks; modest short-term gain in memory and thinking.",Sources: NICE NG97 https://www.nice.org.uk/guidance/ng97/chapter/recommendations | Cochrane https://doi.org/10.1002/14651858.CD005562.pub3 | trial https://doi.org/10.1192/bjp.183.3.248
G084,C09,practitioners,Teaching round,"An MMSE score of 20 to 24 did not change the likelihood that a patient lacked capacity for a treatment decision.

The MMSE (Mini-Mental State Examination) is a 30-point test of memory and thinking. It was not designed to assess capacity. A JAMA systematic review of treatment decisions in medical patients found that below 20, incapacity was more likely (likelihood ratio 6.3). Above 24 it was less likely (likelihood ratio 0.14). In the 20 to 24 band there was no clear shift (likelihood ratio 0.87, 95% confidence interval 0.53 to 1.2).

A high score lowers the chance of incapacity but does not rule it out. Capacity is judged one decision at a time, so a score can prompt an assessment and does not replace one. Our judgement: in the notes, record what was asked, what was explained and how the person reasoned.",815,G084.png,"Diagram of an MMSE scale from 0 to 30 in three zones. Below 20: incapacity for a treatment decision is more likely (likelihood ratio 6.3). 20 to 24: no clear change (0.87). Above 24: incapacity less likely, but not ruled out (0.14). A bracket reads: Then assess the decision. Pooled studies of treatment decisions in medical patients; MMSE bands only.","Sources: Sessums et al, JAMA 2011 https://doi.org/10.1001/jama.2011.1023 ; Kim and Caine, Psychiatr Serv 2002 https://doi.org/10.1176/appi.ps.53.10.1322"
G085,C09,practitioners,Teaching round,"'Are we ready for our wash, sweetheart?' Staff say things like this to be kind. It is called elderspeak: pet names, 'we' instead of 'you', and a high, sing-song voice.

A US study filmed 80 care episodes with 20 nursing home residents with dementia. When a resident's behaviour changed after staff spoke, it turned to resistance about 55 times in 100 after elderspeak. After ordinary adult talk it turned to resistance about 26 times in 100. That is a link in the moment, not proof that elderspeak causes resistance.

In a small trial in 13 nursing homes (27 residents), three one-hour training sessions cut the share of care time spent in elderspeak, on average by about 14 percentage points from before training. Over the same period, resistance fell by about 15 percentage points of care time. At 3 months the fall in elderspeak held, but the fall in resistance was no longer statistically clear.

We should treat elderspeak as a care-quality problem that staff can change.",976,G085.png,"Illustrative phrases in two columns. Elderspeak: 'Are we ready for our wash, sweetheart?', 'Good girl.', 'We'll just pop this on, shall we?'. Adult talk: 'Would you like a wash now or after breakfast?', 'Thank you.', 'I'm going to put your cardigan on now.' In 80 filmed episodes, behaviour changes were to resistance about 55 times in 100 after elderspeak and 26 after adult talk. A link, not proof.","Sources: Williams et al, 2009 https://doi.org/10.1177/1533317508318472 ; Williams et al, Gerontologist 2017 https://doi.org/10.1093/geront/gnw047 ; Shaw et al, J Am Geriatr Soc 2022 https://doi.org/10.1111/jgs.17910"
G086,C09,public,Care that works,"Across 13 studies, nearly 4 in 10 adults at routine medical appointments brought someone with them, most often a husband, wife or grown-up child.

If that is you, one thing is linked with more patient involvement. A US study filmed 93 visits by people aged 65 to 95. Patients were more likely to take an active part in decisions when the person with them asked them questions, prompted them to speak and asked what they thought. One visit each, so it shows a link, not proof of cause.

Before the appointment, agree what your parent wants to say themselves and what they want you to add. In the room, ask: 'What do you think?'",626,G086.png,"Illustrative three-panel comic. Panel 1: in a clinic, a daughter answers for her older mother, who looks down; a doctor sits at a desk. Panel 2: the evening before, at a kitchen table, they agree who says what. Panel 3: the daughter asks ""What do you think, Mum?"" In a US study of 93 visits, patients took part more when companions asked what they thought. A link, not proof.","Sources: Wolff and Roter, Soc Sci Med 2011 https://doi.org/10.1016/j.socscimed.2011.01.015 ; Clayman et al, Soc Sci Med 2005 https://doi.org/10.1016/j.socscimed.2004.08.004 ; Laidsaar-Powell et al, Patient Educ Couns 2013 https://doi.org/10.1016/j.pec.2012.11.007 ; Greene et al, J Am Geriatr Soc 1994 https://doi.org/10.1111/j.1532-5415.1994.tb07490.x"
G087,C09,practitioners,Reading the evidence,"Teach-back, asking a patient to say in their own words what you told them, is often taught as a technique that improves understanding.

A 2026 review of 18 randomised trials (about 2,000 people) found no clear pattern of effect on what patients knew afterwards. Certainty was very low, and the 9 trials that measured knowledge were too different to combine. Patients' confidence in managing their health improved (very low certainty). Their own reports of sticking to advice in the short term also improved (low certainty). The size of both effects was very uncertain.

That is an evidence gap. Teach-back has not been shown to fail. The review covered single-encounter teach-back in adults generally, and an earlier review of mixed designs reported benefit in 19 of 20 studies.

We should keep using it to find what our explanation missed, and avoid saying it has been shown to improve what patients know.",906,G087_1.png | G087_2.png,"Summary of 18 randomised trials of teach-back in one conversation, adults generally. Knowledge: no clear pattern, very low certainty. Confidence in managing health: increased, very low certainty. Sticking to advice, self-reported and short term: increased, low certainty. Certainty is shown in words and by filled segments. || Statement card: Use it to test your explanation. A judgement, not a trial finding: teach-back has not been shown to improve what patients know, but it can show what an explanation missed.","Sources: Vick et al, J Gen Intern Med 2026 https://doi.org/10.1007/s11606-026-10678-y ; Talevski et al, PLoS One 2020 https://doi.org/10.1371/journal.pone.0231350 ; Jansen et al, J Clin Oncol 2008 https://doi.org/10.1200/JCO.2007.15.2322"
G088,C09,both,Reading the evidence,"Talking Mats is a set of picture cards and a mat that lets a person show how they feel about each part of daily life. It comes from the Talking Mats Centre in Stirling.

In one small study of 18 couples living with dementia, both partners said they felt more involved using the mats than in their usual conversation. A 2026 Swedish trial put 101 people with mild to moderate dementia in home care into two groups by chance. One group had care-planning talks with the mats, after staff had two days of training, and one talked as usual. Involvement scores were high in both groups, with no clear difference. High scores in both may have made a difference hard to detect.

A picture method may help some conversations. It has not been shown to beat a careful ordinary one. We should ask the person with dementia directly, not only the family, whichever method is used.",866,G088.png,"Illustration: an older woman with dementia places a picture card on a mat at a kitchen table while her husband sits opposite, watching and listening. Text: Ask the person with dementia directly. A small study of 18 couples found both felt more involved; a 2026 trial of 101 people found high involvement in both groups and no clear difference.","Sources: Murphy and Oliver, Health Soc Care Community 2013 https://doi.org/10.1111/hsc.12005 ; Bångsbo et al, BMC Geriatr 2026 https://doi.org/10.1186/s12877-026-07518-3 ; Collins et al, Int J Older People Nurs 2024 https://doi.org/10.1111/opn.12594"
G089,C09,both,Who gets left out,"For many Deaf people who sign, British Sign Language (BSL) is a first language and written English is a second. BSL is a language in its own right, with its own grammar.

Research with Deaf patients finds that handing over pen and paper often does not fix the problem, especially when notes are full of medical words. Patients describe interpreters not being booked, being asked to bring a relative, and relatives leaving things out. Some people prefer a relative to interpret for particular appointments, and that is their choice.

In a UK health check of 298 Deaf BSL users aged 20 to 82, 37 in 100 had a high blood pressure reading, against 21 in 100 in an English population survey. Among those treated for high blood pressure, 42 in 100 had it under control, against 62 in 100 in the wider population. The authors suggested unclear communication with doctors and nurses may be part of the reason treated blood pressure was less well controlled.

For any talk about diagnosis, treatment, consent or going home, ask the service to book a qualified BSL interpreter. Booking is the service's job.",1097,G089.png,"Illustrative drawing of two scenes of a health appointment with an older Deaf man. Left: a doctor writes notes on a pad and he looks at them with a frown. Right: a qualified BSL interpreter signs beside the doctor and he watches attentively. Text: Ask for a qualified BSL interpreter. For many Deaf people who sign, BSL is a first language and written English can be hard to follow.","Sources: Rogers et al, PLOS Glob Public Health 2025 https://doi.org/10.1371/journal.pgph.0003535 ; Emond et al, BMJ Open 2015 https://doi.org/10.1136/bmjopen-2014-006668 ; Terry et al, J Public Health 2024 https://doi.org/10.1093/pubmed/fdae112"
G090,C09,practitioners,Who gets left out,"After a stroke, some people lose words but may keep their judgement. Aphasia, a difficulty with understanding or using language, affects about 1 in 3 people in hospital after a stroke (a median across studies; the range is wide). Some people with aphasia also have problems with memory or reasoning, so the answer comes from a supported assessment, not from the diagnosis.

In a small laboratory study of 16 people with aphasia, they struggled most when a decision task relied on words, especially explaining their reasons aloud. On tasks without words they did not score clearly differently from people without aphasia.

Research describes supports that can help, though none has been tested on its own: key words written down, pictures of the options, trained conversation partners and more time. In a 2026 survey of 195 speech and language therapists in 32 countries, one barrier they reported was that other professionals did not seek their involvement.

Our judgement: where one is available, ask the speech and language therapist to help before the capacity conversation.",1077,G090.png,"Illustrative annotated bedside scene. An older man with aphasia after a stroke sits attentively in a chair. On the table in front of him are a pad of key words and picture cards of options. An assessor with a notepad and a speech and language therapist stand by. Pins: 1 key words written down, 2 pictures of the options, 3 a trained conversation partner, 4 more time.","Sources: Flowers et al, Arch Phys Med Rehabil 2016 https://doi.org/10.1016/j.apmr.2016.03.006 ; Kim et al, J Speech Lang Hear Res 2020 https://doi.org/10.1044/2020_JSLHR-19-00182 ; Stipinovich et al, 2023 https://doi.org/10.1111/1460-6984.12925 ; Jayes et al, Disabil Rehabil 2026 https://doi.org/10.1080/09638288.2026.2662096 ; Jayes et al, Int J Lang Commun Disord 2021 https://doi.org/10.1111/1460-6984.12585 ; Hughes et al, BJPsych Adv 2015 https://doi.org/10.1192/apt.bp.114.013110"
G091,C09,public,"Small detail, real effect","In two small studies, speaking more slowly did not, on its own, help people with Alzheimer's disease follow what was said.

In an experiment with 15 people with mild to moderate Alzheimer's, saying a sentence again, in the same or different words, helped them understand it. Slower speech did not. In a study that recorded 18 couples at home, simple sentences worked and slowing down did not. 'Simple' means grammatically simple, not just short.

Both studies are small and from the 1990s and 2000s. A calm pace is not wrong. Plain wording is ordinary adult speech. Elderspeak adds pet names like 'love', a high sing-song voice, and 'we' or 'shall we' that make the choice for the person. If the person is also hard of hearing, face them and speak clearly.",756,G091_1.png | G091_2.png | G091_3.png,"Two small studies of Alzheimer's disease (15 people; 18 couples at home). Helped: simple sentences, saying it again in the same or other words. Did not help on its own: speaking more slowly. || Plain wording: one idea per sentence, saying it again, checking you were understood. Elderspeak: pet names such as love or sweetheart, a high sing-song voice, and we or shall we, which makes the choice for the person. || If the person is also hard of hearing: face them and speak clearly. Clear is different from high-pitched or sing-song. The studies were small and old, and a calm pace is not wrong.","Sources: Small et al, Psychol Aging 1997 https://doi.org/10.1037//0882-7974.12.1.3 ; Small et al, J Speech Lang Hear Res 2003 https://doi.org/10.1044/1092-4388(2003/028) ; Kemper and Harden, Psychol Aging 1999 https://doi.org/10.1037//0882-7974.14.4.656 ; Shaw and Gordon, Innov Aging 2021 https://doi.org/10.1093/geroni/igab023 ; Picheny et al, J Speech Hear Res 1985 https://doi.org/10.1044/jshr.2801.96"
G092,C09,public,Ask this,"National guidance from the Academy of Medical Royal Colleges (2018) recommends that hospital doctors write outpatient clinic letters to the patient, rather than about the patient to the GP.

Many people already get a copy of the clinic letter, but it is usually written to the GP and about them. One large London eye hospital wrote 4.6 million letters between 2013 and 2025, which includes years before the 2018 guidance. About 2 in 100 were written to the patient. About 95 in 100 were harder to read than recommended. That is one hospital, with patients of all ages, and a computer rule decided what counted as written to the patient.

After your next clinic, you can ask: 'Could you write the letter to me, please?'",718,G092.png,"Illustrative clinic letters. Written about you: 'Dear Dr Patel, I reviewed this 81-year-old woman in clinic.' Written to you: 'Dear Mrs Grant, Today we talked about your dizziness. What we found. What happens next. Who to call.' Ask: Could you write the letter to me, please? At one London eye hospital, about 2 in 100 of 4.6 million letters (2013 to 2025) were judged to be written to the patient.","Sources: Academy of Medical Royal Colleges, Please, write to me (2018) https://www.aomrc.org.uk/reports-guidance/please-write-to-me-writing-outpatient-clinic-letters-to-patients-guidance/ ; Ong et al, BMJ Health Care Inform 2026 https://doi.org/10.1136/bmjhci-2026-102086 ; Gupta et al, Int J Clin Pract 2021 https://doi.org/10.1111/ijcp.13907 ; Lonergan et al, BMJ Open Qual 2019 https://doi.org/10.1136/bmjoq-2019-000721"
G093,C09,practitioners,Teaching round,"A judge found that an 82-year-old woman with dementia, whom several professionals had assessed as lacking capacity to decide where to live, had that capacity.

That was a 2012 Court of Protection case in England (CC v KK). The judge said: 'The person under evaluation must be presented with detailed options so that their capacity to weigh up those options can be fairly assessed.' It is one first-instance ruling, and Scotland has different law.

Specialists in residence capacity recommend telling the person why a move is suggested, what the other options are, such as going home with carers several times a day, and what each could mean. That includes saying that a care home may become permanent and that going home with help carries no guarantee.

We should say what help there would be at home before asking 'Can you manage at home?'",840,G093.png,"Checklist card for capacity to decide where to live, England and Wales. Before asking 'Can you manage at home?': specialists recommend saying: 1 why a move is suggested; 2 what the other options are, for example home with carers several times a day; 3 what each choice could mean, including that a care home may become permanent and that home with help has no guarantee. Based on CC v KK, 2012.","Sources: Hughes et al, BJPsych Adv 2015 https://doi.org/10.1192/apt.bp.114.013110 ; Ruck Keene et al, Int J Law Psychiatry 2019 https://doi.org/10.1016/j.ijlp.2018.11.005 ; Emmett et al, Int J Law Psychiatry 2013 https://doi.org/10.1016/j.ijlp.2012.11.009 ; Foulkes et al, Int J Lang Commun Disord 2024 https://doi.org/10.1111/1460-6984.13020"
G094,C09,both,Reading the evidence,"Relatives asked to predict a person's answers to imagined end-of-life treatment questions matched them about 2 times in 3.

In a review of 16 studies (2,595 pairs), the relative who would speak for the person gave the same answer about 2 times in 3, and a different answer about 1 time in 3. Relatives the person had chosen were no more accurate than next of kin. Pairs who said they had talked it through beforehand were no more accurate than pairs who had not, and that talk was ordinary conversation. These were imagined situations, not real decisions.

Talking in a structured way did better. A US trial included 313 pairs, each a person with heart or kidney disease and the person chosen to speak for them. A trained professional led a planning conversation that ended in a written record of the person's goals. The person chosen then understood those goals much better than after usual care.

We should write down our own views and reasons while we can, and go through them with the person who would speak for us, ideally with a trained professional, as in the trial.",1073,G094_1.png | G094_2.png,"Icon array of 100 paired answers about imagined end-of-life treatment. 68 in 100 matched and 32 in 100 did not. From 16 studies with 2,595 pairs of patients and relatives. Talking it through beforehand in an ordinary way did not improve matching in these studies. || Statement card: talk it through in a structured way, and write it down. In a US trial of 313 pairs, a structured conversation with a trained professional and a written record left relatives understanding the person's goals much better than usual care.","Sources: Shalowitz et al, Arch Intern Med 2006 https://doi.org/10.1001/archinte.166.5.493 ; Kirchhoff et al, J Am Geriatr Soc 2010 https://doi.org/10.1111/j.1532-5415.2010.02760.x ; Liu et al, J Pain Symptom Manage 2024 https://doi.org/10.1016/j.jpainsymman.2024.01.027"
G095,C10,practitioners,Teaching round,"Two history questions help most when an older person has leg pain on walking. Does it go when you sit down? Does leaning forward, say on a shopping trolley, ease it?

In a review of 4 studies (741 people with leg pain), those two answers were the strongest single pointers to lumbar spinal stenosis: narrowing of the spinal canal in the lower back. Most studies were in specialist clinics.

Leg pain from narrowed arteries is usually not helped by bending forward, and it tends to come on after about the same walking distance each time.

Spinal stenosis and narrowed leg arteries can occur together. A Japanese study looked at 570 people with stenosis seen in specialist clinics. About 7 in 100 also had narrowed leg arteries. About half of those 7 had not been picked up before. So check foot pulses or ankle blood pressure anyway.

The history makes stenosis likely, and a scan can confirm it. Many older people have some narrowing on a scan without symptoms, so read the scan together with the history.",1006,G095.png,"Comparison card: leg pain on walking, spine or arteries. Spine side, with a drawn older man bending forward: no pain sitting, eases on bending forward. Artery side, older woman with a stick: calf pain eases on standing still, bending forward does not help. The two can occur together, so check foot pulses or ankle pressure.","Sources: Suri et al., JAMA 2010 https://doi.org/10.1001/jama.2010.1833 ; Nadeau et al., Can J Surg 2013 https://doi.org/10.1503/cjs.016512 ; Uesugi et al., J Orthop Sci 2012 https://doi.org/10.1007/s00776-012-0311-z"
G096,C10,public,Weighing it up,"Knee replacement eases pain for most people who have it. About 13 in 100 still have troublesome knee pain a year later.

That figure comes from a 2025 review of 68 studies, nearly 600,000 people with an average age of about 70. At 3 months after the operation about 22 in 100 had troublesome pain, so fewer people had it by a year. Studies defined troublesome pain in different ways. The authors rated their confidence as low. They think the true figures are probably higher, because many people dropped out of the studies before they were checked again.

In a Canadian survey, about 4 in 5 people were satisfied with their new knee. People whose expectations were not met were the most likely to be dissatisfied.

If you are thinking about surgery, ask two questions. What are my chances of still having pain afterwards? What else could I try first?",850,G096.png,"Grid of 100 person icons, 13 hatched orange and 87 outlined teal. About 13 in 100 still had troublesome knee pain a year after knee replacement; about 22 in 100 at 3 months. The true figures are probably higher. Two questions to ask: chances of pain afterwards, and what else to try first.","Sources: Cheng et al., BMJ Open 2025 https://doi.org/10.1136/bmjopen-2024-088975 ; Bourne et al., Clin Orthop Relat Res 2010 https://doi.org/10.1007/s11999-009-1119-9"
G097,C10,public,"Small detail, real effect","Co-codamol is codeine plus paracetamol. Co-dydramol is dihydrocodeine plus paracetamol. Some cold and flu remedies contain paracetamol too.

So taking two of these together can take you over the usual limit. For most adults that is 4 g of paracetamol in 24 hours: eight 500 mg tablets a day, counted across every product.

Doubling up is easy to do. In a US study, people were asked to show how they would take real shop products over a day. About 4 in 10 of those aged 61 to 80 showed they would take two paracetamol products together and go over 4 g. This was a pretend task with real products, not what they actually did.

If you weigh under 50 kg (about 7 stone 12 lb) or are frail, ask whether a lower daily maximum suits you. Research has not settled the safest dose.

Add up the paracetamol in everything you take, including what you buy, and ask a pharmacist to check.",876,G097.png,"Drawn kitchen table where an older Black woman in glasses and cardigan reaches for medicine boxes beside a blister strip and a mug, with numbered markers 1 to 5. Key: co-codamol, co-dydramol, cold and flu remedies, plain paracetamol, and a lower maximum if under 50 kg or frail. Usual maximum 4 g in 24 hours.","Sources: Wolf et al., J Gen Intern Med 2012 https://doi.org/10.1007/s11606-012-2096-3 ; Chidiac et al., Drug Saf 2024 https://doi.org/10.1007/s40264-024-01472-y ; Reid et al., Br J Clin Pharmacol 2022 https://doi.org/10.1111/bcp.15394 ; Craig et al., Br J Clin Pharmacol 2012 https://doi.org/10.1111/j.1365-2125.2011.04067.x"
G098,C10,public,Weighing it up,"Doses of morphine and similar medicines often go up in the last days of life. Symptoms change as death comes closer.

Doses rise as death comes closer, so it can look as if the higher dose caused the death. Families may worry about this. Studies of people dying in hospices and palliative care units have not found that giving or increasing these medicines to relieve symptoms shortens life.

The studies only watched what happened, and most were of low quality. Almost all the people had cancer. One large hospice study found a small link between higher doses and shorter survival. The dose accounted for very little of the difference in survival. The link may reflect how ill people were. Its authors said fear of shortening life should not stop pain relief.

If the worry about shortening life is on your mind at a bedside, say so to the nurse or doctor, and ask how the dose is being matched to the symptoms.",912,G098.png,"Text card on deep teal: near death, morphine doses often rise because symptoms change. Hospice and palliative care studies found no consistent link between symptom-matched doses and shorter life; one large study found a small link that dose explained very little of. Observational, mostly cancer. Ask how the dose is matched.","Sources: Sykes and Thorns, Lancet Oncol 2003 https://doi.org/10.1016/s1470-2045(03)01079-9 ; Boland et al., Pain 2015 https://doi.org/10.1097/j.pain.0000000000000306 ; Thorns and Sykes, Lancet 2000 https://doi.org/10.1016/S0140-6736(00)02534-4 ; Portenoy et al., J Pain Symptom Manage 2006 https://doi.org/10.1016/j.jpainsymman.2006.08.003"
G099,C10,practitioners,Reading the evidence,"In the PRECISE trial, 207 adults with sciatica took pregabalin or a dummy capsule. At 8 weeks, average leg pain was 3.7 out of 10 on pregabalin and 3.1 on placebo (a higher score means more pain).

The trial showed no clear difference at 8 weeks or at 1 year. The uncertainty ran from slight benefit to slight harm, and did not favour pregabalin.

About 64 in 100 people on pregabalin had at least one side effect, against 43 in 100 on placebo; dizziness was more common on pregabalin. Pooled reviews found the same for gabapentin and pregabalin in back pain and sciatica.

Participants averaged their early to mid 50s, and anyone with reduced kidney function was excluded. In our judgement, dizziness is a reason not to start a medicine that has not been shown to help in an older person who is already unsteady. It is also a reason to review prescriptions started for sciatica.",879,G099.png,"Two bar charts for the PRECISE sciatica trial of 207 adults. Leg pain at 8 weeks out of 10: pregabalin 3.7, placebo 3.1, no clear difference. At least one side effect: pregabalin 64 in 100 (68 of 106), placebo 43 in 100 (43 of 101). Kidney impairment excluded.","Sources: Mathieson et al., NEJM 2017 https://doi.org/10.1056/NEJMoa1614292 ; Enke et al., CMAJ 2018 https://doi.org/10.1503/cmaj.171333 ; Shanthanna et al., PLoS Med 2017 https://doi.org/10.1371/journal.pmed.1002369 ; Khorami et al., J Clin Med 2021 https://doi.org/10.3390/jcm10112482"
G100,C10,public,What gets counted,"A knee X-ray shows the bones. It is a poor guide to how much that knee will hurt, or what you can do with it.

Studies of the general population find many people with arthritis changes on the X-ray who have little or no pain. They also find many people with knee pain whose X-rays look fairly normal.

The X-ray still means something. When researchers compared each person's two knees, the knee with worse changes was much more often the painful one.

European rheumatology guidance says an X-ray is not needed to diagnose osteoarthritis when the symptoms are typical. A scan or X-ray helps when something is unusual or another cause is possible.

In interviews with 27 Australians waiting for knee replacement, all described their knee as 'bone on bone'. Many believed exercise could damage the joint, and many had stopped exercising. This small study describes beliefs and does not tell us how common they are.

Two better questions: what can I do to keep this knee moving, and what should make us look again?",1011,G100_1.png | G100_2.png | G100_3.png,"Two schematic knee outlines, one with a narrowed joint space and one with a normal space, above an older man walking and an older woman seated. Many people with X-ray arthritis changes have little pain; many with knee pain have fairly normal X-rays. || Text card. Within one person, the worse knee on X-ray is more often the painful one. Typical symptoms: no X-ray needed to diagnose knee osteoarthritis. Something unusual or another possible cause: imaging helps; consider imaging for unexpected worsening. || Drawn physiotherapy room: an older woman and a physiotherapist sit facing each other. Better questions than what the X-ray shows: what can I do to keep this knee moving, and what should make us look again?","Sources: Bedson and Croft, BMC Musculoskelet Disord 2008 https://doi.org/10.1186/1471-2474-9-116 ; Neogi et al., BMJ 2009 https://doi.org/10.1136/bmj.b2844 ; Sakellariou et al. (EULAR), Ann Rheum Dis 2017 https://doi.org/10.1136/annrheumdis-2016-210815 ; Bunzli et al., Clin Orthop Relat Res 2019 https://doi.org/10.1097/CORR.0000000000000784"
G101,C10,practitioners,Teaching round,"Calling tramadol a 'weak' opioid tells you little about how safe it is in an older person.

It also raises serotonin and noradrenaline. Much of its opioid effect depends on CYP2D6, a liver enzyme that varies between people and is blocked by some antidepressants.

It can cause serotonin toxicity with some antidepressants, low sodium, low blood sugar and seizures. In UK GP records, about 4.6 in 10,000 people were admitted with low sodium in the first month after starting tramadol, against 1.9 in 10,000 people starting codeine. That is roughly twice the rate, with wide uncertainty. It is still uncommon, the study covered adults of all ages, and it was observational.

Before prescribing, check the antidepressant list, sodium, seizure history and kidney function. In our judgement a low dose of another opioid may be more predictable, with doses adjusted for kidney function.",880,G101.png,"Checklist card: before tramadol in an older person, check antidepressants, sodium, seizure history and kidney function. Low sodium admissions in the first month were about 4.6 versus 1.9 per 10,000 people, tramadol versus codeine; UK observational data, wide uncertainty, uncommon.","Sources: Fournier et al., Am J Med 2015 https://doi.org/10.1016/j.amjmed.2014.10.046 ; Fournier et al., JAMA Intern Med 2015 https://doi.org/10.1001/jamainternmed.2014.6512 ; Prescrire 2016 https://pubmed.ncbi.nlm.nih.gov/27042732/ ; Roulet et al., Drugs 2021 https://doi.org/10.1007/s40265-021-01515-z"
G102,C10,public,Weighing it up,"If quinine is on your repeat list for night-time leg cramps, ask when it was last reviewed.

In trials, people on a dummy tablet had about 9 cramps in two weeks. On quinine they had about 6 or 7. The evidence is low quality.

About 3 more people in 100 had minor side effects on quinine, mostly stomach upset. Rarely it causes a sudden fall in platelets (blood cells that help clotting) or heart rhythm problems, and an overdose can kill.

Specialist advice is to keep it for severe cramps and review it regularly. UK prescribing advice, as reported in a 2015 Cochrane review, was to pause it every 3 months to check it still helps. In an English GP trial, advice to try stopping led about 1 in 4 more people to stop. Cramps did not clearly rise. The trial was small and could not rule out a rise for some people.

Also ask whether another medicine might be linked with your cramps.",882,G102.png,"Illustrative four-panel comic, not real people. An older man asks a pharmacist whether quinine for night cramps still helps. She gives the trial figures, advises a pause every 3 months and a medicines check; he pauses it and tries calf stretches. Evidence for benefit is mixed.","Sources: El-Tawil et al., Cochrane 2015 https://doi.org/10.1002/14651858.CD005044.pub3 ; Rabbitt et al., Age Ageing 2016 https://doi.org/10.1093/ageing/afw139 ; Coppin et al., Br J Gen Pract 2005 https://pubmed.ncbi.nlm.nih.gov/15808033/ ; Garrison et al., Arch Intern Med 2012 https://doi.org/10.1001/archinternmed.2011.1029 ; Hawke et al., Cochrane 2021 https://doi.org/10.1002/14651858.CD008496.pub3"
G103,C10,practitioners,What gets counted,"Pain scored while someone lies in bed tells you little about the pain of standing, turning or walking.

After an operation, pain on movement is usually much worse than pain at rest. In trials of chest surgery, knee replacement and hysterectomy that measured both, it was about 2 to 3 times as high in the first 3 days, depending on the trial. Of the trials reviewed, only about 4 in 10 measured it at all.

In 226 older adults with long-term back pain, more pain after standing from a chair, climbing stairs and walking went with more disability. That was a snapshot, so it shows a link, not a cause.

UK guidance asks how pain affects what the person can do. We would add one line to the chart: pain on standing, next to pain at rest, before therapy starts.",758,G103.png,"Hospital bay drawing with numbered markers: an older woman lying in bed, and the same woman standing with a walking frame beside a physiotherapist. Key: ask pain at rest, ask during movement, watch face and body if she can't say, ask what stops her. Pain on movement was 2 to 3 times rest pain after surgery.","Sources: Srikandarajah and Gilron, Pain 2011 https://doi.org/10.1016/j.pain.2011.02.008 ; Corbett et al., Pain 2019 https://doi.org/10.1097/j.pain.0000000000001431 ; Knox et al., Pain Med 2023 https://doi.org/10.1093/pm/pnad034 ; Schofield, Age Ageing 2018 https://doi.org/10.1093/ageing/afx192"
G104,C11,both,Weighing it up,"About 25 extra minutes of sleep a night. That was the average gain from sleeping tablets, compared with a dummy pill, in short trials of people aged 60 and over, as reported by the people taking them.

The same trials found memory problems, confusion and daytime tiredness were more common with the tablets than with a dummy pill.

In 4 of those trials, about 1 more person in 13 rated their sleep quality as improved with a tablet than with a dummy pill. In a different set of trials, about 1 more person in 6 had a side effect of any kind with a tablet than with a dummy pill. These are different trials and outcomes, so they do not describe the same people.

Guidelines recommend CBT for insomnia (a structured talking and sleep-scheduling treatment) first for long-term insomnia, with a short course of tablets open for discussion. If a tablet is offered, ask what gain to expect.",884,G104_1.png | G104_2.png,"Two panels. Average gain: about 25 more minutes of sleep a night and 0.63 fewer wakings a night. More common with the tablets: memory problems and confusion, and daytime tiredness. From 24 trials in 2,417 people aged 60 and over. || Two small grids of person icons. About 1 in 13 more people reported better sleep than with a dummy pill (1 of 13 shaded). About 1 in 6 more people had a side effect of any kind (1 of 6 shaded). Different trials, so not the same people; a rough guide.","Sources: Glass et al., BMJ 2005 https://doi.org/10.1136/bmj.38623.768588.47 ; Berry et al., JAMA Intern Med 2013 https://doi.org/10.1001/jamainternmed.2013.3795 ; AGS Beers Criteria 2023 https://doi.org/10.1111/jgs.18372 ; European Insomnia Guideline 2023 https://doi.org/10.1111/jsr.14035"
G105,C11,practitioners,Teaching round,"Does the person act out dreams, shouting, punching or kicking while asleep? Ask the bed partner as well as the person, and ask about injuries from movements in sleep.

This can be REM sleep behaviour disorder. In 24 specialist centres, 1,280 people had it confirmed by a sleep study. None yet had Parkinson's disease or dementia. About 6 in 100 a year went on to develop Parkinson's disease, dementia with Lewy bodies or a related condition, and the estimate for the whole 12 years was about 3 in 4. They were mostly men, and this is not a personal prognosis.

A report of dream enactment is a reason to assess. In a Swiss study of adults, 368 of about 2,000 reported it, and 21 had the disorder on a sleep study.

If in doubt, refer for a sleep study. Make the bedroom safe. Review medicines.",793,G105.png,"Checklist of four steps for acting out dreams in later life. 1 Ask the bed partner and the person about chasing or attacking dreams and injuries. 2 Assess: refer for a sleep study if in doubt; severe sleep apnoea can look similar. 3 Protect: clear hazards, pad furniture and headboard, soft rug. 4 Talk: review medicines.","Sources: Postuma et al., Brain 2019 https://doi.org/10.1093/brain/awz030 ; McKeith et al., Neurology 2017 https://doi.org/10.1212/WNL.0000000000004058 ; Haba-Rubio et al., Sleep 2018 https://doi.org/10.1093/sleep/zsx197 ; Howell et al., J Clin Sleep Med 2023 https://doi.org/10.5664/jcsm.10424"
G106,C11,both,Care that works,"Older people given a booklet about the risks of long-term benzodiazepines (a group of calming and sleeping tablets), with a plan for cutting down, were far more likely to have stopped six months later. About 27 in 100 had stopped, against about 5 in 100 given usual care (no booklet). A further 11 in 100 had cut their dose.

This was a Quebec trial of 303 people aged 65 to 95, run through community pharmacies. About 62 in 100 who got the booklet raised stopping with their doctor or pharmacist themselves.

The result has limits. Stopped meant no more pharmacy refills. In a second Quebec trial, 29 of 77 people who tried to cut down slowly reported withdrawal symptoms, though none needed hospital care. Mail alone has not always worked: in a large US trial, mailing information to people with dementia and their prescribers did not reduce use of high-risk medicines, including sedatives.

If you take one long term, ask your pharmacist for written information on the risks and a slow plan for cutting down.",1011,G106_1.png | G106_2.png,"Two grids of 100 person icons. After a booklet on tablet risks and a plan for cutting down, about 27 in 100 older long-term benzodiazepine users had stopped at 6 months, against about 5 in 100 with usual care. 303 people aged 65 to 95, Quebec pharmacies. || Read it with care. 29 of 77 people who tried to taper in a second Quebec trial reported withdrawal symptoms; none needed hospital care. Both trials were in Quebec pharmacies. Mailing information did not reduce high-risk medicine use in a US trial in dementia. Ask your pharmacist for written information and a slow plan.","Sources: Tannenbaum et al., JAMA Intern Med 2014 https://doi.org/10.1001/jamainternmed.2014.949 ; Martin et al., JAMA 2018 https://doi.org/10.1001/jama.2018.16131 ; Singh et al., JAMA Intern Med 2024 https://doi.org/10.1001/jamainternmed.2024.5632"
G107,C11,public,"Small detail, real effect","In a sleep laboratory, a standard high-pitched smoke alarm woke about 56 in 100 adults with hearing loss from deep sleep. A lower-pitched alarm at the same loudness woke about 92 in 100.

A vibrating pad under the pillow or mattress woke 80 to 84 in 100. A flashing light woke about 27 in 100, even when brighter than the US standard.

The study was small: 38 adults aged 18 to 80 with mild to moderately severe hearing loss. The group included younger adults. They were tested in deep sleep only. It did not say whether hearing aids were worn.

If you take your hearing aids out at night, you can ask your fire and rescue service for a home fire safety visit, say you are hard of hearing, and ask whether they can fit an alarm with a vibrating pad. Every service in England offers visits; what they fit varies.",811,G107_1.png | G107_2.png,"Bar chart of how many out of 100 adults with hearing loss were woken from deep sleep in a laboratory: standard high-pitched alarm 56, lower-pitched alarm 92, vibrating pad 80 to 84, flashing light 27. 38 adults aged 18 to 80. || Illustration of an older Black woman asleep in bed, a hearing aid, glass and phone on the bedside table, a vibrating pad under the pillow and a smoke alarm on the ceiling. Three numbered tips: alarm you will wake to, vibrating pad, and a fire and rescue home safety visit.","Sources: Bruck and Thomas, Ear Hear 2009 https://doi.org/10.1097/AUD.0b013e3181906f89 ; James and Clark, Dementia 2025 https://doi.org/10.1177/14713012251320251 ; Cockayne et al., Public Health Research 2025 https://doi.org/10.3310/DJHF6633"
G108,C11,practitioners,Teaching round,"In a large English insomnia trial, everyone got a sleep hygiene booklet: advice on caffeine, alcohol, a dark room and screens. Some people also had four sessions of sleep restriction therapy from a practice nurse (time in bed matched to time asleep). At 6 months their insomnia was less severe: an average score of 10.9, against 13.9 for booklet only, on a 0 to 28 scale where lower is less severe. The treatment was likely to be good value for the NHS.

That trial had 642 adults in 35 practices, mean age 55. In a small US trial of 79 older adults (average age 72), about 2 in 3 had responded at 4 weeks after two nurse sessions and two phone calls of behavioural treatment, against 1 in 4 given printed information.

The American Academy of Sleep Medicine suggests against sleep hygiene alone for long-term insomnia (a conditional recommendation). Offer sleep restriction therapy or other behavioural treatment, not the booklet alone.",937,G108.png,"Comparison card. Left: leaflet sleep hygiene advice about caffeine and alcohol, a dark room and screens. Right: what treats long-term insomnia: stimulus control, sleep restriction and full CBT for insomnia. A leaflet is a starting point, not the treatment.","Sources: Kyle et al., Lancet 2023 https://doi.org/10.1016/S0140-6736(23)00683-9 ; Buysse et al., Arch Intern Med 2011 https://doi.org/10.1001/archinternmed.2010.535 ; Edinger et al., J Clin Sleep Med 2021 https://doi.org/10.5664/jcsm.8986 ; Qaseem et al., Ann Intern Med 2016 https://doi.org/10.7326/M15-2175"
G109,C11,practitioners,Teaching round,"A ferritin that is normal by the usual standard can still be low enough for iron to help restless legs. The 2025 US sleep medicine guideline (AASM) says some people with normal iron results benefit from iron. It advises checking ferritin and transferrin saturation in everyone with troublesome restless legs. It advises offering iron if ferritin is 75 or below (ng/mL, the same as micrograms per litre), or transferrin saturation is under 20%. Those cut-offs are expert consensus and have not been tested directly.

Then look for aggravators: alcohol, caffeine, sedating antihistamines, serotonergic antidepressants, medicines that block dopamine and untreated sleep apnoea.

The guideline advises against pramipexole, ropinirole and rotigotine as standard treatment (a conditional recommendation) because of augmentation: symptoms starting earlier in the day and spreading. It strongly recommends gabapentin and pregabalin, and intravenous iron where iron status is appropriate. In older people gabapentin and pregabalin cause sleepiness and dizziness, so weigh that, especially after a fall.",1093,G109.png,"Flow diagram for restless legs, from a 2025 US guideline. Step 1 check ferritin and transferrin saturation. Step 2 offer iron if ferritin is 75 or below or saturation under 20%. Step 3 look for aggravating medicines and causes. Step 4 choose treatment with care. Notes on dopamine agonists and gabapentinoids.","Sources: Winkelman et al., J Clin Sleep Med 2025 https://doi.org/10.5664/jcsm.11390 ; AGS Beers Criteria 2023 https://doi.org/10.1111/jgs.18372"
G110,C11,both,Reading the evidence,"Treating insomnia in later life may lower the chance of depression, according to one trial of 291 people aged 60 and over. All had insomnia but were not depressed. They had 2 months of either CBT for insomnia (a structured talking and sleep-scheduling treatment) or sleep education.

Over up to 3 years, 12 in 100 who had CBT developed major depression, against 26 in 100 who had sleep education. The risk over time was about half as high.

The trial has limits. It was one trial at one site, and more than 8 in 10 were White. More people in the CBT group dropped out of follow-up: 73 in 100 of the CBT group completed 2 years, against 87 in 100 of the sleep education group. Only just over half in each group completed 3 years.

Insomnia in later life is worth treating with CBT for insomnia. Whether that lowers the chance of depression needs more trials.",857,G110.png,"Two grids of 100 person icons. Major depression over up to 3 years: 12 in 100 after CBT for insomnia (19 of 156) and 26 in 100 after sleep education (35 of 135), 291 adults aged 60 and over. Limits: one trial, one site, more than 8 in 10 White, fewer CBT participants completed follow-up.","Sources: Irwin et al., JAMA Psychiatry 2022 https://doi.org/10.1001/jamapsychiatry.2021.3422"
G111,C11,public,"Small detail, real effect","If you sleep with a CPAP machine, pack it for hospital: machine, mask, tubing and power lead. Tell the staff you use it.

CPAP is a machine and mask worn in sleep that keep your airway open if you have sleep apnoea, where breathing repeatedly stops and starts. Anaesthesia and sleep specialists advise that people who use it keep using it around an operation, before and after. Their guidance suggests hospitals should consider either having a machine available or asking patients to bring their own.

Strong painkillers such as morphine-type drugs, and some sedatives, may make breathing problems more likely in people with sleep apnoea. The evidence is limited, which is one more reason to tell staff.

The guidance is for planned surgery. If you are admitted unexpectedly, ask someone to bring your machine in.",813,G111.png,"Illustration of a hospital bedside. An older man sits up in bed while a nurse with a notepad stands beside him; on the bedside cabinet are a CPAP machine, mask, tubing and power lead. Numbered tips: bring each part, tell the nurse on arrival, ask whether the ward needs to check the machine.","Sources: Chung et al., Anesth Analg 2016 https://doi.org/10.1213/ANE.0000000000001416 ; Memtsoudis et al., Anesth Analg 2018 https://doi.org/10.1213/ANE.0000000000003434"
G112,C11,public,Weighing it up,"Melatonin (up to 10 mg) may make little or no difference to sleep in people with Alzheimer's disease and poor sleep, in trials lasting 8 to 10 weeks. So decide what would count as success before trying it. The evidence is limited and no serious side effects were reported. The same review found some evidence of benefit for other medicines.

In a review of adults and children with insomnia and other sleep problems, melatonin helped people fall asleep about 7 minutes sooner than a dummy pill. They slept about 8 minutes longer. These are averages.

European guidance says prescribed slow-release melatonin can be used for up to 3 months in people aged 55 and over, and does not recommend ordinary fast-release melatonin for insomnia. In tests of supplements sold in the US and Canada, most did not contain what the label said.

Before a trial of melatonin, decide when you will stop if it has not helped.",906,G112.png,"Three columns on melatonin. What prescribed melatonin is for: slow-release, ages 55 and over, up to 3 months. What the evidence shows: little or no difference in Alzheimer's disease; about 7 minutes quicker to sleep and 8 more minutes in other sleep problems. What to ask: success, review, product source.","Sources: McCleery and Sharpley, Cochrane 2020 https://doi.org/10.1002/14651858.CD009178.pub4 ; Riemann et al., J Sleep Res 2023 https://doi.org/10.1111/jsr.14035 ; Ferracioli-Oda et al., PLoS One 2013 https://doi.org/10.1371/journal.pone.0063773 ; Cohen et al., JAMA 2023 https://doi.org/10.1001/jama.2023.2296"
G113,C11,public,Ask this,"Ask a care home how it plans the night. Four questions: how are night checks planned for each person, and can they be changed? How is continence care (help for someone with bladder or bowel leaks) given to someone who is asleep? How are noise and lights kept down, and what happens if someone is awake at 3am? What time do residents go to bed, and who decides?

These questions come from US nursing home studies of residents with incontinence. A wet episode was linked with about 4 in 100 night-time awakenings, and the light and noise of night-time checks were linked with waking. In the studies, care set each person's checks by their own skin risk and gave care when they were already awake. Waking caused by care fell, and skin was not harmed.

Some checks are needed for skin and safety, and the studies were small and old. In interviews in four UK care homes, staff caring for residents with dementia said there are too few night staff to help residents who wake. Ask the home to explain its plan for the night, and ask who is responsible for it.",1052,G113.png,"Illustration of a care home bedroom at night. An older man sleeps in bed; a care worker stands in the lit doorway. Four numbered questions to ask a home: how night checks are planned, continence care while asleep, keeping noise and lights down, and bedtimes and who decides.","Sources: Schnelle et al., Nurs Res 1998 https://doi.org/10.1097/00006199-199807000-00004 ; Ouslander et al., JAGS 1998 https://doi.org/10.1111/j.1532-5415.1998.tb02467.x ; Schnelle et al., JAGS 1999 https://doi.org/10.1111/j.1532-5415.1999.tb07235.x ; Webster et al., PLoS One 2022 https://doi.org/10.1371/journal.pone.0272814"
G114,C11,both,Who gets left out,"CBT for insomnia (a structured talking and sleep-scheduling treatment) can be delivered by phone. In a US trial of 327 people aged 60 and over with insomnia and osteoarthritis pain, six phone sessions (20 to 30 minutes each, over 8 weeks) improved sleep more than information about sleep and arthritis. A year later, among those followed up, 56 in 100 in the phone group had insomnia that was no longer bad enough to count as a clinical problem, against 26 in 100 in the information group.

CBT for insomnia is the recommended first treatment for long-term insomnia. A national study of people living at home in England estimated that about 79 in 100 people aged 60 and over used the internet at all in 2020. So about 1 in 5 did not. A route that needs the internet leaves them out. This is an argument, not a test result: the trial did not compare phone with online delivery, and people also kept sleep diaries and had written materials.

You can ask your GP practice: can I have CBT for insomnia by phone or in person?",1020,G114_1.png | G114_2.png,"Bar chart: no clinically significant insomnia at 12 months, 56 in 100 after six phone sessions of CBT for insomnia (67 of 119) against 26 in 100 with information only (33 of 128). Adults 60 and over with osteoarthritis pain. || Grid of 20 person icons, 4 shaded: about 1 in 5 people aged 60 and over in England did not use the internet in 2020 (estimate). A route needing the internet leaves some out. Ask your GP practice: can I have CBT for insomnia by phone or in person?","Sources: McCurry et al., JAMA Intern Med 2021 https://doi.org/10.1001/jamainternmed.2020.9049 ; Kung and Steptoe, Sci Rep 2023 https://doi.org/10.1038/s41598-023-30882-8 ; Qaseem et al., Ann Intern Med 2016 https://doi.org/10.7326/M15-2175 ; Kyle et al., Lancet 2023 https://doi.org/10.1016/S0140-6736(23)00683-9"
G115,C11,practitioners,Teaching round,"Before writing up a sleeping tablet for an older patient who is awake at night, ask what is keeping them awake.

In a one-night survey of 2,005 adult patients of all ages in 39 Dutch hospitals (median age 68), people reported sleeping 83 minutes less than at home. Noise from other patients, medical equipment, pain and needing the toilet were the disturbances reported most.

In trials in people over 60, sleeping tablets added only about 25 minutes of self-reported sleep, and memory problems, confusion and daytime tiredness were more common. Those trials were of nightly use over at least 5 nights, not one dose on a ward.

For the day team: is a steroid given later than the morning? Expert advice favours a single morning dose where possible. Is donepezil given at night to someone with sleeplessness or vivid dreams? Reviews suggest morning dosing may help; raise it with the prescriber.",894,G115.png,"Checklist. Tonight ask about pain, needing the toilet, noise from other patients and medical equipment. Tomorrow, for the day team, review dose times: steroid given later than morning, donepezil at night with sleeplessness or vivid dreams. Sleeping tablets gave about 25 more minutes of sleep in over 60s.","Sources: Wesselius et al., JAMA Intern Med 2018 https://doi.org/10.1001/jamainternmed.2018.2669 ; Glass et al., BMJ 2005 https://doi.org/10.1136/bmj.38623.768588.47 ; Liu et al., Allergy Asthma Clin Immunol 2013 https://doi.org/10.1186/1710-1492-9-30 ; Moderie et al., Encephale 2022 https://doi.org/10.1016/j.encep.2021.08.014"
G116,C12,practitioners,What gets counted,"Sixty of 352 people aged 70 and over said they could no longer control their bladder when they left an Israeli hospital medical ward. All 352 had been able to control it before they were admitted.

People who wore pads or had a catheter for most of the stay were more likely to report new leaking than people who used the toilet. This is a link only. Frailer people are more likely to be given pads and the study could not fully allow for that, so pads may not be the cause.

We should help people to the toilet by default, and treat a new ""incontinent"" record as a reason to ask why. That takes staff time and call bells answered quickly.",639,G116_1.png | G116_2.png,"Icon array of 100 person icons standing for 352 older hospital patients who were all continent on admission. 17 icons are filled orange with a ring, the rest are teal outlines. By discharge 60 of 352, about 17 in 100, said they could no longer control their bladder. Acute medical patients aged 70 and over, one Israeli hospital. || Text card. Pads or a catheter for most of the stay were linked with new incontinence at discharge, after allowing for age, illness, mobility and memory. It shows a link, not cause; frailer people get pads more often. Our judgement, in a mint panel: help people to the toilet by default and ask why when a new incontinent record appears.",Sources: https://doi.org/10.1111/j.1532-5415.2011.03413.x (Zisberg 2011); https://doi.org/10.1016/j.ijnsa.2023.100131 (Larsen 2023); https://doi.org/10.1086/651091 (CDC 2009)
G117,C12,both,Reading the evidence,"Cranberry products probably help women who keep getting urine infections, though the benefit could be small. In the trials, about 18 in 100 women taking cranberry had an infection over the time each trial followed them, against about 24 in 100 not taking it.

For older people living in care homes or other institutions, the trials did not show a clear benefit: about 11 in 100 had an infection with or without cranberry. The result is uncertain: the true effect could be anywhere from about 4 fewer to about 3 more infections per 100 people.

We should not rely on cranberry to prevent infections in a care home.",613,G117.png,"Bar chart of urine infections per 100 people during trials. Women with repeat infections: 24 without cranberry, 18 with it (probably fewer, moderate certainty). Older people in institutions: about 11 without, about 10.5 with, no clear benefit, with a range line showing the result is uncertain. Cochrane review 2023.","Sources: https://doi.org/10.1002/14651858.CD001321.pub7 (Williams, Cochrane 2023); https://pubmed.ncbi.nlm.nih.gov/37947276/"
G118,C12,both,Ask this,"Many people, including care staff, take smelly urine or a change in urine colour as a sign of infection. In a French survey of 444 treated episodes of suspected urine infection in 134 nursing homes, smelly urine was given as a reason in about 3 in 10.

Smell and colour alone are weak signs of infection. In a small US study of 97 wet pads, judging by smell disagreed with urine tests about 1 time in 3. Those tests find bacteria in the urine, which many residents have without any infection. A larger US study looked at residents already suspected of having an infection. When the urine had changed in colour or smell, or showed blood, laboratory signs of infection were found in about 47 in 100. When it had not, they were found in about 31 in 100. So a change raised the chance, but the same laboratory signs are common in residents with no infection.

Report new pain or burning passing urine, new or much worse urgency or leaking, pain low in the tummy or in the side, or blood in the urine, and fever with any of these. Ask whether antibiotics are being suggested for smell or colour alone. People with a catheter, or who are unable to say how they feel, need a clinician's judgement.",1190,G118.png,"Comparison card. Smell and colour of urine are weak guides to urine infection; wet pad smell disagreed with urine tests about 1 time in 3. Report promptly: pain or burning, new urgency, frequency or leaking, pain in the tummy or side, blood in urine, or fever. Ask whether an antibiotic is for new symptoms. Catheter users need clinician judgement.","Sources: https://doi.org/10.3928/0098-9134-20040601-04 (Midthun 2004); https://doi.org/10.1111/j.1532-5415.2009.02227.x (Juthani-Mehta 2009); https://doi.org/10.1086/667743 (Stone 2012); https://doi.org/10.1016/j.medmal.2018.04.387 (Lemoine 2018); https://doi.org/10.3399/BJGP.2022.0059 (Krzyzaniak 2022); https://doi.org/10.1093/cid/ciy1121 (Nicolle 2019, IDSA)"
G119,C12,public,Reading the evidence,"Once a day is the most common bowel pattern. In a 1992 Bristol study of about 1,900 adults, only 40 in 100 men and 33 in 100 women had a bowel movement every day. Most people did not follow a fixed daily pattern, and a third of the women went less often than once a day.

Among US adults who called their bowels normal, 96 in 100 went somewhere between 3 times a week and 3 times a day. A Swedish study of healthy adults aged 18 to 70 found the same range for 98 in 100. These studies do not tell us what is usual for people in their 80s or 90s.

GPs may use a simple stool test, called FIT, to help decide who needs urgent bowel tests. A normal result does not rule out a problem if symptoms last. Tell your GP about a change from your own usual pattern that lasts, blood from the back passage or in the stool, or weight loss you can't explain.",845,G119_1.png | G119_2.png,"Chart and scale. Bristol study: a regular daily bowel cycle in 40 in 100 men and 33 in 100 women. A wide band from 3 times a day to 3 times a week held 96 in 100 US adults reporting normal bowels and 98 in 100 healthy Swedish adults. Arrows mark more often and less often. || Text card. Constipation means hard or lumpy stools, straining, feeling not emptied, or fewer than 3 a week, a good part of the time. Three numbered points: tell your GP about a lasting change, blood from the back passage or in the stool, or unexplained weight loss.",Sources: https://doi.org/10.1136/gut.33.6.818 (Heaton 1992); https://doi.org/10.1038/ajg.2017.213 (Mitsuhashi 2018); https://doi.org/10.3109/00365520903551332 (Walter 2010); https://doi.org/10.1053/j.gastro.2023.03.214 (Chang 2023); https://doi.org/10.1136/gutjnl-2022-327985 (FIT guideline 2022); https://doi.org/10.1002/ueg2.12213 (Assmann 2022)
G120,C12,public,Ask this,"Ask for a continence assessment (a check for the causes of leaking, and for what could help) when incontinence is part of why a care home is being discussed.

A US study from the 1990s followed about 6,000 people aged 65 and over. Women whose incontinence had been recorded by doctors were about twice as likely to move into a nursing home as women without it, and men about three times as likely, after allowing for age and other illnesses. This is a link in records. The study did not test whether treating incontinence prevents a move.

An assessment can look at medicines such as water tablets and sedatives, constipation, difficulty getting to the toilet, equipment, products and help at night. It may find something that helps, though research on help at home is thin.",774,G120.png,"Question card with five numbered questions and small line icons: has anyone looked for the cause of leaking, constipation checked, could a medicine contribute, would a commode, urinal bottle or night help make nights easier, are the right products supplied. A US 1990s study links incontinence with nursing home moves. A care home can still be the right choice.",Sources: https://doi.org/10.1093/ageing/26.5.367 (Thom 1997); https://doi.org/10.1186/1471-2318-11-75 (Drennan 2011); https://doi.org/10.1093/ageing/afac199 (Schlogl 2022); https://doi.org/10.1159/000052776 (Charach 2001); https://doi.org/10.1186/1471-2318-12-77 (Drennan 2012); https://doi.org/10.1093/ageing/afae126 (Buck 2024)
G121,C12,public,Care that works,"Women who use a pessary (a device placed in the vagina to hold the pelvic organs up) usually go back to clinic about every 6 months to have it changed. In a UK trial at 21 NHS centres, 340 women were randomly assigned to learn to do it themselves or to keep going to clinic.

At 18 months there was no clear difference in quality of life. Women who looked after their own pessary reported slightly fewer pessary problems on a questionnaire. The women knew which group they were in. On examination, fewer had sores or other concerns about the vaginal tissues: about 18 in 100 who looked after their own, against 27 in 100 in clinic care. The paper did not test whether that gap could be down to chance, so it is unclear whether it is real.

The trial left out women who could not use their hands well enough to remove a pessary, women whose memory or thinking problems meant they could not consent or self-manage, and women who needed teaching in a language other than English. About 1 in 5 women taught to self-manage went back to clinic care. Clinic care remains a good choice, and many women prefer it. If you use a pessary and think you could manage it, ask whether you can be taught.",1187,G121_1.png | G121_2.png | G121_3.png | G121_4.png,"Schematic side view of the pelvis with labels: a ring pessary sits in the vagina below the womb, with bladder in front and bowel behind. A pessary holds the pelvic organs up. Many women change it in clinic about every 6 months. || Two columns. Self-management taught: a 30-minute session, a leaflet, a phone call after 2 weeks, a helpline number. Usual clinic care: changed in clinic, usually every 6 months, shown with a nurse seated at a desk. || Trial of 340 women, 21 NHS centres, 18 months. No clear difference in quality of life; fewer self-reported complications. Bar chart: vaginal tissue concerns on examination 27 of 152 self-managing (about 18 in 100) and 43 of 160 clinic care (about 27 in 100). Self-management also cost the NHS less. || Limits of the trial. Not included: women who could not use their hands well, women with memory or thinking problems who could not consent or self-manage, women needing teaching in another language. About 1 in 5 women taught to self-manage went back to clinic care. Clinic care remains a good choice.","Sources: https://doi.org/10.1016/j.eclinm.2023.102326 (Hagen 2023, TOPSY); https://doi.org/10.1111/1471-0528.18333 (Bugge 2025, 4 years); https://doi.org/10.3310/NWTB5403 (Bugge 2024); https://doi.org/10.1016/j.jval.2024.03.004 (Manoukian 2024, costs)"
G122,C12,practitioners,Teaching round,"In a 2017 to 2018 survey of 267 people on UK district nursing caseloads whose urinary catheter had been placed in the previous 4 weeks, only half had any plan for taking it out. A plan meant a review date, a date to try without it, or a referral to district nurses, urology or a continence service. The share with a plan ranged from 20 in 100 to 96 in 100 between organisations.

National guidance for NHS hospitals in England (epic3) says the record should state why the catheter went in, when, and the planned removal date, and that nobody should be discharged or transferred with a short-term catheter without a documented plan. The longer a catheter stays in, the higher the infection risk.

We should treat a catheter without a reason and a removal plan as an incomplete discharge.",786,G122.png,"Flow from hospital ward to discharge letter to home or care home to district nurse, GP or continence service, with a tag marked written down at discharge listing three facts: why the catheter went in, the date, and who will review or remove it and when. A bar shows 134 of 267 new catheters had a removal plan.","Sources: https://doi.org/10.1177/1757177420901550 (Prieto 2020, CCaMa survey); https://doi.org/10.1016/S0195-6701(13)60012-2 (epic3 2014); https://doi.org/10.1086/655133 (Meddings 2010)"
G123,C12,both,Teaching round,"Some leaks happen because the toilet is hard to reach or hard to use: slow walking, memory problems, or the layout of the route and room. Getting there in time means standing up, walking, opening a door, finding the toilet, undoing clothes and sitting down.

Two links from research. In a US study of about 6,000 older women, leaking after a sudden strong need to pass urine at least weekly was linked with more falls and fractures over about 3 years than in women without it. Getting up at night to pass urine is also linked with falls. Neither link shows cause.

We should include watching someone make that trip, from chair or bed to toilet, by day and by night, in a continence assessment (a check for the causes of leaking). Check the chair height, whether a walking aid is within reach, and whether the route is clear and lit. Check that the door opens easily and clothes are easy to undo. At night, check for a commode or urinal bottle. No trial evidence was found for each of these changes on its own.

Ask for the trip to the toilet to be watched, by day and by night.",1077,G123.png,"Cutaway drawing of a home. An older man with white hair rises from a green armchair beside a bed, with a four-wheeled walker in reach. A night light lights the hall, a bay door opens to a bathroom with a raised toilet seat and grab rails. Seven numbered markers match seven things to check; a commode and urinal bottle by the bed are marked for night.",Sources: https://pubmed.ncbi.nlm.nih.gov/21075990/ (Frank 2010); https://doi.org/10.1111/j.1532-5415.2000.tb04744.x (Brown 2000); https://doi.org/10.1097/JU.0000000000000459 (Pesonen 2020)
G124,C12,public,Ask this,"""I have had some accidents with my bowels"" is a sentence your GP or practice nurse can act on. European guidance tells doctors and nurses to ask about bowel leakage directly and to take account of the words a person prefers, such as ""accidents"".

Leakage is more common in older age groups. A US national survey asked adults living at home about bowel leakage in the past month, including small amounts of liquid or mucus. About 3 in 100 people in their 20s reported it. For those aged 70 and over it was about 15 in 100, roughly 1 in 7. Two US surveys asked people with leakage whether they had told a doctor. One surveyed clinic patients in the 1990s, the other women aged 45 and over. Only about 1 in 3 had.

Loose stools, and constipation with leakage around hard stool, are common causes that can be treated. First steps include advice on food, fibre and drinks, a toilet routine, and pads and skin care. These steps help some people, though the evidence for each is modest, and there are further tests and treatments if not. You can ask whether a continence service (a team that assesses and treats leaking) could help.",1125,G124_1.png | G124_2.png,"Comic strip, illustration only. A nurse and an older Black woman with grey hair and a walking stick sit across a desk. She says she has had some accidents with her bowels. Text gives the US survey figures: about 15 in 100 adults aged 70 and over reported leakage; only about 1 in 3 had told a doctor. Say it in plain words. || Two comic panels. The nurse thanks her and asks about her bowel pattern, and may ask about childbirth and surgery. In the next panel she asks if a continence service could help; he holds a leaflet and says they can start with simple steps. Caption lists first steps: food, fibre, drinks, toilet routine, pelvic floor exercises, pads, skin care.","Sources: https://doi.org/10.1053/j.gastro.2009.04.054 (Whitehead 2009); https://pubmed.ncbi.nlm.nih.gov/8561140/ (Johanson 1996); https://doi.org/10.1002/ueg2.12213 (Assmann 2022, UEG guideline); https://doi.org/10.1097/SPV.0b013e31828016d3 (Brown 2013); https://doi.org/10.1111/ijcp.12018 (Brown 2012)"
G125,C12,practitioners,Weighing it up,"An indwelling catheter is a tube that stays in the bladder. For a man who can empty his bladder but needs urine collected, a sheath worn over the penis collects it without one. US infection control guidance (CDC, 2009) suggests considering one for cooperative men without retention or blockage; it is a weaker, category II recommendation.

In a US trial of 75 men in a veterans' hospital, aged about 73 on average, men with a sheath were more likely to say it was comfortable and not painful. A combined measure of problems (bacteria in the urine on daily testing, symptomatic infection or death) was lower with the sheath after adjustment but not clearly before it. Bacteria in the urine drove the result. Similar shares of men had an event (about 44 in 100 with a sheath against 49 in 100 with a catheter). In men with dementia the trial did not show a clear difference.

A sheath needs the right size, a secure but not tight fit, daily changes and regular skin checks.",971,G125_1.png | G125_2.png,"Two line diagrams of the lower body from the side. Left, indwelling catheter: a tube runs from the bladder out to a drainage bag at the thigh. Right, sheath: worn outside over the penis with a short tube to a drainage bag, nothing inside the bladder. For men who can empty their bladder but need urine collected. || Trial of 75 hospital men, average age about 73. Men with a sheath were more likely to say it was comfortable and not painful. The combined measure was mostly bacteria in urine on daily testing, lower with the sheath only after adjustment. No clear difference in dementia. Checklist of five points for a sheath.",Sources: https://doi.org/10.1111/j.1532-5415.2006.00785.x (Saint 2006); https://doi.org/10.1086/651091 (CDC 2009); https://doi.org/10.12968/bjcn.2025.0205 (Hamilton 2026)
G126,C13,practitioners,Reading the evidence,"The 2004 study that tested red plates for people with dementia had nine men.

They had advanced Alzheimer's disease and lived in long-term care. Over 10 days with high-contrast red plates and cups, they ate about a quarter more food and drank 84% more, on average, than over 10 days with white ones. Eight of the nine ate or drank more.

A year later, strongly contrasting blue plates also increased eating and drinking, and pale red and pale blue plates did not. That suggests contrast, rather than the colour red, was the reason.

A later study of blue plates in 18 people with dementia, on a menu with many pale foods such as white rice and mashed potato, did not show a clear increase in eating. A 2026 review found four small studies in all and called the evidence limited, low quality and inconclusive.

Contrast plates are cheap to try. We should not count one as a replacement for help at the meal.",906,G126_1.png | G126_2.png,"Card 1 of 2. Red plates study: nine men with advanced Alzheimer's disease in long-term care had 10 days on white plates, 10 on red, 10 on white. On red they ate about 25% more food and drank 84% more on average. Eight of the nine ate or drank more; one did not. Dunne 2004. || Card 2 of 2. What came after: a year later strong blue also worked, pale red and pale blue did not. A later blue plate study in 18 people with dementia, with many pale foods, showed no clear increase. A 2026 review: 4 small studies, 64 people, none randomised; evidence limited and inconclusive. Cheap to try; keep helping.",Sources: Dunne 2004 https://doi.org/10.1016/j.clnu.2003.09.015 ; 2026 review https://doi.org/10.3390/nu18142338 ; Cochrane review of mealtime changes in dementia https://doi.org/10.1002/14651858.CD011542.pub2
G127,C13,practitioners,Reading the evidence,"A mouth care programme in 14 US nursing homes did not show a clear fall in pneumonia over two years.

Across 2,152 residents there were 0.67 pneumonia cases per 1,000 resident-days with the programme and 0.72 without. An analysis of the first year alone found fewer cases, but that analysis was not planned in advance. In year two, pneumonia was slightly more common in programme homes, but not clearly so.

A 2022 Cochrane review of six trials, all at high risk of bias, judged the effect largely unclear. Two small trials suggested fewer pneumonia deaths at two years, with low certainty; a larger study found no clear difference at 18 months. None compared mouth care with no mouth care.

We should keep cleaning mouths for comfort, eating and finding sore spots, whatever the trials show about pneumonia.",808,G127.png,"Comparison card. Left: trials of mouth care and pneumonia are uncertain: 14 US nursing homes showed no clear fall; Cochrane 2022 found six trials, all at high risk of bias; none compared mouth care with none. Right, marked as judgement: reasons to clean mouths anyway are plaque removal, comfort, easier eating, early detection of sore spots and dignity.",Sources: Zimmerman 2020 https://doi.org/10.1001/jamanetworkopen.2020.4321 ; Cochrane review 2022 https://doi.org/10.1002/14651858.CD012416.pub3 ; Yoneyama 2002 https://doi.org/10.1046/j.1532-5415.2002.50106.x
G128,C13,both,"Small detail, real effect","About four in ten healthy people over 65 could not open a hospital cheese portion.

That was an Australian test of 40 volunteers. One in ten could not open a bottle of water. In another study in four Australian hospitals, about half of 140 mostly older patients found milk, juice and cereal packs difficult to open.

In a laboratory test, 34 healthy older volunteers opened packs lying in a hospital bed and sitting in a chair. Lying down took more finger strength and finer finger control. The researchers concluded that patients should sit up to eat.

UK packs may differ, and none of these studies tested whether opening packs raises how much people eat. Even so, we should open the packet, help the person sit up, and record food that comes back unopened as ""not opened"", as the person may not have been able to open it.",824,G128.png,"Annotated drawing of a hospital tray from above with numbered items: cheese portion (about 4 in 10 healthy over-65s could not open one), water bottle (1 in 10), milk, juice and cereal packs (about half of 140 patients struggled). Inset 4: an older woman in bed and an older man in a chair, with a lab finding that opening a pack in bed took more finger strength.",Sources: Bell 2016 https://doi.org/10.1016/j.appet.2015.12.004 ; Bell 2013 https://doi.org/10.1016/j.appet.2012.10.013 ; Bell 2017 https://doi.org/10.1111/jhn.12430
G129,C13,both,What gets counted,"Helping one nursing home resident eat a meal took an average of 38 minutes in a US study. In usual care, residents got about 9 minutes of help.

In that 2001 study of 74 residents in three homes, half ate and drank more during two days of one-to-one help than on their usual-care days, by more than chance would explain. The research team gave the help, not the homes' own staff.

A later US trial found a similar gap: 42 minutes per person helped from trained research staff, against about 5 in usual care. Across the four homes, directors of nursing reported one care aide for 6 to 11 residents on the day shift. The authors wrote that most US homes lack the aides to give this help to everyone who needs it.

No UK figure was found. We should plan mealtime staffing from how many people need help and how long it takes. Where the minutes are not counted, the plan has no time for this help.",893,G129_1.png | G129_2.png,"Bar chart. Minutes of one-to-one mealtime help per resident per meal in a US study of 74 residents: usual care 9 minutes, one-to-one help by research staff 38 minutes. Half of the residents ate and drank significantly more with this help. Simmons 2001, 3 nursing homes, 2 days. || Bar chart. Minutes of help per person per meal in a later US trial of 76 residents: usual care about 5 minutes, trained research staff 42 minutes. Directors of nursing reported one care aide for 6 to 11 residents on the day shift. No UK figure was found. Simmons 2008.",Sources: Simmons 2001 https://doi.org/10.1093/gerona/56.12.m790 ; Simmons 2008 https://doi.org/10.1111/j.1532-5415.2008.01801.x
G130,C13,both,Care that works,"Thirst and a dry mouth in the last days of life can be eased with mouth care, lip care and small sips.

A small US study followed 32 people dying in a comfort care unit. The authors described them as terminally ill with cancer, and all could say how they felt. Thirst and a dry mouth could be relieved in every case, usually with mouth care, ice chips, moistened lips and sips of drink. The amounts were far smaller than would be needed to prevent dehydration. There was no comparison group.

UK guidance from NICE (2015) advises helping the person drink if they want to, frequent mouth and lip care, and encouraging family to help if they wish. Fluids by drip or under the skin are a separate decision, considered for each person.

A 2023 Cochrane review (a review that gathers all the trials on a question) found the trials of those fluids were all in people with cancer. If someone close to you is dying, ask the team what mouth care you can help with.",955,G130.png,"Illustration of a son sitting beside his mother's bed, leaning in to moisten her lips; she rests propped on pillows. A glass sits on the bedside table. Checklist: sips of drink if wanted, frequent mouth and lip care, ice chips or moistened lips, family can help, ask the nurse to show you. Drips are a separate decision.",Sources: NICE NG31 summary https://doi.org/10.7861/clinmedicine.16-3-254 ; McCann 1994 https://doi.org/10.1001/jama.272.16.1263 ; Bruera 2013 https://doi.org/10.1200/JCO.2012.44.6518 ; Cochrane 2023 https://doi.org/10.1002/14651858.CD006273.pub4
G131,C13,both,Weighing it up,"Feeding tubes for people with advanced dementia have not been shown to help them live longer.

A 2021 Cochrane review found no randomised trials (trials that assign treatment by chance). It found 14 observational studies (studies that watched what happened without assigning treatment). Four of them, with 36,816 people in all, looked at PEG tubes (a tube into the stomach through the skin). They did not show longer survival. The certainty of this is low, so better studies could change it. A few small studies of other tube types found longer survival, at very low certainty. No study has shown that a tube makes a person more comfortable, and none measured quality of life. In one observational study of 4,421 people, pressure sores were more common with a PEG.

US guidance from the American Geriatrics Society (2014) advises against tubes in advanced dementia and recommends careful hand feeding. European nutrition guidance (2024) says tube feeding is not an option in severe dementia.

We should treat saying no to a tube as a decision about one treatment. A person's worth is unchanged, and food, drink, mouth care and company continue.",1144,G131.png,"Comparison card on feeding tubes in advanced dementia. Left: no randomised trials; PEG not shown to help people live longer; no study showed more comfort; more pressure sores in one study of 4,421. Right: careful hand feeding, expert-proposed and untested. Saying no to a tube is a decision about one treatment; food, drink, mouth care and company continue.",Sources: Cochrane 2021 https://doi.org/10.1002/14651858.CD013503.pub2 ; AGS 2014 https://doi.org/10.1111/jgs.12924 ; ESPEN 2024 https://doi.org/10.1016/j.clnu.2024.04.039 ; Palecek 2010 https://doi.org/10.1111/j.1532-5415.2010.02740.x
G132,C13,practitioners,Teaching round,"Urine colour, a dry mouth and thirst each fail as a single test for dehydration from too little drinking in people aged 65 and over.

A Cochrane review of 24 studies found six signs not useful alone for spotting or ruling out dehydration from too little drinking: urine colour, urine specific gravity, dry mouth, thirst, heart rate and recorded fluid intake. They miss many dehydrated people and label others wrongly. In 188 UK care home residents (people with heart or kidney failure excluded), 1 in 5 had a blood osmolality over 300 mOsm/kg, the level counted as dehydrated, and thirst was not linked with it.

Missing drinks between meals looked promising in one study of 71 people. It has not been confirmed.

When osmolality is not measured, 1.86 x (sodium + potassium) + 1.15 x glucose + urea + 14 (all in mmol/L) gives a calculated osmolarity in mOsm/L, which estimates osmolality (mOsm/kg). A calculated result of 295 or more is a reason to check osmolality or look closer.",981,G132_1.png | G132_2.png,"Card 1 of 2. Single bedside signs are not useful alone for low-intake dehydration in people 65 and over: urine colour, urine specific gravity, dry mouth, thirst, heart rate, recorded fluid intake. Alongside: serum osmolality as reference test, calculated osmolarity as a screen, and missed drinks between meals as a promising sign. || Card 2 of 2. Calculated osmolarity equals 1.86 times (sodium plus potassium) plus 1.15 times glucose plus urea plus 14, all in mmol/L. At 295 mOsm/L or more it flags about 85 in 100 dehydrated people and 41 in 100 who are not, shown as two icon arrays. A screen, not a diagnosis.",Sources: Cochrane 2015 https://doi.org/10.1002/14651858.CD009647.pub2 ; DRIE 2016 https://doi.org/10.1093/gerona/glv205 ; Hooper 2015 equation https://doi.org/10.1136/bmjopen-2015-008846 ; Siervo 2014 https://doi.org/10.3945/ajcn.114.086769
G133,C13,public,"Small detail, real effect","Does food still smell of anything to you?

A study in one Wisconsin town around the year 2000 tested the sense of smell of 2,491 people aged 53 to 97. About 6 in 10 of those aged 80 and over had a weakened sense of smell, and most of them did not know.

Smell is one of the biggest parts of flavour, so food can seem to taste of less. Age, illness, medicines, smoking and a blocked nose are all linked with a weaker sense of smell.

Things to try, though none has been tested: stronger flavours, a sauce, herbs or a squeeze of lemon. Two trials of commercial flavour enhancers in Dutch nursing homes disagreed. In the first, residents given flavour-enhanced meals gained about 1 kg while others lost a little. In the second, eating and weight did not change.

If food has tasted wrong since a medicine was started, ask your GP or pharmacist. Do not stop it on your own.",869,G133.png,"Drawing of a plate of poached fish, potatoes and green beans with steam, with a pepper mill, sauce jug, lemon wedge and herbs, each labelled. About 6 in 10 people aged 80 and over had a weakened sense of smell on testing. Tips: stronger flavours; these are untested. Ask a GP or pharmacist about medicines; do not stop one yourself.",Sources: Murphy 2002 https://doi.org/10.1001/jama.288.18.2307 ; Schiffman 1997 https://pubmed.ncbi.nlm.nih.gov/9343468/ ; Doty 2008 https://doi.org/10.2165/00002018-200831030-00002 ; Mathey 2001 https://doi.org/10.1093/gerona/56.4.m200 ; Essed 2007 https://doi.org/10.1016/j.appet.2006.06.002
G134,C13,public,"Small detail, real effect","Dental specialists advise taking dentures out every night and cleaning them every day. The main reason is to prevent sore, inflamed gums under the denture. Follow your own dentist's advice if it differs.

In a Japanese study of 524 people aged 85 and over living at home, about 4 in 10 denture wearers slept in their dentures. Over three years they were more likely than those who took them out to be admitted to hospital with pneumonia, or to die of it. This held after the researchers allowed for other health differences they measured. This link does not show that sleeping in dentures causes pneumonia.

In hospital, dentures go missing. Tell the ward staff you wear dentures, keep them in a denture pot, and check they are not left on a meal tray.",752,G134.png,"Checklist card with a drawing of a bedside table holding a lamp, glasses, a denture pot and a glass of water. Dentures: out every night, cleaned every day, stored as the dentist advises. In hospital: tell staff, use a denture pot, check they are not left on a tray. A Japanese study found a link with pneumonia, not proof of cause.",Sources: Iinuma 2015 https://doi.org/10.1177/0022034514552493 ; McReynolds 2023 https://doi.org/10.1111/jopr.13687 ; Mann and Doshi 2017 https://doi.org/10.1038/sj.bdj.2017.728 ; Doshi 2022 https://doi.org/10.1038/s41415-022-4137-6
G135,C13,public,Care that works,"A person with dementia turns away and pushes the toothbrush aside.

The idea behind one approach is that this is often fear: having something put in your mouth can feel like a threat when you are unable to follow what is happening.

In a US trial in nine nursing homes, 101 residents with dementia who often refused mouth care were split at random into two groups. Trained research staff came in calmly at eye level, used a mirror, handed over the brush, started the brushing and let the person carry on. Compared with carers who cleaned teeth without those techniques, mouth care was accepted and finished more often, and lasted longer.

Refusals did not stop, and over three weeks there was no clear difference in mouth health. When a person pushes the brush away, we should change the approach before deciding brushing is not possible.",838,G135.png,"Four panel comic, labelled illustrative. In a care home bathroom an older man pushes away a toothbrush; the carer comes to eye level calmly; he holds a brush at the mirror; the carer starts, then he carries on. Techniques from a US trial of 101 residents; refusals continued and mouth health showed no clear difference over 3 weeks.","Sources: Jablonski 2018 trial https://doi.org/10.1111/ger.12357 ; description of the approach, Jablonski 2012 https://doi.org/10.1891/1541-6577.25.3.163"
G136,C13,both,Care that works,"In family style meals, food comes in dishes on the table, residents serve themselves, and a member of staff or a volunteer sits and chats at each table.

In a Dutch trial in five nursing homes, wards were randomly given this family style or usual plated meals for six months. The 178 residents did not have dementia; many had stroke or Parkinson's disease.

Residents eating family style held their weight steady, while those given plated meals lost about 1 kg. Quality of life scores held steady with family style meals and fell by about 5 points with plated meals, on a 0 to 100 scale. Family style residents also ate more.

The meals also came with cloths, proper plates and no interruptions, so the trial does not show which part helped. For people with dementia, a 2016 systematic review lists family style meals as promising, but not established. Care homes could try shared-table, self-serve meals for residents able to take part, and see what happens to how much people eat.",982,G136.png,"Annotated drawing of a care home dining table with a cloth, glasses and dishes. Residents, including a man in a wheelchair, serve themselves while a care worker sits and chats; the door is closed. Over 6 months in a Dutch trial weight held steady with family style meals against about 1 kg lost with plated meals. Residents did not have dementia.",Sources: Nijs 2006 https://doi.org/10.1136/bmj.38825.401181.7C ; Bunn 2016 review https://doi.org/10.1186/s12877-016-0256-8
G137,C14,practitioners,Teaching round,"Ask an older person with dizziness what sets it off. A brief spin when they roll over in bed or look up should prompt a Dix-Hallpike test for BPPV, benign paroxysmal positional vertigo.

In one US clinic for older people, about 9 in 100 patients had BPPV that nobody had recognised. They were more likely to have fallen in the previous 3 months. That was one clinic and a snapshot, so it does not show that BPPV caused the falls.

In trials of adults aged 18 to 90 with BPPV of the posterior canal, vertigo fully resolved in about 56 in 100 people after the Epley. It resolved in about 21 in 100 after a sham manoeuvre or a control with no repositioning. BPPV came back in about 36 in 100 people during the trials' short follow-up.

The 2017 US ENT guideline recommends a repositioning manoeuvre such as the Epley for treatment. It advises against routinely giving antihistamines or benzodiazepines.",899,G137_1.png | G137_2.png | G137_3.png,"Three drawn steps of the Dix-Hallpike test: head turned 45 degrees, lying back with the neck extended 20 degrees, then looking for brief spinning and eye movements. || Bar chart from a Cochrane review of 5 trials, 273 people: complete resolution of vertigo in 56 in 100 after the Epley manoeuvre against 21 in 100 after sham or control. BPPV came back in about 36 in 100. || Checklist for older people with dizziness: ask what sets it off, examine with Dix-Hallpike, treat with a repositioning manoeuvre, avoid routine antihistamines or benzodiazepines, check falls risk. A note says side-lying test accuracy is not established.",Sources: https://doi.org/10.1177/0194599816689667 | https://doi.org/10.1002/14651858.CD003162.pub3 | https://doi.org/10.1016/S0194-5998(00)70187-2 | https://doi.org/10.1007/BF03325263
G138,C14,public,Ask this,"One ear sounds muffled on waking, and the usual guess is wax. It could be. It could also be damage to the inner ear or the hearing nerve.

A clinician first needs to tell a blocked ear canal from a problem in the inner ear or nerve. So sudden hearing loss in one ear needs urgent checking, even if wax seems likely.

Steroid treatment is an option if started within about two weeks of the hearing loss beginning. A Cochrane review of three small trials found it unclear whether steroids work.

Our practical advice: ask to be seen urgently by an ear, nose and throat (ENT) service or an emergency department. Say: my hearing has dropped suddenly in one ear.",657,G138.png,"Four drawn panels, labelled illustration not a real case: an older woman with muffled hearing in one ear on waking, phoning to ask for urgent review, a clinician checking her ear, and a talk about steroids, whose value was unclear in 3 small trials.",Sources: https://doi.org/10.1177/0194599819859885 | https://doi.org/10.1002/14651858.CD003998.pub3
G139,C14,public,Ask this,"Some people with sight loss, most often from macular degeneration, an eye condition, see vivid images that are not there. They usually know the images are unreal. The name is Charles Bonnet syndrome.

In a Dutch study of 505 patients with sight loss, 60 had these images. All knew the images were unreal. Of 16 who had seen a doctor about them, only 1 had been given the right explanation. All were glad to hear it was not mental illness. The patients were a selected group and the study was published in 1996, so awareness may be better now.

People often keep the images to themselves, fearing they will be thought mentally ill. If you see something that is not there, tell your doctor, so other causes can be ruled out. We should tell people about this syndrome when sight loss is diagnosed.",794,G139.png,"Illustration of an older man in an armchair by a window with faint dashed shapes across the room, for Charles Bonnet syndrome. Text: tell your doctor about images that are not there after sight loss; explaining the condition is a large part of the help.",Sources: https://doi.org/10.1016/s0140-6736(96)90869-7 | https://pubmed.ncbi.nlm.nih.gov/30667516/
G140,C14,public,Reading the evidence,"It is often said that hearing is one of the last senses to stop working when a person is dying. The authors of one study say the belief rests mostly on anecdote. They used brain recordings to look for signs of hearing.

In a Canadian hospice, researchers played tones through headphones to 5 people who had stopped responding and were actively dying. All 5 showed a brain response to a change in the tones, so their hearing system was still reacting.

This does not show that they understood what they heard. It was only 5 people. The sounds were tones, not voices. None had impaired thinking or confusion when they joined.

The authors say it gives some support to the advice to keep talking to a dying relative. We should speak to the person as someone who may hear: say who you are, and talk to them directly.",812,G140.png,"Illustration of an older woman with a hearing aid in bed and a young man sitting beside her. Text: in one small hospice study of 5 unresponsive people, all 5 showed a brain response to tone changes; it did not show they understood what they heard.",Sources: https://doi.org/10.1038/s41598-020-67234-9
G141,C14,public,Ask this,"'She hears what she wants to hear' is something families say. Age-related hearing loss gives a physical reason it can seem that way.

It usually affects high-pitched sounds first, and many consonants such as s, f and th are high-pitched. So a person can hear that someone is talking but miss parts of words. Illustrative example: sun and fun, or thin and fin, can sound alike.

A very small 1985 experiment tested 5 listeners with hearing loss. They understood clear speech better than ordinary conversation. The gain was similar at each loudness level tested.

Our practical suggestions: get their attention first, face them, speak clearly, and if they miss it, say it in different words.",689,G141.png,"Card on age-related hearing loss: sun, fun, thin, fin with the first sounds faded to _un and _in, labelled illustrative. Four suggestions, not trial findings: get attention, face them, speak clearly, rephrase if missed.",Sources: https://doi.org/10.1177/1084713810393751 | https://doi.org/10.1044/jshr.2801.96
G142,C14,practitioners,Teaching round,"Timolol eye drops get into the bloodstream and can act like a beta-blocker tablet. In an older person with a slow pulse or heart block, ask about eye drops directly.

Case reports describe very slow heart rates and heart block that settled when the drops were stopped. In one, a man of 62, 13 years on timolol, had a heart rate of 29 beats a minute and complete heart block, which settled within 48 hours of stopping. A milder block remained and had worsened a year later. This suggests an underlying conduction problem that the drops made apparent, and the authors recommend long-term follow-up. Case reports show it can happen. They do not show how often.

A small cross-over study of 21 adults tested pressing the inner corner of the eye for 5 minutes after the drop. It lowered the timolol level in the blood. Whether this prevents a slow pulse was not shown. Other types of glaucoma drops exist, so ask the eye team whether a different drop is suitable.",958,G142.png,"Diagram: timolol eye drop, enters the bloodstream, can act like a beta-blocker tablet. Notes on a case report of heart rate 29 in a man aged 62, a 21-adult study of pressing the eye corner for 5 minutes, and that case reports do not show how often.",Sources: https://doi.org/10.1186/s40360-019-0370-2 | https://doi.org/10.1111/ceo.13642
G143,C14,practitioners,What gets counted,"Testing everyone's eyesight at a health check did not leave people aged 75 and over seeing better 3 to 5 years later than testing only some of them.

That was the result of a UK trial of 4,340 people in 20 general practices. The two groups did not differ clearly in how many had poor sight in either eye.

A Cochrane review of 10 trials in over 10,000 older people living independently found that community vision screening did not improve vision. The reviewers thought the most likely reason was that people often did not take up the treatment offered, while many unscreened people appeared to seek help themselves. That is their interpretation, not a tested finding.

We should judge any programme to find sight problems by whether sight gets corrected, and make the step from test to glasses or surgery easy to take.",819,G143.png,"Illustrative six-step flow from tested to sees better, with the last three steps dashed as where screening can fail. Boxes summarise a UK trial of 4,340 people aged 75 and over and a Cochrane review of 10 trials, 10,608 people.",Sources: https://doi.org/10.1136/bmj.327.7422.1027 | https://doi.org/10.1002/14651858.CD001054.pub3
G144,C14,public,Ask this,"After your first cataract operation, the two eyes can end up needing very different glasses.

In one Belfast waiting list, about 1 in 3 people waiting for a first eye were estimated to be at risk of this troublesome imbalance. That is an estimate of risk in one clinic. Symptoms were not measured. Second-eye surgery probably reduces the difference between the eyes.

A trial of 239 women over 70 compared having the second eye done within about a month with waiting a year. Those who had it sooner saw better, especially in depth perception, and felt more confident. Whether it reduced falls was uncertain.

Before surgery, ask: what should I do about my glasses until the second eye is done?",693,G144.png,"Timeline from before surgery, first eye done, to second eye done, with a hatched gap and glasses with unequal lenses. About 1 in 3 of 179 in one Belfast list at risk; trial of 239 women over 70. Question to ask about glasses.",Sources: https://doi.org/10.1093/ageing/afj005 | https://pubmed.ncbi.nlm.nih.gov/35169334/ | https://doi.org/10.1016/j.jcrs.2013.08.033
G145,C14,practitioners,Teaching round,"A person who mishears the word list in a memory test scores as if they forgot it.

In 301 older adults, people with hearing or sight loss passed the Montreal Cognitive Assessment (MoCA) less often, even after scores were adjusted for items they could not hear or see. That is an association; it could also reflect real differences in thinking.

Two small studies found that amplification did not change the total MoCA score. In one of them it helped word recall. Use aids anyway.

Before the test: hearing aids in and working, glasses on, a quiet room, an amplifier if needed, large print. Then record the adaptations with the score, so the next reader knows how it was obtained.",679,G145.png,"Checklist before a cognitive test: hearing aids in, glasses on, quiet room, amplifier, large print, and record adaptations with the score. Notes: 301 older adults with hearing or sight loss passed the MoCA less often; amplification did not change total scores.",Sources: https://doi.org/10.1080/13825585.2014.968084 | https://doi.org/10.1159/000500777 | https://doi.org/10.3766/jaaa.17044
G146,C14,both,Who gets left out,"Earwax can block the ear canal and dull hearing. In small studies of care home residents, wax needing removal was found in more than half.

One small study followed 29 people newly admitted to a US nursing facility. After wax removal, hearing improved in 80 in 100 ears that had wax blocking the canal, and in 3 in 100 ears that did not.

The 2017 US ENT guideline says clinicians should check for wax in people who use hearing aids.

In England, NICE, the national guidance body, says wax removal should be done in primary care, such as the GP practice. A GP writing in 2020 described practices as not obliged to provide it unless the local health service paid for it, with funding varying from area to area. Local arrangements may have changed since. The same article noted that getting to hospital for microsuction, removal with a suction device, is hard for people with mobility problems who rely on carers or hospital transport.

People who struggle to travel or to pay should be able to get wax removed. If you are told your practice no longer does it, ask where NHS wax removal is provided locally.",1105,G146.png,"Care home scene: an older woman in a wheelchair with a hearing aid, a care worker kneeling beside her, a telephone on a table, with four numbered markers. Key: wax in over half of residents in small studies, guideline advice, uneven access in England, ask your practice.",Sources: https://doi.org/10.3399/bjgpopen20X101064 | https://doi.org/10.1136/bmj.n2077 | https://doi.org/10.1186/s12875-026-03325-2 | https://pubmed.ncbi.nlm.nih.gov/12807656/ | https://doi.org/10.1111/ajag.12736
G147,C14,practitioners,Teaching round,"Temporal artery ultrasound picked up giant cell arteritis in about 73 in 100 people who had it before steroids, and in about 53 in 100 after 10 days of steroids.

That was a small Danish study of 48 people with new disease. The authors advise ultrasound as soon as possible after starting treatment, preferably within 3 days.

Sight loss can be permanent, which is why this is treated as an emergency. In a review of case reports (median age 72), people with only unusual features had longer delays before treatment. Across the review, the unusual features reported most often were vertigo, scalp ulceration and dry cough.

European (EULAR) recommendations say to start high-dose steroid immediately in active giant cell arteritis: 40 to 60 mg a day of prednisone or equivalent. They say the diagnosis should be confirmed by scan or biopsy. We should start treatment without waiting for a scan slot.",899,G147_1.png | G147_2.png,"Flow for active giant cell arteritis: start high-dose steroid at once, confirm by scan or biopsy, early ultrasound within 3 days. Sight loss can be permanent. A note marks our view as ours, not EULAR wording. || Bar chart from a Danish study of 48 people: temporal artery ultrasound sensitivity 73 in 100 before steroids and 53 in 100 after 10 days, with confidence intervals 58 to 85 and 38 to 68. Small single-centre study.",Sources: https://doi.org/10.1093/rheumatology/keae551 | https://doi.org/10.1136/annrheumdis-2019-215672 | https://doi.org/10.1007/s11606-024-09141-7
G148,C15,practitioners,Teaching round,"A temperature of 37.5°C scores 0 on NEWS2 (National Early Warning Score 2), a bedside score built from six measurements. So does every reading from 36.1°C to 38.0°C.

US guidance for care home residents counts a reading more than 1.1°C above the person's usual temperature as a fever. Illustrative example: if someone's usual temperature is 36.0°C, a reading of 37.5°C is 1.5°C above it.

Many older people with a serious infection do not develop a typical fever, and NEWS2 has no adjustment for age. Its developers say a low score should never override a professional's or carer's concern.

If you can, find their usual temperature. Care home charts and earlier hospital records may have it.",692,G148.png,"Two vertical temperature scales from 34 to 40 degrees C. Left: NEWS2 points, with 36.1 to 38.0 scoring 0 (hatched). Right, an illustrative person with usual 36.0 and reading 37.5, a 1.5 degree rise bracketed in orange and a dashed line at 37.1 for the care home fever rule. A reading of 37.5 scores 0 yet is a rise for this person.",Sources: https://doi.org/10.1086/595683 (IDSA guideline abstract) https://doi.org/10.1086/667743 (revised McGeer criteria) https://doi.org/10.1016/j.resplu.2020.100020 (NEWS2 chart) https://doi.org/10.7861/clinmed.2022-0426 (NEWS2 and the older person) https://doi.org/10.1086/313896 (fever in older people) https://doi.org/10.1016/j.diagmicrobio.2016.08.020 (blood infection without fever)
G149,C15,practitioners,"Small detail, real effect","In 43 US hospitals, 2 in 3 adults with pneumonia on general medical wards got more days of antibiotics than the authors judged necessary. Their median age was 70, and intensive care patients were not included.

93 in every 100 of the extra days came from the antibiotic prescribed at discharge.

Only 1 in 3 discharge summaries said how many days in total. When the total was written down, patients got fewer extra days (about 2.3 versus 2.9 each, on average, after adjustment). That is a link in the data. The study did not test writing a stop date.

People who got extra days did not have fewer deaths, readmissions or return visits.

We should write the last day as a calendar date, with the total course length, on every antibiotic at discharge.",749,G149.png,"Headline: 93 in 100 extra antibiotic days came from the discharge prescription (pneumonia, 43 US hospitals, 6,481 adults). Only 1 in 3 discharge summaries gave total days. An illustrative calendar marks start day, planned last day and hatched extra days. Line A reads Amoxicillin, continue; line B gives dose, last date and total 5 days.","Sources: https://doi.org/10.7326/M18-3640 (Vaughn 2019, Annals of Internal Medicine) https://doi.org/10.1016/S0140-6736(21)00313-5 (French 3-day trial)"
G150,C15,practitioners,Teaching round,"By 2013, the commonest cause of major trauma recorded in the national trauma registry for England and Wales was a fall from less than 2 metres: 39 in 100 cases. In 1990 it was road collisions: 59 in 100 cases. About 1 in 4 people with major trauma were over 75, and the average age had risen from 36 to 54.

Some of that shift may reflect which hospitals sent data and more CT scanning, which finds more injuries. The data end in 2013.

In one US trauma centre, people aged 65 or over admitted with rib fractures died in hospital more often than younger adults with similar injuries (22 in 100 versus 10 in 100). Each extra broken rib was linked with higher odds of death. These data were published in 2000.

Across studies, about 1 in 20 people aged 65 or over who came to an emergency department after a fall had bleeding inside the skull.

After a low fall in an older person, we should look for head and chest injury.",921,G150_1.png | G150_2.png,"Card 1: 1990 versus 2013 in England and Wales major trauma. 1990: road collisions 59 in 100 cases, average age 36. 2013: falls from under 2 metres 39 in 100, average age 54. A person icon grid shows 27 of 100 filled for about 1 in 4 cases over 75. Reporting and CT scanning may explain some change. || Card 2: bar chart per 100 people, one US trauma centre. Died: aged 65 and over 22, 18 to 64 10. Pneumonia: 31 versus 17. Crude figures. Judgement: look for head and chest injury after a low fall.","Sources: https://doi.org/10.1136/emermed-2015-205265 (TARN registry, Kehoe 2015) https://doi.org/10.1097/00005373-200006000-00007 (rib fractures) https://doi.org/10.1016/j.injury.2019.12.036 (bleeding after falls) https://doi.org/10.1007/s41999-021-00512-5 (under-triage review)"
G151,C15,both,Reading the evidence,"People in England who waited longer for a hospital bed after arriving at a major emergency department were more likely to die within 30 days.

The study covered over 5 million people admitted in 2016 to 2018, of all ages. About 9 in 100 died within 30 days. Between 5 and 12 hours after arrival, the longer the wait, the higher the chance of dying within 30 days, compared with the number of deaths the researchers' model expected from each person's age, health and other details.

The authors estimated 1 extra death for every 82 people who waited beyond 6 to 8 hours for a ward bed, compared with the deaths their model expected. The model allowed for age, sex, how socially disadvantaged people were, long-term conditions, time of day, month, earlier visits and crowding. It did not include how ill each person was on arrival.

This is a link in the data. It does not show that the wait caused each death.

When you see a figure like '1 extra death in 82', ask what it was compared with and what was allowed for.",1015,G151_1.png | G151_2.png | G151_3.png,"Card 1: over 5 million people admitted in England 2016 to 2018; from 5 to 12 hours of waiting the longer the wait the higher the 30-day death risk, a link not proof of cause. About 9 in 100 died within 30 days. An arrow runs from 5 hours to 12 hours. || Card 2: the 1 extra death in 82 estimate allowed for age, sex, deprivation, long-term conditions, time, month, earlier visits and crowding, but not how ill each person was on arrival. || Card 3: bar chart of visits lasting 4 hours or more in one English department in 2019, per 100 visits: 44 aged 18 to 64, 63 aged 65 to 74, 71 aged 75 to 84, 79 aged 85 and over.","Sources: https://doi.org/10.1136/emermed-2021-211572 (Jones 2022, England) https://doi.org/10.1007/s40520-022-02226-5 (Nottingham, age and length of stay) https://doi.org/10.1001/jamainternmed.2023.5961 (France, overnight stays) https://doi.org/10.1007/s11739-024-03660-1 (Spain, overnight stays)"
G152,C15,both,Weighing it up,"A UK trial tested treating unwell older people at home instead of admitting them to hospital. It included 1,055 people, average age 83. They were unwell but stable and had been referred for emergency admission, mostly from short-stay acute medical assessment units.

A hospital-at-home team looked after them at home, with a full assessment of health, medicines, mood and support (comprehensive geriatric assessment).

Six months later, about 79 in 100 treated at home and 75 in 100 admitted were living at home. The trial did not show a clear difference: a gap of about 3 in 100 could be due to chance. About 17 in 100 treated at home and 18 in 100 admitted had died.

About 6 in 100 treated at home and 9 in 100 admitted had moved into long-term residential care by six months. This was not the trial's main question, so treat it as less certain.

This applies to selected people, not everyone. The trial summary reports nothing on the strain on family carers. If home treatment is offered, ask what care at home would involve for you and your family.",1053,G152.png,"Bar chart per 100 people, six months after UK trial of treatment at home versus admission in 1,055 older people, average age 83. Living at home about 79 versus 75; died about 17 versus 18 (no clear difference in either); long-term residential care about 6 versus 9 (secondary outcome). Applies to selected people.","Source: https://doi.org/10.7326/M20-5688 (Shepperd et al., Annals of Internal Medicine 2021)"
G153,C15,public,Weighing it up,"Treated in the care home, about 10 in 100 residents with a chest infection such as pneumonia (an infection of the lungs) went to hospital in a Canadian trial. With usual care it was 22 in 100.

The trial ran in 22 nursing homes in Ontario from 2001 to 2005, with 680 residents aged 65 or over. Home treatment meant antibiotic tablets, chest X-rays taken in the home, oxygen level checks, fluids, and close checks by a research nurse.

About 8 in 100 treated in the care home and 9 in 100 with usual care died. The trial did not show a clear difference in deaths, quality of life or everyday functioning.

It is one older trial, and the close monitoring came from a research nurse. The trial did not test care homes without that monitoring.

If you or a relative live in a care home, ask what care is possible there during an illness. Say what you would want.",858,G153_1.png | G153_2.png,"Card 1: illustrative care home room. A grey-haired Black man sits propped up in a hospital bed; a nurse kneels beside him holding his hand, a finger oxygen clip on his hand, a portable X-ray stand at the left, tablets, jug and glass on the bedside locker. Five numbered pins match the list of treatment components. || Card 2: bars per 100 residents, Canadian trial of 680 residents. Went to hospital 10 with home treatment versus 22 with usual care; died about 8 versus about 9, no clear difference.","Source: https://doi.org/10.1001/jama.295.21.2503 (Loeb et al., JAMA 2006)"
G154,C15,both,Who gets left out,"In an inquiry into 247 deaths in south-west England in 2010 to 2012, the typical (median) age at death was 13 years lower for men with a learning disability than for men in the general population, and 20 years lower for women.

About 37 in 100 of these deaths were from causes that good health care can usually treat, against 13 in 100 in the general population. Reviewers looked at some of these deaths. They found two problems more often than in similar deaths of people without a learning disability: care not adjusted as needs changed, and carers not feeling listened to.

In England in 2021 to 2023, among deaths reviewed in the national programme, the typical (median) age at death was 65 for adults with a mild or moderate learning disability and 58 for a severe or profound one, against 82 in the general population.

Reviewers looked at adults with a learning disability who died in English hospitals (2016 to 2021). Only about 1 in 3 had input from a liaison nurse, a nurse who specialises in learning disability.

Hospitals should change how they care for the person to fit their needs (reasonable adjustments). If you support someone going into hospital, ask for the liaison nurse and say who knows them best.",1221,G154_1.png | G154_2.png,"Card 1: median age at death in a south-west England learning disability inquiry of 247 deaths in 2010 to 2012. Men 65 versus 78 in the general population, 13 years lower; women 63 versus 83, 20 years lower. About 37 in 100 deaths were from treatable causes versus 13 in 100. || Card 2: three things to ask for on going into hospital: the learning disability liaison nurse or team, the hospital passport, and the person who knows them best, listened to. About 1 in 3 reviewed hospital deaths had liaison nurse input.","Sources: https://doi.org/10.1016/S0140-6736(13)62026-7 (Confidential Inquiry, Heslop 2014) https://doi.org/10.1371/journal.pmed.1005029 (England 2021 to 2023) https://doi.org/10.1136/bmjopen-2023-077124 (liaison nurses) https://doi.org/10.1111/hsc.13253 (people's experiences)"
G155,C15,public,"Small detail, real effect","A long wait on a trolley or chair in the emergency department (A&E) still needs the basics. If you are with an older person, you can ask kindly and specifically.

Ask whether they are allowed to drink. Ask for help to the toilet. Ask when their usual medicines are due. Ask whether they can be helped to change position.

These four requests come from judgement about basic care; no trial is cited for them.

Why the last one: in one French emergency department, about 5 in 100 patients developed a new pressure sore during a stay that averaged 9 hours. Among people over 75 it was about 16 in 100. Most were the earliest stage, reddened skin that is still unbroken, mostly on the heels and the base of the spine. That study did not test whether moving people prevents them.

If the wait goes on, ask again.",807,G155_1.png | G155_2.png,"Card 1: illustrative emergency department bay. An older woman with white hair lies propped on a trolley under a plum blanket; her son sits beside her holding a cup of water. Four pins mark the cup, the door to the toilet, her medicines bag and her heels, matching four questions on basic care. This is judgement, not a trial finding. || Card 2: two person icon grids per 100 patients, one French emergency department, June 2010. New pressure sores: about 5 in 100 of all patients, about 16 in 100 of those over 75. Mostly early stage, on heels and base of spine.","Sources: https://doi.org/10.1111/j.1742-481X.2012.01103.x (pressure sores in an emergency department) https://doi.org/10.1007/s40520-022-02226-5 (age and length of stay) https://doi.org/10.1002/mdc3.13408 (Parkinson's doses, Dublin) https://doi.org/10.1016/j.parkreldis.2016.12.028 (Parkinson's doses, Spain)"
G156,C15,public,Care that works,"When someone who is dying wants to go home, ask the ward to start every part of the discharge today, and ask what each part is waiting for.

Going home needs several separate things: equipment at the house, medicines for symptoms, paperwork, transport, and the community teams told. Hospital improvement projects in England and Singapore found that delays included getting equipment and medicines to the home, poor communication between teams, and paperwork.

A person may die before the discharge can happen. In one English hospital project, 10 in 104 people referred to an end-of-life discharge team died before they could leave. For the 94 who did get home, the middle (median) wait for discharge was 1 day. The plan can change if the person gets worse quickly.

No study compared starting everything at once with starting in turn, so this is a reasonable request, not a tested one. We should ask for one named person to coordinate.",935,G156.png,"Diagram: five teal lanes start together at a line marked Today and run to a house marked Home: equipment at the house, medicines for symptoms, paperwork, transport, and teams told. A bracket and figure show one named person coordinates. Marked as a reasonable request, not a tested finding.",Sources: https://doi.org/10.1136/bmjoq-2023-002666 (Singapore project) https://doi.org/10.1136/bmjoq-2024-002790 (Somerset project) https://doi.org/10.7861/clinmedicine.16-3-254 (care in the last days of life)
G157,C16,practitioners,Teaching round,"Before a medicine goes into someone's food or drink, ask whether they still need it.

In a Norwegian study of nursing homes, about 1 in 9 residents in regular units, and 1 in 6 in dementia units, had medicines hidden in food or drink in one week. The record said so in only 4 in 10 cases. The data were published in 2005 and are from Norway, so UK figures may differ.

We suggest hiding a medicine only after a documented capacity assessment and a best-interests decision, with a pharmacist involved. This is judgement, not a legal summary: check the law and guidance where you work. A pharmacist-developed checklist for judging whether a tablet can be crushed or mixed into food asks about special coating, modified release (made to release slowly) and taste. Ask a pharmacist about each medicine.

Stopping a medicine that no longer helps means fewer medicines to hide.",871,G157.png,"Checklist of five checks before a medicine is hidden in food or drink: is each medicine needed, capacity assessed, best-interests decision recorded, pharmacist advice, and a plan with a review date. A strip notes older Norwegian data: 1 in 9 and 1 in 6 residents, recorded in 4 in 10 cases.","Sources: Kirkevold and Engedal, BMJ 2005 https://doi.org/10.1136/bmj.38268.579097.55 | Tan et al, BMJ Open 2022 https://doi.org/10.1136/bmjopen-2022-061774"
G158,C16,practitioners,Teaching round,"If the GP repeat list isn't updated after a hospital stay, a stopped medicine can come back in the next monthly supply.

That is an illustrative sequence, not a measured frequency. Measured figures cover more than this route. In a systematic review, about half of adults had at least one unintended medicine discrepancy after leaving hospital. That is the median across 11 studies. The middle half of the studies reported between 39 and 76 in 100. Definitions varied, and the studies were not limited to care homes.

We should name one person to check the repeat list and the next pharmacy order within days of the discharge letter arriving.",641,G158.png,"Diagram of how a stopped medicine can return. Without a check, a hospital stops a tablet but the GP repeat list stays unchanged and the next supply includes it. With a named person, the repeat list is updated and the supply matches the discharge letter. Review: about half of adults had a discrepancy.","Source: Alqenae et al, Drug Saf 2020 https://doi.org/10.1007/s40264-020-00918-3"
G159,C16,practitioners,Reading the evidence,"We should not use a count of 'potentially avoidable' admissions to argue against sending an individual resident to hospital. It is a service measure.

The label is put on emergency admissions using lists of diagnosis codes, and different lists give different totals. The most commonly used NHS list contained 19 of the 36 conditions found in the research literature. This comes from an analysis of all emergency admissions in England in 2005/6, not care homes specifically.

The measure is used to compare services and programmes for care homes. Because lists differ, totals from different lists are not directly comparable.

A 2023 systematic review of ways to reduce unplanned care home admissions described such admissions as 'often necessary' (the authors' framing, not a measured finding). It also found that advance care planning was key to the success of most quality improvement programmes, but do-not-hospitalise orders were problematic. Most of the evidence was low quality.

For any one case, ask: could the illness have been prevented, could it have been treated in the home, and what did the person want?",1117,G159.png,"Flow diagram: emergency admissions from a care home are sorted by a list of diagnosis codes into on the list or not. A panel gives three questions for one resident: preventable, treatable at home, what the person wanted. The most used NHS list has 19 of 36 conditions.","Sources: Purdy et al, Public Health 2009 https://doi.org/10.1016/j.puhe.2008.11.001 | Lloyd et al, BMJ Qual Saf 2019 https://doi.org/10.1136/bmjqs-2018-009130 | Chambers et al, Health Soc Care Deliv Res 2023 https://doi.org/10.3310/KLPW6338"
G160,C16,public,Reading the evidence,"About 26 in every 100 people aged 65 and over living in care homes in England and Wales died within a year (data from 2009). About 74 in 100 were still alive a year later.

The study counted residents who were already living in a home on one date. It did not follow people from the day they moved in. After allowing for differences in age and sex, death rates were higher in nursing homes than in residential homes. This study can't show whether the type of home affects how long people live. Residents of the two kinds of home may differ in how unwell they are.

A group figure can't tell you how long one person will live. If you see a median survival figure, it is the point where half the group lived longer and half lived for a shorter time.

If you are asking about someone you love, ask their doctor: what do you expect for this person?",843,G160.png,"Grid of 100 person icons: 74 solid teal marked alive a year later, 26 hatched orange marked died within a year. England and Wales, 2009, 9,772 care home residents aged 65 to 104. Text says a group figure does not predict one person and suggests asking the doctor.","Source: Shah et al, Age Ageing 2013 https://doi.org/10.1093/ageing/afs174"
G161,C16,both,Ask this,"Reablement is short-term help at home, usually lasting weeks rather than months, to help you do everyday things for yourself again. It works towards goals set with you.

There is little research on it. A 2016 Cochrane review (a careful summary of all the trials found on a question) found only 2 trials and was very uncertain whether reablement helps more than usual home care. One of those two trials was a small Norwegian trial of 61 people. Those offered 10 weeks of reablement rated their own performance of chosen activities somewhat better than people given usual care, at 3 and 9 months. There was no clear difference in physical capacity or quality of life.

A 2026 review of home rehabilitation trials combined the results of the programmes built on reablement. It did not show a clear difference in chosen activities or physical performance, and the certainty was low to very low. So the small trial's benefit for chosen activities is not firm.

Few trials exist and the certainty is low, so we do not know whether reablement helps more than usual care. If it is offered, ask: which goals, how long, is there any charge, and when will it be reviewed?",1160,G161.png,"Kitchen scene: an older woman with a rollator fills a kettle herself while a care worker stands beside her, watching. Numbered pins mark the kettle, a wall clock and a notebook, matching three questions: goals, how long and any charge, and review. Evidence: few trials, effect uncertain.","Sources: Cochrane review 2016 https://doi.org/10.1002/14651858.CD010825.pub2 | Tuntland et al, BMC Geriatr 2015 https://doi.org/10.1186/s12877-015-0142-9 | Hogstedt et al, BMC Geriatr 2026 https://doi.org/10.1186/s12877-026-07887-9"
G162,C16,practitioners,Teaching round,"Most hours in a week fall outside weekday surgery hours, so write the care plan for the clinician who reads it at 3am.

In Scotland the Key Information Summary (KIS) is a shared record that out-of-hours and emergency clinicians can see, so a plan written there can reach the person who turns up at night.

One Scottish study looked at people with advanced illness who died in 2017. About 1 in 3 of their KIS did not record resuscitation status. More than 4 in 10 did not record preferred place of care. Those were people near the end of life, not all care home or housebound people.

We should write for a reader who has never met the person: what to do if they become unwell, which treatments they would and would not want, where they would prefer to be cared for, and who to phone.",783,G162.png,"Two illustrative plan cards. Left: a nearly empty entry reading For discussion with family. Right: a card with fields such as what to do if unwell, treatments, resuscitation status, preferred place of care and who to phone. Bars: 68% recorded resuscitation status, 55% place of care, of 712 Scottish records.","Source: Finucane et al, Br J Gen Pract 2019 https://doi.org/10.3399/bjgp19X707117"
G163,C16,practitioners,Teaching round,"Care workers are often in a good position to notice that someone is eating less, sleeping more or seems unlike themselves. What happens next depends on how that observation is handed over, and on whether anyone tells the care worker what was decided.

RESTORE2 (Recognise Early Soft Signs, Take Observations, Respond, Escalate) is a UK care home tool for monitoring residents. An interview study in the UK asked people about a proposed trial of antibiotics for suspected urine infection in care homes. Participants strongly supported using RESTORE2 to monitor residents. They worried about training night and temporary staff.

In a US trial across 85 nursing homes, training staff to use the INTERACT tools (a set of tools for staff to flag and respond to a resident getting worse) did not show a clear drop in hospital admissions overall. Our judgement is that a report changes little unless someone responds to it.

We should give care workers a structured way to report change, and a named person who must respond and report back.",1033,G163.png,"Four-panel illustrated comic, not a real case. A care worker notices a resident eating less, reports it to a nurse in a structured way, the nurse checks and phones the GP, then tells the care worker the decision. A note says INTERACT training did not clearly cut admissions in 85 US nursing homes.","Sources: Kane et al, JAMA Intern Med 2017 https://doi.org/10.1001/jamainternmed.2017.2657 | Wilcox et al, BJGP Open 2023 https://doi.org/10.3399/BJGPO.2023.0014"
G164,C16,public,Who gets left out,"Some housebound people go without routine reviews at their GP practice.

One small study in two Glasgow practices serving a deprived area looked at 25 housebound adults aged 60 and over. All had two or more long-term conditions and took five or more regular medicines. Of the 25, 23 had missed routine reviews of their long-term conditions since becoming housebound. Between them they had missed 91 reviews. That was a small, selected sample, so it can't tell us how common this is across the UK.

UK researchers describe housebound patients as a group who find it hard to get GP care, have complex needs and have been little studied.

If you or someone you care for no longer gets out, tell the practice. Ask whether they are recorded as housebound, and what can be done at home, such as vaccines and medicine reviews.",819,G164_1.png | G164_2.png,"Grid of 25 house icons: 23 solid teal with hatched marks for housebound people who had missed routine reviews, 2 outline only. A small Glasgow study in two practices that can't show how common this is. || Four questions to ask the practice about housebound people: recorded as housebound, reviews at home, medicines check at home, vaccines at home. What can be done varies by practice.","Sources: Ramos et al, Int J Clin Pharm 2026 https://doi.org/10.1007/s11096-026-02211-2 | Duncan et al, BJGP Open 2026 https://doi.org/10.3399/BJGPO.2025.0234 | Winn et al, BJGP Open 2023 https://doi.org/10.3399/BJGPO.2023.0114"
G165,C17,both,Reading the evidence,"A popular line says loneliness is as harmful as smoking 15 cigarettes a day.

The comparison with smoking appears in a 2010 review of 148 studies of about 309,000 people. A chart in it showed the link between social relationships and survival next to the effect of smoking fewer than 15 cigarettes a day (the slogan says 15). The numbers came from different reviews of different people. The chart did not test the two against each other in the same people.

Most of the studies in the review measured marriage, social networks and support. Only 8 of the results it pooled measured loneliness itself.

In about 6,500 people aged 52 and over in England, loneliness was no longer linked with death once age and health at the start were allowed for. Social isolation, meaning little contact with others, still was. Larger recent reviews still link loneliness with a higher risk of dying, less strongly than isolation.

We should act on loneliness because it is painful to live with, whatever any cigarette comparison says.",1018,G165_1.png | G165_2.png | G165_3.png,"Text card. The popular claim in quotation marks: loneliness is as harmful as smoking 15 cigarettes a day. Below it: where does the comparison appear? The card says this is a widely repeated claim and not a finding of this post. || Card on what the 2010 review measured: 148 studies, about 309,000 people. Most results measured marriage and living alone, social networks, support and involvement with others. Loneliness: 8 results. The chart set numbers from different reviews beside smoking fewer than 15 cigarettes a day. || Card on about 6,500 people aged 52 and over in England. After allowing for age and health, social isolation was still linked with death and loneliness was not clearly linked. Larger reviews still link loneliness with higher risk of dying. The card says we should still act on loneliness because it is painful.","Sources: https://doi.org/10.1371/journal.pmed.1000316 (2010 review), https://doi.org/10.1073/pnas.1219686110 (English cohort), https://doi.org/10.1177/1745691614568352 (2015 review), https://doi.org/10.1038/s41562-023-01617-6 and https://doi.org/10.1007/s40520-024-02925-1 (recent reviews)"
G166,C17,practitioners,What gets counted,"In Scottish GP records from 2013 to 2016, people over 90 were among the most likely to miss appointments repeatedly, even after allowing for how many appointments they made. So were people in the most deprived areas. Young adults aged 16 to 30 were also at higher risk, and how a practice ran its appointments contributed too.

In linked Scottish records, people who missed appointments were more likely to die in the following 16 months, especially those with long-term mental health conditions. A missed appointment is a risk marker. The study does not show that missing it causes death, and the figures cover all ages.

A ""did not attend"" entry records the absence and gives no reason. No study has tested contacting people first, so this is a judgement: for an older person, find out why they missed the appointment before any discharge.",841,G166.png,"Checklist card: before discharging for non-attendance, ask. Scottish GP records 2013 to 2016: people over 90 and people in the most deprived areas were among the most likely to miss appointments repeatedly. Six questions: letter arrived and readable, hearing the phone, getting there, who would bring them, the fare, remembering the date.","Sources: https://pubmed.ncbi.nlm.nih.gov/29253440/ (repeated non-attendance, Lancet Public Health 2017), https://pubmed.ncbi.nlm.nih.gov/30630493/ (missed appointments and mortality, BMC Medicine 2019)"
G167,C17,both,Care that works,"Callers aged 17 to 23 with about two hours of training lowered loneliness scores in a trial in Texas in 2020. In the trial, people were assigned to calls or no calls by chance.

The 240 people taking part were getting Meals on Wheels at home. Each person was assigned one caller. The caller phoned every weekday in the first week, then as often as the person chose, 2 to 5 times a week, for 4 weeks. Callers were taught to listen and let the person choose the topics. They had no scripts and no therapy training.

On a scale of 3 to 9, where higher means lonelier, loneliness scores fell from 6.5 to 5.2 with calls and from 6.5 to 6.3 without. A second loneliness questionnaire did not show a clear difference. Depression and anxiety scores improved. Physical health scores did not change.

Nobody yet knows whether the benefit lasts once calls stop. Befriending services could test regular calls from a trained listener before relying on them.",944,G167_1.png | G167_2.png,"Four boxes for weeks 1 to 4 of phone calls in a Texas trial of 240 people receiving Meals on Wheels. Week 1: a call every weekday, shown as five phones. Weeks 2 to 4: the person chooses 2 to 5 calls a week. One caller each; callers taught to listen, about 2 hours of training, no scripts. || Bar chart of loneliness scores, scale 3 to 9, higher is lonelier. With calls: 6.5 at start, 5.2 after 4 weeks. No calls: 6.5 at start, 6.3 after 4 weeks. A second questionnaire showed no clear difference. Follow-up was 4 weeks, so long-term effects are unknown.","Sources: https://doi.org/10.1001/jamapsychiatry.2021.0113 (Kahlon et al., JAMA Psychiatry 2021) and https://doi.org/10.1007/s11606-023-08517-5 (review of loneliness interventions, 2024)"
G168,C17,public,Ask this,"After a relative with dementia moved into a care home, carers' depression and anxiety scores stayed about the same on average.

That is from a US study of 1,222 pairs of family carers and relatives with dementia, from 1996 to 2000. In 180 pairs the relative moved into long-term care. Nearly half of those 180 carers were then at risk of clinical depression. The effects were strongest in husbands and wives: almost half of spouses visited every day and still helped with their partner's physical care.

We should offer the partner who stays at home their own conversation about how they are managing. That is a judgement. Only a few small trials have looked at support after a move. They did not show clear effects on depression or strain, and the evidence is of very low quality.

You can ask: who will check how I am managing?",829,G168.png,"Drawn illustration of an older man with grey hair and glasses at a kitchen table with a notepad and a mug, a walking stick on his chair. Text: when your partner moves into a care home, ask who will check how I am managing, how fees treat our home and income, and whether any pension can stay. US carers were as depressed after the move as before.","Sources: https://doi.org/10.1001/jama.292.8.961 (Schulz et al., JAMA 2004), https://doi.org/10.11124/JBISRIR-2017-003634 (review of support after placement)"
G169,C17,public,"Small detail, real effect","Check on older neighbours who live alone when the weather turns hot.

In the 1995 Chicago heatwave, people with medical problems who were confined to bed were the most likely to die. So were people who did not leave home each day. Living on the top floor and living alone were also linked with higher risk. Friends nearby, working air conditioning and access to transport were linked with lower risk.

In France in 2003, a study looked at people aged 65 and over living at home. Being unable to get about, poor insulation and sleeping on the top floor right under the roof were linked with dying. Dressing lightly and using ways to cool down were linked with surviving.

These studies compared people who died with others who lived, so they show links only. Our judgement from them: check every day on older neighbours who live alone when it is hot.",849,G169.png,"Drawing of a room with an older woman in a light top sitting in an armchair by a window, and a man standing at the left holding a glass. Six numbered keys: top floor, living alone, not leaving home or confined to bed raised heatwave risk; air conditioning, friends and a way out, light clothing lowered it. Links, not proof.","Sources: https://pubmed.ncbi.nlm.nih.gov/8649494/ (Chicago 1995, NEJM 1996), https://pubmed.ncbi.nlm.nih.gov/17028103/ (France 2003, Eur J Public Health 2006)"
G170,C17,practitioners,Care that works,"All 14 UK studies of welfare rights advice offered in GP surgeries and other health settings reported improved financial security for the people who used it. Welfare rights advice is help to claim the benefits a person is entitled to.

That is from a 2022 review of studies from 2010 to 2020. Some also reported better mental health, and some people said their physical health improved. Eight of the 14 studies were case studies, and the review rated their quality as generally poor. The money gain is not firmly established, and the health effects are not yet measured well.

A second 2022 review of 15 articles on UK free advice services found advice often linked with better mental health and wellbeing. Both reviews covered all ages, not only older people.

Health services that see older people on low incomes should offer a route to this advice. That is a judgement.",872,G170.png,"Two-column card on welfare advice in UK health settings, a 2022 review of studies from 2010 to 2020, all ages. Left: reported in all 14 studies, improved financial security. Right, dashed: not yet measured well; better mental health reported by some, physical health mostly self-reported. Quality was poor; a gap is not evidence of no benefit.","Sources: https://pubmed.ncbi.nlm.nih.gov/35123370/ (Reece et al., Soc Sci Med 2022), https://pubmed.ncbi.nlm.nih.gov/35307896/ (Young and Bates, Health Soc Care Community 2022)"
G171,C17,practitioners,Teaching round,"About 1 in 4 people aged 75 to 85 had been sexually active with a partner in the past year, in a US national survey of people aged 57 to 85 (interviewed 2005 to 2006). Among all the sexually active people in the survey (aged 57 to 85), about half had a sexual problem that bothered them.

In the same survey, only about 4 in 10 men and 1 in 5 women had talked about sex with a doctor since turning 50.

Sexual side effects are common with some antidepressants, such as sertraline, citalopram and venlafaxine, and people tend not to mention them unless asked. The antidepressant data are not specific to older adults.

We should ask older patients about sex and intimacy, especially when starting or reviewing medicines. Try: ""Has anything changed with sex or intimacy since you started this medicine?""",801,G171_1.png | G171_2.png,"Bar chart from a US survey of people aged 57 to 85, with headline that about 1 in 4 people aged 75 to 85 were sexually active with a partner in the past year. Talked about sex with a doctor since turning 50: men 38 in 100, women 22 in 100. Self-reported. || Question card: ask, has anything changed with sex or intimacy since you started this medicine? Some antidepressants cause sexual side effects. Blood pressure trial, men 45 to 69, 2 years: new erection problems 17 in 100 on chlorthalidone, 8 in 100 on placebo; other four not clearly different.","Sources: https://doi.org/10.1056/NEJMoa067423 (Lindau et al., NEJM 2007), https://doi.org/10.1007/s10508-014-0465-1 (ELSA, 2016), https://doi.org/10.1097/JCP.0b013e3181a5233f (antidepressants), https://doi.org/10.1161/01.hyp.29.1.8 (blood pressure tablets)"
G172,C18,practitioners,Reading the evidence,"A 1999 study is widely cited as evidence that caring for a spouse harms health. The detail supports a narrower reading.

In 392 US spouse carers and 427 non-carers aged 66 to 96, 103 of the 819 people (12.6%) died within 4 years. The higher death rate was seen only in carers who reported mental or emotional strain (adjusted relative risk 1.63, 95% confidence interval 1.00 to 2.65, so borderline). Carers without strain showed no clear difference from non-carers.

Five later population studies found carers as a whole lived as long as, or longer than, non-carers. That does not show caring protects health. In cross-sectional studies, carers also report more depression and anxiety.

Ask each carer directly about strain, and offer support first to those who report it.",772,G172.png,"Interval chart of relative risk of death over about 4 years in US spouse carers aged 66 to 96, with non-carers at 1.0. Carers with no strain: 1.08, range 0.61 to 1.90, no clear difference. Carers with strain: 1.63, range 1.00 to 2.65, higher but borderline. Observational; later studies found carers overall lived as long or longer.","Sources: Schulz and Beach, JAMA 1999 https://doi.org/10.1001/jama.282.23.2215 ; Roth et al., Gerontologist 2015 https://doi.org/10.1093/geront/gnu177 ; Janson et al., Int J Environ Res Public Health 2022 https://doi.org/10.3390/ijerph19105864"
G173,C18,both,Reading the evidence,"A review of trials by the Cochrane group found only four trials of respite care for people with dementia and their carers, with 753 people in all. Respite means a planned break for the person giving the care.

The evidence was rated very low quality. The trials were too different to combine. The review found no clear difference between respite and no respite on any measure for carers. The review authors say this may reflect a lack of good research rather than a lack of benefit. Our judgement, not a finding: we should not withhold breaks because the trials are weak.

Research on carers' experiences suggests a break feels like a real rest when the carer believes the person they care for is benefiting too. After a break, ask yourself two questions: did I get a rest, and did they have a good time?",804,G173.png,"Question card headed: after a break, ask two questions. Did you get a rest? Did they have a good time? Respite means a planned break for the person giving the care. A Cochrane review found 4 trials with 753 people, very low quality evidence and no clear benefit or harm; the authors say this may reflect a lack of good research.","Sources: Maayan et al., Cochrane 2014 https://doi.org/10.1002/14651858.CD004396.pub3 ; O'Shea et al., Dementia 2019 https://doi.org/10.1177/1471301217715325 ; Liu et al., Gerontologist 2026 https://doi.org/10.1093/geront/gnag174"
G174,C18,both,What gets counted,"Carers who had a coping programme had fewer symptoms of anxiety and depression over six years. The programme did not show a clear difference in when the person with dementia moved into a care home.

This was a UK trial of 260 family carers of people with dementia. They were chosen by chance to have an eight-session coping programme (START) or usual care. The average difference in anxiety and depression was modest. The range of results for the care home move was wide, so this is not evidence that the programme has no effect on it.

A separate US trial included 406 spouse carers of people with Alzheimer disease. Counselling and support was linked with a later nursing home move for the person with the disease. A statistical estimate put the typical delay at about 18 months.

The two trials differ in people, era and design, so they should not be ranked against each other. Our judgement, not a finding: we should judge carer support first by the carer's own health and quality of life.",993,G174_1.png | G174_2.png | G174_3.png,"Statement card on dark teal: should carer support be judged by a later care home move? Two trials of programmes for family carers of people with dementia. || Two-column comparison. UK START trial, 260 carers, 8 coping sessions: carers' anxiety and depression lower over 6 years, a modest difference; no clear difference in time to care home move. US trial, 406 spouse carers: later nursing home move, about 18 months by model estimate. Not a head-to-head comparison. || Statement card marked as our judgement: we should judge carer support first by the carer's own health. A later care home move is not automatically a better outcome, and an earlier one is not automatically a failure.","Sources: Livingston et al., START 6-year follow-up, Br J Psychiatry 2020 https://doi.org/10.1192/bjp.2019.160 ; Mittelman et al., Neurology 2006 https://doi.org/10.1212/01.wnl.0000242727.81172.91"
G175,C18,public,Reading the evidence,"In a US study of 217 family carers of people with dementia, 72 in 100 said the person's death was a relief to them.

This followed long, demanding care: half had spent at least 46 hours a week helping with daily activities in the year before the death. On average, carers' depressive symptoms (low mood and loss of interest) fell within three months of the death.

The researchers concluded that support was needed most before the death. The carers took part in a US trial and reported their own feelings, so the figures may not describe every carer.

Our judgement, not a finding: feeling relief and grief together is understandable. If you are caring now, ask your council or a local carers' centre what support they can offer.",729,G175.png,"Icon array of 100 people, 72 filled and 28 outlined. In a US study of 217 family carers of people with dementia, 72 in 100 said the death was a relief to them. Half had spent at least 46 hours a week helping with daily activities in the year before the death. Depressive symptoms fell within 3 months on average.","Source: Schulz et al., N Engl J Med 2003 https://doi.org/10.1056/NEJMsa035373"
G176,C18,practitioners,Care that works,"A family member who will give the care after discharge needs a handover of their own.

A review pooled 15 randomised study reports (13 distinct trial populations) in older adults discharged to the community. Discharge plans that included family carers were linked with about a quarter fewer readmissions than in comparison groups over the next 3 to 6 months (a relative reduction; the review gives no actual readmission rates). The programmes had several parts, so the carer element is hard to separate out, and trial quality was often unclear.

Of the 15 studies, 13 linked carers to community services and 9 gave a written care plan. Seven used teach-back (the carer shows the task back) and five used demonstration. The review could not say which part works best. We should also ask what the carer is willing and able to do.",827,G176.png,"Illustration, not a real case. A hospital discharge bay: an older man seated beside his walking frame, a nurse kneeling to show the daughter how to help him, and the daughter holding a folder. Five numbered steps for a carer handover. Discharge plans that included carers: about a quarter fewer readmissions at 3 to 6 months.","Source: Rodakowski et al., J Am Geriatr Soc 2017 https://doi.org/10.1111/jgs.14873"
G177,C18,both,Who gets left out,"Home care workers are paid carers who visit people at home. A New York City study used focus groups and peer interviews. The researchers concluded that employers and society underestimate home care workers' grief when a client dies, particularly the loss of the work with that client.

In England, 29 home care workers and 13 managers were interviewed about caring for people with dementia at the end of life. Workers said a client's death could leave them drained and under-prepared. What helped: support from experienced colleagues, managers acknowledging their feelings, and for some, time off or encouragement to attend the funeral.

These were interview studies, not tests of support schemes, and the finding about loss of work comes from New York only. Our judgement, not a finding: we should tell care workers promptly and personally when a client dies. Relatives can tell them too, and invite them to the funeral if they wish.",934,G177.png,"Four-panel illustration, not a real case. A home care worker outside a client's door; tired in her car; in an agency office with a colleague and a manager who says sorry; walking with the client's relative to a funeral gathering. Studies: grief underestimated by employers; colleagues and managers helped.","Sources: Tsui et al., Qual Health Res 2019 https://doi.org/10.1177/1049732318800461 ; Yeh et al., Int J Geriatr Psychiatry 2019 https://doi.org/10.1002/gps.5027"
G178,C18,practitioners,Teaching round,"We should always listen to a carer. Listening does not require sharing anything about the patient.

An Irish survey of 159 carers of people with mental illness found that over half had struggled to get information from the care team. Lack of the patient's consent was one of the two commonest reasons they were given; the other was that no team member was available. This was mental health care and the carers were recruited through a support group, so it may not describe the care of older people.

Follow your regulator's guidance and local policy. If the patient is unable to decide, follow your capacity and best-interests procedures.

We should hear what the carer has noticed. We should say what we can't share and why. We should ask the patient whom they are happy for information to go to, and record the answer where the next clinician will find it.",858,G178.png,"Four-step flow. 1 Listen to what the carer has noticed. 2 Say what you can't share, and why. 3 Ask the patient whom they are happy for information to go to. 4 Record the answer where the next clinician will find it. If the patient can't decide, follow capacity procedures. A practice judgement, not legal advice.","Source: Wilson et al., Ir J Med Sci 2015 https://doi.org/10.1007/s11845-014-1172-6"
G179,C18,public,Ask this,"A one-page plan can tell others what the person you care for needs if you are suddenly taken ill.

You can write it in advance and give a copy to each person named on it. It can cover their name and main needs, their medicines and where they are kept, and who to call first and second. It can also cover keys and how to get in, their daily routine, and their GP and pharmacy.

This is practical advice rather than a research finding. A 2026 search of the main medical research database found no study that tests whether having a plan changes what happens. The lack of a study leaves open whether plans help. Ask your council or a local carers' centre whether they can help you write one.",687,G179.png,"Checklist card: a one-page plan for if you are suddenly ill. Six things to put on it: their name and main needs; their medicines and where they are kept; who to call first and second; keys and how to get in; their daily routine; their GP and pharmacy. Give a copy to each person named. Practical advice, not a research finding.","Sources: none, because this is practical advice rather than a research finding. For help writing a plan, ask your council or a local carers' centre."
G180,C19,practitioners,Teaching round,"The longer a doctor had known a dying patient, the less accurate the doctor's estimate of survival tended to be, in one US study.

In Chicago, 343 doctors estimated survival for 468 people referred to hospice. Median survival was 24 days. About 20 in 100 estimates were within a third of the true time. 63 in 100 were too optimistic and 17 in 100 too pessimistic.

A review of 42 studies found clinicians' survival predictions in palliative care were often inaccurate, and no professional group was consistently better.

Our suggestion: give a range, say which signs would shorten the survival time, and ask a colleague when you know the patient well.",651,G180_1.png | G180_2.png,"Bar chart: of 468 people referred to hospice in Chicago, doctors' survival estimates were accurate (within a third of actual time) for 20 in 100, too optimistic for 63 in 100 and too pessimistic for 17 in 100. Median survival was 24 days. || Checklist card headed 'Our suggestion: three habits when estimating survival', marked as a judgement not a tested remedy: give a range, say what would shorten it, ask a colleague's view. Notes that accuracy tended to fall the longer the doctor knew the patient (association, one study).","Sources: Christakis and Lamont, BMJ 2000 https://doi.org/10.1136/bmj.320.7233.469 ; White et al., PLoS One 2016 https://doi.org/10.1371/journal.pone.0161407"
G181,C19,both,Weighing it up,"Five minutes of air from a hand-held fan on the face eased breathlessness more than the same fan on the legs. This was a small UK trial of 50 people with advanced illness. The effect shown was short-term.

A second trial involved 239 people with serious illness whose blood oxygen was not low. Oxygen through nasal tubes eased breathlessness no more than room air through the same tubes. Both groups, on oxygen and on room air, said their morning breathlessness eased slightly. That could reflect air flow, expectation or the illness changing on its own.

Our suggestion: try a fan first. If oxygen is tried, ask the care team how they will tell whether it is helping.",668,G181.png,"Two-column comparison. Fan trial, 50 people with advanced illness: a fan on the face for 5 minutes eased breathlessness more than a fan on the legs. Oxygen trial, 239 people whose blood oxygen was not low, 7 days: oxygen eased breathlessness no more than room air; both fell slightly (-0.9 and -0.7 on a 0 to 10 scale). People with low oxygen were not included.","Sources: Galbraith et al., J Pain Symptom Manage 2010 https://doi.org/10.1016/j.jpainsymman.2009.09.024 ; Abernethy et al., Lancet 2010 https://doi.org/10.1016/S0140-6736(10)61115-4 ; Campbell et al., J Pain Symptom Manage 2013 https://doi.org/10.1016/j.jpainsymman.2012.02.012"
G182,C19,public,Ask this,"About 86 in 100 people with advanced dementia (the late stage) developed an eating problem within 18 months, in a US care home study.

The study followed 323 residents for 18 months. About 53 in 100 had a fever. About 41 in 100 had pneumonia. About 55 in 100 died within the 18 months.

Among residents who died, about 4 in 10 had a hospital transfer, emergency visit, drip or tube feeding in their last 3 months. Those whose health care proxy (the person who decides for the resident) understood the likely course were much less likely to have these. That is a link. It does not show that explaining the course caused the difference.

You can ask the care team what the later stages usually bring. You can ask whether hospital would help, and what will be done for comfort either way.",785,G182.png,"Question card on dementia: in a US study of 323 care home residents with advanced dementia over 18 months, about 86 in 100 had an eating problem, 53 in 100 fever, 41 in 100 pneumonia and 55 in 100 died. US care homes only. Three questions to ask the care team: what usually happens, would hospital help, what will be done for comfort.","Source: Mitchell et al., N Engl J Med 2009 https://doi.org/10.1056/NEJMoa0902234"
G183,C19,both,What gets counted,"A review of 61 UK studies found that many people's wishes about where to die were not asked, not expressed or not recorded.

Among the wishes that were recorded, most chose home. Counting the missing wishes as well, it is not known what share of people prefer home. The place where people were asked was also linked with the answer they gave.

A separate, larger review of 210 studies from 33 countries also found that home was the most common stated choice. In 9 better-quality studies of patients, leaving out outliers, the share who preferred home ranged from about 3 in 10 to nearly 9 in 10. In 10 studies, mostly of lower quality, about 1 in 5 patients changed their preference as illness progressed, and about 4 in 5 did not. The studies did not check whether this could be chance.

We should ask each person, write down the answer and the reasons, and ask again.",869,G183.png,"Illustrative three-panel strip headed 'Ask. Record. Review.' A community nurse and an older man talk at a kitchen table over tea: she asks where he would like to be cared for, writes down his answer and reasons, then asks again later as things change. Text notes many preferences were not asked or recorded in 61 UK studies; about 1 in 5 patients changed preference.","Sources: Hoare et al., PLoS One 2015 https://doi.org/10.1371/journal.pone.0142723 ; Gomes et al., BMC Palliat Care 2013 https://doi.org/10.1186/1472-684X-12-7"
G184,C19,public,"Small detail, real effect","The rattling breathing that can come in the last days of life is thought to be saliva and mucus. They collect in the throat when a person can no longer cough up or swallow them. That is the presumed cause. It has not been shown directly.

A 2025 review of 14 studies found general agreement that the sound does not distress the dying person. Only 2 of the studies looked at patients, so this has not been measured well. In interview studies, many relatives were upset by it, especially when they thought the person was choking or drowning. Others were not. Some see it as a sign that death is close.

Changing the person's position is one of the usual ways to manage it. A 2008 review of trials found no evidence that it, or any medicine, reduces the sound once it has started. Relatives need time and explanation.

If you hear it, ask the nurse to explain what it is.",868,G184.png,"Bedside scene: an older man lies in a hospital bed, a woman sits beside him and a nurse stands at the bedside. Three numbered markers explain noisy breathing near death: saliva collects in the throat, changing position is one usual way to manage the sound, and ask the nurse to explain. Studies generally find it does not distress the person; few looked at patients.","Sources: Wee et al., Palliat Med 2006 https://doi.org/10.1191/0269216306pm1138oa ; Wee and Hillier, Cochrane 2008 https://doi.org/10.1002/14651858.CD005177.pub2 ; van Esch et al., JAMA 2021 https://doi.org/10.1001/jama.2021.14785 ; Fagan et al., 2025 https://doi.org/10.1177/10499091251382508"
G185,C19,both,Who gets left out,"Family carers of people who died of cancer in England reported caring for a median of about 69 and a half hours a week. This covers the last 3 months of life. Half reported more and half less.

The figure comes from a national survey of 1,504 bereaved relatives who had registered a cancer death. 28.5% of those sent the survey replied. It covered deaths registered in two weeks of May 2015. Over 9 in 10 reported giving care. Those who gave details of money spent reported a median of £370 over the 3 months.

The survey covers cancer only and relies on carers' own reports. It is not clear whether the hours include time on call. The authors note that carers' contributions are often overlooked in evaluations.

We think a plan for dying at home should ask three things. What hours can the main carer give? What is it costing them? Who covers the rest?",854,G185.png,"Bar drawn to scale: a week of 168 hours split into seven days, with the first 69 and a half hours shaded. Carers of people who died of cancer in England in 2015 reported a median of 69 h 30 min of care a week; over 9 in 10 gave care. For scale only. Self-reported by 1,504 bereaved relatives (28.5% replied).","Source: Rowland et al., Palliat Med 2017 https://doi.org/10.1177/0269216317690479"
G186,C19,practitioners,Teaching round,"When a person with Parkinson's can no longer swallow, 'stop all oral medicines' on the chart stops their Parkinson's medicines too.

Sudden withdrawal can bring severe stiffness, pain and anxiety and, rarely, a dangerous reaction with high fever. Experts differ on whether to taper the medicines off near the end of life, so decide deliberately whether to stop them: ask what is making the person uncomfortable.

A rotigotine skin patch is the most widely used non-oral option, but no trials show it works at the end of life. Converting from levodopa to the patch dose is approximate, and too high a dose is linked with confusion, hallucinations and agitation. Agree the dose with pharmacy or the Parkinson's team.

A 2025 practice review lists metoclopramide and haloperidol among medicines contraindicated in Parkinson's. It gives the list in its section on surgery, so it does not say whether the list applies in the last days of life. Check every anti-sickness, calming and sedative medicine on the chart against its dopamine-blocking effect, and ask pharmacy or the Parkinson's team.",1088,G186.png,"Four-step flow for Parkinson's when a person can no longer swallow: 1 can no longer swallow; 2 ask what is causing discomfort, stopping medicines suddenly can bring severe stiffness, decide on purpose; 3 if a non-oral route is chosen a rotigotine patch is most used, no trials, high dose linked with confusion; 4 check the chart for contraindicated drugs. Doses approximate.","Sources: Beckers et al., J Parkinsons Dis 2025 https://doi.org/10.1177/1877718X251356896 ; Hewer et al., J Pain Symptom Manage 2024 https://doi.org/10.1016/j.jpainsymman.2023.10.002 ; Kim et al., J Palliat Med 2023 https://doi.org/10.1089/jpm.2022.0193"
G187,C19,practitioners,Reading the evidence,"Most people flagged by the surprise question were still alive 6 to 18 months later, in pooled data from 16 studies.

The question is: 'Would I be surprised if this patient died in the next 12 months?' Across 11,621 patients, about 67 in 100 of those who died within 6 to 18 months had been flagged by the question. Of the people it flagged, about 37 in 100 died in that window. That second figure depends on how many in the group die, so it varies by setting.

It worked less well in illnesses other than cancer, and most studies had a moderate to high risk of bias. The authors judged it a poor to modest predictor.

Our view: use it to start conversations about future care. A flag gives no date and is no reason to limit treatment.",734,G187.png,"Two 10 by 10 person grids. Of 100 people flagged by the surprise question, 37 died within the window (solid) and 63 did not (outline). Of 100 people who died, 67 had been flagged and 33 had not. Pooled from 16 studies and 11,621 patients, death within 6 to 18 months. A prompt for conversation, not a forecast.","Source: Downar et al., CMAJ 2017 https://doi.org/10.1503/cmaj.160775"
G188,C19,public,Care that works,"Grief that stays intense and disabling has a name: prolonged grief disorder. Combining studies suggests roughly 1 in 10 adults bereaved by a non-violent death develop it. Studies with older participants on average found higher rates. The studies differed from each other, so the figure is approximate.

A grief-focused therapy has been tested in older adults. A US trial included 151 people aged 50 and over with long-lasting intense grief (the trial called it complicated grief). After 20 weeks, about 7 in 10 improved with grief-focused therapy. About 3 in 10 improved with interpersonal psychotherapy, a talking therapy used for depression. The trial compared two treatments, so it does not show how either compares with no treatment.

If your grief is not easing, you can tell your GP and ask what help is available.",820,G188.png,"Illustration of a quiet conversation: an older bearded man holding a mug sits in an armchair opposite a woman counsellor with a closed notepad, in a room with a window and plant. Text: prolonged grief disorder affects roughly 1 in 10 bereaved adults; a US trial of people 50 and over found grief-focused therapy helped about 7 in 10 against about 3 in 10.","Sources: Lundorff et al., J Affect Disord 2017 https://doi.org/10.1016/j.jad.2017.01.030 ; Shear et al., JAMA Psychiatry 2014 https://doi.org/10.1001/jamapsychiatry.2014.1242"
G189,C19,both,Who gets left out,"In high-income countries, people from the most deprived neighbourhoods were more likely to die in hospital than at home. The comparison was with people from the least deprived neighbourhoods.

They were also more likely to have hospital care in their last 3 months. They were less likely to get specialist palliative care. That is care from a team that focuses on symptom relief and support in serious illness. The more deprived the area, the more likely a death in hospital rather than at home, and the less likely specialist palliative care.

This comes from a review that combined 112 studies that watched what happened without assigning treatments, just over half from North America. The differences were modest. The studies do not show why they occur.

A planned hospital death can be right for a person. The concern is unequal access to specialist support. We should report end-of-life care by deprivation.",912,G189.png,"Diagram of five steps rising from least deprived fifth to most deprived fifth, not to scale. Arrows show that the poorer the neighbourhood, the more likely a hospital death rather than a home death, and the less likely specialist palliative care; hospital care in the last 3 months is a most-versus-least comparison. Review of 112 observational studies.","Source: Davies et al., PLoS Med 2019 https://doi.org/10.1371/journal.pmed.1002782"
G190,C19,public,Ask this,"Palliative care can be given alongside treatment for the illness itself, as it was in a US lung cancer trial. It is care that focuses on symptoms, support and planning ahead.

A US trial randomly assigned 151 people with newly diagnosed advanced lung cancer to palliative care alongside cancer treatment, or cancer treatment alone. 107 people completed the 12-week assessments. Their quality of life was better with palliative care. Fewer had depressive symptoms: 16 in 100, compared with 38 in 100. This was one small trial, in lung cancer. It does not show the same benefit in other illnesses.

In Canadian interviews with 48 people with advanced cancer and 23 carers, many first thought palliative care meant death and hopelessness. Those who received early palliative care described 'ongoing care' that improved their 'quality of living'. They still felt the term carried a stigma (a sense of shame or disapproval).

If it is suggested to you, ask whether it would be given alongside your current treatment.",1011,G190.png,"Concept diagram: two parallel arrows of equal length, treatment aimed at the illness and palliative care (symptoms, support, planning ahead), both running from diagnosis to later in the illness along a time axis. Box: in a lung cancer trial, among 107 assessed, depressive symptoms 16 in 100 versus 38 in 100.","Sources: Temel et al., N Engl J Med 2010 https://doi.org/10.1056/NEJMoa1000678 ; Zimmermann et al., CMAJ 2016 https://doi.org/10.1503/cmaj.151171"
G191,C19,public,Reading the evidence,"On three US television programmes from 1994 to 1995, about 2 in 3 people given CPR appeared to survive to leave hospital. The programmes were ER, Chicago Hope and Rescue 911. CPR (cardiopulmonary resuscitation) means pressing on the chest, sometimes with shocks and breaths, to try to restart a heart that has stopped.

UK audit data covered 22,628 adults in 144 hospitals. Fewer than 1 in 5 adults given CPR by the hospital team survived to leave hospital (18.4%). For the most common kind of heart stop (a rhythm that is not treated with a shock), about 1 in 10 did. The figures cover adults of all ages and varied between hospitals. The TV patients were mostly young people with injuries.

This post takes no side on whether to have CPR. You can ask your doctor what CPR is likely to achieve for you, or for the person you care for.",835,G191.png,"Two 10 by 10 person grids: on US television in the 1990s, 67 in 100 given CPR appeared to survive to leave hospital; in UK hospital audit data, 18 in 100 did. About 1 in 10 for the most common kind of heart stop. The figures are not like for like and not a prediction for any one person.","Sources: Diem et al., N Engl J Med 1996 https://doi.org/10.1056/NEJM199606133342406 ; Nolan et al., Resuscitation 2014 https://doi.org/10.1016/j.resuscitation.2014.04.002 ; Portanova et al., Resuscitation 2015 https://doi.org/10.1016/j.resuscitation.2015.08.002"
G192,C20,both,Reading the evidence,"People with more positive views of their own ageing lived 7.5 years longer, on average. That figure comes from one US study of 660 people aged 50 and over, whose views were measured once, up to 23 years before the follow-up ended.

The 7.5 years remained after adjusting for age, sex, socioeconomic status (money and background), loneliness and how well people could manage daily tasks. This is a link, which does not show cause. People who were already in poorer health, in ways the study did not measure, may have viewed ageing more negatively. A study of this kind has no way to rule that out.

When the results of 19 studies that followed people for years were combined, the link with later health and survival was small, and weaker where follow-up was longer. That analysis did not express the link as years of life.

We should oppose ageist treatment because it is unfair, whatever the survival figure.",908,G192.png,"Statement card: in one US study of 660 people aged 50 and over in Ohio, people with more positive views of ageing lived 7.5 years longer. Three notes: one study; a link, not a cause; 19 studies pooled show a small link, weaker with longer follow-up.",Sources: https://doi.org/10.1037//0022-3514.83.2.261 https://doi.org/10.1037/a0038016
G193,C20,practitioners,Care that works,"In ADJUST-PE, 673 people aged 75 or over had suspected pulmonary embolism and a clinical score that was not high. A fixed D-dimer cut-off of 500 µg/L ruled out a clot without a scan in about 6 in 100 of the 673. A cut-off of age × 10 µg/L did so in about 30 in 100 of the 673, with no extra missed clots found among those 673 people.

ADJUST-PE was a European study of 3346 emergency outpatients. The age-adjusted cut-off applied from age 50, and only after a clinical probability score (simplified revised Geneva or two-level Wells).

People with a D-dimer between 500 µg/L and their age-based limit were followed for 3 months without a scan or treatment. In the whole study (age 50 or over), 1 of 331 people in that group had a clot within 3 months (0.3%). The true rate could be as high as 1.7%.

It was a management study with no randomised comparison. Check your laboratory's assay and units.",897,G193.png,"Bar chart of 673 people aged 75 or over with suspected pulmonary embolism and a clinical score not high. D-dimer alone ruled out a clot in 43 (6.4%) with the fixed 500 cut-off and 200 (29.7%) with the age-adjusted cut-off. Of 331 untreated people in the wider study, 1 had a clot within 3 months.",Source: https://doi.org/10.1001/jama.2014.2135
G194,C20,public,Ask this,"If a doctor does not offer you a treatment, you can ask: what would you advise if I were 20 years younger, and why?

Different advice can be fair when a benefit takes years to arrive and the person may not live long enough to receive it. Take cancer screening, which means tests in people with no symptoms. When the results of trials of breast and bowel cancer screening were combined, about 10 years passed, on average, before 1 cancer death was prevented for every 1000 people screened. The researchers suggest screening is most appropriate for people expected to live more than 10 years. That is a reason about expected benefit, based on how long a person is expected to live.

This example applies to screening only.

We should expect doctors to give reasons about your health and what you want from treatment. If the only reason is your age, ask what the reasoning is.",873,G194.png,"Illustration of a consultation: an older man with grey hair and glasses, a walking stick beside him, sits facing a woman doctor, with two blank speech bubbles above. Text asks what you would advise if I were 20 years younger, then lists reasons about you versus only a number.",Source: https://doi.org/10.1136/bmj.e8441
G195,C20,practitioners,Teaching round,"Take five common conditions. If every published guideline were followed, one imagined 79-year-old woman would be prescribed 12 medicines plus a complicated non-drug regimen. The conditions were COPD, type 2 diabetes, osteoporosis, high blood pressure and osteoarthritis. This was a 2005 analysis, and most of the guidelines did not discuss how their advice applies to older people with several conditions.

A UK review found 133 potentially serious interactions between drugs recommended in the NICE type 2 diabetes guideline and drugs recommended in NICE guidelines for 11 other conditions. Few of these were flagged in the guideline. These are possible interactions between recommendations. The review looked at the recommendations, not at patients. Guidelines have been updated since.

When five NICE guidelines were applied to two imagined patients, the advice added up to a heavy treatment burden (a lot to take, do and attend), with no guidance on which to put first. We should review the whole plan against what the person most wants.",1041,G195.png,"Diagram: five single-condition guidelines (COPD, type 2 diabetes, osteoporosis, high blood pressure, osteoarthritis) feed one plan for an imagined 79-year-old woman, shown with 12 medicine bottles. A UK review found 133 potentially serious interactions with the NICE diabetes guideline drugs. Judgement: review the whole plan.",Sources: https://doi.org/10.1001/jama.294.6.716 https://doi.org/10.1136/bmj.h949 https://doi.org/10.1093/ageing/afs100
G196,C20,practitioners,Teaching round,"""Can you make a hot drink?"" has three possible answers: what the person says they can do, what they manage in a test, and what they actually do at home.

A 1998 paper called these three ""tenses"" of function. In US data from the MacArthur Studies of Successful Aging, what people said they could do and what they did at home showed ""a consistent pattern of discordance"", meaning the two did not match. The abstract gives no numbers.

In a US study of 5,888 older adults, self-reported difficulty with walking and strength agreed only moderately with measured tests, and one could not simply stand in for the other.

When a function score goes into a discharge letter or a trial report, we should say which of the three it records.",729,G196.png,"Three-panel illustrative strip of one imagined older man and one task, making a hot drink. Says: he tells a nurse he can do it. Test: he fills a kettle with a therapist watching. At home: he does it with no one watching. A function score can record any one of the three.",Sources: https://doi.org/10.1093/geront/38.1.101 https://doi.org/10.1186/s12877-023-04105-8
G197,C20,public,Care that works,"Adults aged 65 or over were more likely to recover in NHS talking therapy services in London than working-age adults. Talking therapy means a course of sessions with a trained worker.

The study used service records for 100,179 people treated for depression or anxiety. By the end of treatment, about 53 in 100 older adults had recovered, as the services measured it. For adults aged 18 to 64, it was about 41 in 100. Fewer older people dropped out: 18 in 100, against 32 in 100.

These figures are not adjusted, and older people started with milder symptoms. After allowing for that, older adults were still more likely to recover, but the gap was smaller. This post does not give a figure for the smaller gap. Older people who reach these services may differ from older people who never do.

The gap was larger for anxiety. For depression alone, older adults were still more likely to recover after allowing for how unwell people were at the start. The gap was no longer clear when each older person was compared with working-age adults who were similar in other ways.

Older people were few among those treated: fewer than 4 in 100 were 65 or over, although about 18 in 100 of the population are that age, a figure the authors cite. That comparison is rough.

If you are over 65 and feeling low or anxious, ask your GP about talking therapy.",1344,G197.png,"Two icon arrays of 100 people. Aged 65 or over: about 53 recovered, 18 dropped out. Aged 18 to 64: about 41 recovered, 32 dropped out. Eight London NHS talking therapy services, 2008 to 2019. Observational; older people started with milder symptoms and may be a selected group.",Source: https://doi.org/10.1016/j.jad.2021.06.084
G198,C20,practitioners,Who gets left out,"Of about 80 UK trials completed in 2015 to 2018 in conditions where impaired capacity is common, 15 allowed adults who lacked capacity to consent to take part. The search was not comprehensive.

In the Journal of the American Geriatrics Society in 2008 and 2009, at least 127 of 434 studies (29%) explicitly excluded people with cognitive impairment, and very few gave any justification.

The law in England and Wales already allows inclusion: drug trials with a legal representative's consent, other research with the advice of a consultee (someone who knows the person and says what they would want).

Judgement: unless the protocol gives a scientific reason, studies of conditions common in later life should include adults who lack capacity, with those safeguards. Exclusion without a stated reason is unfair to them.",821,G198_1.png | G198_2.png | G198_3.png,"Two findings: 15 of about 80 UK trials allowed adults who lacked capacity; at least 127 of 434 studies in one geriatrics journal excluded people with cognitive impairment, few with justification. || Judgement, not a finding. Default: exclude anyone lacking capacity to consent. Reversed: include, with legal safeguards, unless there is a scientific reason. || In England and Wales, drug trials can use a legal representative's consent under the 2004 Regulations; other research uses the Mental Capacity Act 2005 and a consultee. The INCLUDE framework is not yet evaluated.",Sources: https://doi.org/10.1111/j.1532-5415.2011.03847.x https://doi.org/10.1186/s13063-019-3603-1 https://doi.org/10.1186/s13063-024-07944-x
G199,C20,both,Who gets left out,"Two or more long-term conditions became common at ages 10 to 15 years younger in the most deprived areas of Scotland than in the most affluent. That comes from a cross-sectional study of 1.75 million people registered with 314 Scottish general practices in March 2007. It compares age groups at one point in time rather than following people.

It describes whole populations, so each person's course will differ. In the same study, slightly more people with two or more long-term conditions were under 65 (210,500) than 65 or over (194,996). The proportion was highest in older people.

This implies that a service or study that opens at a fixed age may reach people in deprived areas later in the course of their conditions.

Judgement: services and studies for older people should not rely on age alone to decide who is eligible. Eligibility based on need, such as help required with everyday tasks, fits the aim better.",922,G199.png,"Diagram, not to scale: in the most deprived areas of Scotland, two or more long-term conditions become common 10 to 15 years earlier than in the most affluent areas. A fixed starting age cuts across both lines. Implication: conditions have been common for longer. Judgement: use need, not age alone.",Source: https://doi.org/10.1016/S0140-6736(12)60240-2
G200,C20,public,What gets counted,"In a Newcastle study, the typical 85-year-old woman had 5 chronic diseases from a list of 18 that the researchers counted, and the typical man had 4. The counts drew on GP records and some tests done at a health assessment, for the 729 people with complete data.

Of the 832 who answered the rating question, about 3 in 4 (646) rated their health as good, very good or excellent compared with others their age.

The most common recorded conditions were high blood pressure (over half of people) and osteoarthritis (about half). About 6 in 10 had hearing loss on assessment.

A disease count reflects what was recorded and tested. A rating records how the person sees their own health. The authors point to a study that combined the results of many studies, which found that in people aged 75 or more, comparing yourself with others your age gives more optimistic ratings.

If an older relative has a long list of conditions, you can ask how they would rate their own health.",974,G200.png,"Comparison from the Newcastle 85+ Study, people born in 1921. Counted: a typical woman had 5 chronic diseases and a typical man 4. Rated their own health good, very good or excellent compared with others their age: 78 in 100 (646 of 832 who answered).",Source: https://doi.org/10.1136/bmj.b4904
